retailer,categoria,marca,modelo,precio_regular,precio_oferta,vendedor,vendedor_tercero,url
PlazaVea,Smartphones,MOTOROLA,"Smartphone MOTOROLA G17 6.8"" 4GB 128GB 50MP+5MP Arándano",699.0,449.0,Plaza Vea,True,https://www.plazavea.com.pe/smartphone-motorola-g17-6-8--4gb-128gb-50mp5mp-arandano-20571413/p
PlazaVea,Smartphones,MOTOROLA,"Smartphone MOTOROLA Edge 60 Fusion 6.8"" 8GB 256GB 50MP Slipstream",1099.0,999.0,Plaza Vea,True,https://www.plazavea.com.pe/smartphone-motorola-edge-60-fusion-6-8--8gb-256gb-50mp-slipstream/p
PlazaVea,Smartphones,HONOR,Smartphone HONOR X7D 8 Gb Ram 256 Gb Color Meteor Silver,949.0,749.0,Plaza Vea,True,https://www.plazavea.com.pe/smartphone-honor-x7d-8-gb-ram-256-gb-color-meteor-silver-20570184/p
PlazaVea,Smartphones,MOTOROLA,"Smartphone MOTOROLA G06 6.9"" 4GB 64GB 50MP Azul",479.0,349.0,Plaza Vea,True,https://www.plazavea.com.pe/smartphone-motorola-g06-6-9--4gb-64gb-50mp-azul-20567177/p
PlazaVea,Smartphones,MOTOROLA,"Smartphone MOTOROLA G06 6.9"" 4GB 128GB 50MP Azul",499.0,419.0,Plaza Vea,True,https://www.plazavea.com.pe/smartphone-motorola-g06-6-9--4gb-128gb-50mp-azul-20567176/p
PlazaVea,Smartphones,SAMSUNG,Smartphones SAMSUNG Galaxy A17 4GB 128GB Negro,749.0,699.0,Plaza Vea,True,https://www.plazavea.com.pe/smartphones-samsung-galaxy-a17-4gb-128gb-negro-20633090/p
PlazaVea,Smartphones,SAMSUNG,Smartphones SAMSUNG Galaxy A27 6GB 128GB Negro,1349.0,1099.0,Plaza Vea,True,https://www.plazavea.com.pe/smartphones-samsung-galaxy-a27-6gb-128gb-negro-20633092/p
PlazaVea,Smartphones,MOTOROLA,"Smartphone MOTOROLA G77 6.8"" 8GB 256GB 108MP+8MP Negro",999.0,849.0,Plaza Vea,True,https://www.plazavea.com.pe/smartphone-motorola-g77-68-8gb-256gb-108mp-8mp-negro-20571418/p
PlazaVea,Smartphones,XIAOMI,"Smartphone XIAOMI Redmi Note 15 6.7"" 8GB 256GB 108MP+8MP Morado",949.0,899.0,Plaza Vea,True,https://www.plazavea.com.pe/smartphone-xiaomi-redmi-note-15-6-7--8gb-256gb-108mp8mp-morado-20570056/p
PlazaVea,Smartphones,XIAOMI,"Smartphone XIAOMI Redmi 15C 6.9"" 4GB 128GB 50MP Negro",569.0,429.0,Plaza Vea,True,https://www.plazavea.com.pe/smartphone-xiaomi-redmi-15c-6-9--4gb-128gb-50mp-negro/p
PlazaVea,Smartphones,SAMSUNG,"Smartphone SAMSUNG Galaxy S25 Ultra 6.9"" 12GB 256GB 200MP + 50MP + 50MP + 10MP Titanium Black",5199.0,3699.0,Plaza Vea,True,https://www.plazavea.com.pe/smartphone-samsung-galaxy-s25-ultra-6-9--12gb-256gb-200mp50mp50mp10mp-titanium-black/p
PlazaVea,Smartphones,MOTOROLA,"Smartphone MOTOROLA G47 6.78"" 4GB 128GB 50MP OIS + 8MP Wide + Flicker Gris",999.0,649.0,Plaza Vea,True,https://www.plazavea.com.pe/smartphone-motorola-g47-678-4gb-128gb-50mp-ois---8mp-wide---flicker-gris-20634573/p
PlazaVea,Smartphones,MOTOROLA,"Smartphone MOTOROLA Edge 70 Fusion 6.8"" 8GB 256GB 50MP+13MP Azul",1599.0,1419.0,Plaza Vea,True,https://www.plazavea.com.pe/smartphone-motorola-edge-70-fusion-6-8--8gb-256gb-50mp13mp-azul-20571425/p
PlazaVea,Smartphones,HONOR,"Smartphone HONOR X5C Plus 6.75"" 4GB 256GB 50M+Auxiliary Camera Midnight Black",569.0,459.0,Plaza Vea,True,https://www.plazavea.com.pe/smartphone-honor-x5c-plus-6-75--4gb-256gb-50mauxiliary-camera-midnight-black-20571416/p
PlazaVea,Smartphones,HONOR,"Smartphone HONOR X5C Plus 6.75"" 4GB 256GB 50M+Auxiliary Camera Meteor Silver",569.0,459.0,Plaza Vea,True,https://www.plazavea.com.pe/smartphone-honor-x5c-plus-6-75--4gb-256gb-50mauxiliary-camera-meteor-silver-20571420/p
PlazaVea,Smartphones,SAMSUNG,"Smartphone SAMSUNG Galaxy S26 Ultra 6.9"" 12GB 512GB 200MP Black",6899.0,4699.0,Plaza Vea,True,https://www.plazavea.com.pe/smartphone-samsung-galaxy-s26-ultra-6-9--12gb-512gb-200mp-black-20571559/p
PlazaVea,Smartphones,XIAOMI,Celular Redmi Note 15 Pro Titanium Color 8G RAM 256G ROM,1299.0,1249.0,oechsle,True,https://www.plazavea.com.pe/celular-redmi-note-15-pro-titanium-color-8g-ram-256g-rom-101908972/p
PlazaVea,Smartphones,MOTOROLA,Celular Motorola Moto G06 4 + 256Gb Azul,599.0,499.0,oechsle,True,https://www.plazavea.com.pe/celular-motorola-moto-g06-4---256gb-azul-101887740/p
PlazaVea,Smartphones,XIAOMI,"Smartphone XIAOMI Redmi Note 15 PRO 6.7"" 8GB 256GB 200MP+8MP Negro",1299.0,1199.0,Plaza Vea,True,https://www.plazavea.com.pe/smartphone-xiaomi-redmi-note-15-pro-6-7--8gb-256gb-200mp8mp-negro-20570062/p
PlazaVea,Smartphones,APPLE,Iphone 17 Pro Max Silver 256GB,7400.0,5449.0,Plaza Vea,True,https://www.plazavea.com.pe/iphone-17-pro-max-silver-256gb-20568461/p
PlazaVea,Smartphones,APPLE,Iphone 17 Sage 256GB,5000.0,3549.0,Plaza Vea,True,https://www.plazavea.com.pe/iphone-17-sage-256gb-20568480/p
PlazaVea,Smartphones,APPLE,Iphone 17 Mist Blue 256GB,5000.0,3549.0,Plaza Vea,True,https://www.plazavea.com.pe/iphone-17-mist-blue-256gb-20568455/p
PlazaVea,Smartphones,SAMSUNG,"Smartphone SAMSUNG Galaxy A17 6.7"" 8GB 256GB 50.0 MP + 5.0 MP + 2.0 MP Negro",1049.0,899.0,Plaza Vea,True,https://www.plazavea.com.pe/smartphone-samsung-galaxy-a17-6-7--8gb-256gb-50-0-mp5-0-mp2-0-mp-negro/p
PlazaVea,Smartphones,XIAOMI,"Smartphone XIAOMI Redmi 15 6.9"" 8GB 256GB 50MP Gris",879.0,749.0,Plaza Vea,True,https://www.plazavea.com.pe/smartphone-xiaomi-redmi-15-6-9--8gb-256gb-50mp-gris/p
PlazaVea,Smartphones,XIAOMI,"Smartphone XIAOMI Redmi 15C 6.9"" 4GB 128GB 50MP Verde",569.0,429.0,Plaza Vea,True,https://www.plazavea.com.pe/smartphone-xiaomi-redmi-15c-6-9--4gb-128gb-50mp-verde/p
PlazaVea,Smartphones,APPLE,"iPhone 15 6.1"" 6GB 128GB Negro",4799.0,2649.0,Plaza Vea,True,https://www.plazavea.com.pe/iphone-15-6-1--6gb-128gb-negro/p
PlazaVea,Smartphones,SAMSUNG,Samsung Galaxy A57 5g 256Gb 8Gb Awesome Navy,2099.0,1569.0,Telcelperu,True,https://www.plazavea.com.pe/samsung-galaxy-a57-5g-256gb-8gb-awesome-navy-102077566/p
PlazaVea,Smartphones,SAMSUNG,"Smartphone SAMSUNG Galaxy A37 6.7"" 8GB 256GB 50 MP Gray",1799.0,1599.0,Plaza Vea,True,https://www.plazavea.com.pe/smartphone-samsung-galaxy-a37-67-8gb-256gb-50-mp-gray-20621949/p
PlazaVea,Smartphones,SAMSUNG,"Smartphone SAMSUNG Galaxy A37 6.7"" 8GB 256GB 50 MP Light Violet",1799.0,1599.0,Plaza Vea,True,https://www.plazavea.com.pe/smartphone-samsung-galaxy-a37-67-8gb-256gb-50-mp-light-violet-20621950/p
PlazaVea,Smartphones,HONOR,"Smartphone HONOR X5C C Plus 6.75"" 4GB 256GB 50M+Auxiliary Camera Ocean Cyan",569.0,459.0,Plaza Vea,True,https://www.plazavea.com.pe/smartphone-honor-x5c-c-plus-6-75--4gb-256gb-50mauxiliary-camera-ocean-cyan-20571419/p
PlazaVea,Smartphones,HONOR,"Smartphone HONOR Magic 8 Lite 6.78"" 8GB 512GB 108MP+5MP Dorado",1899.0,1599.0,Plaza Vea,True,https://www.plazavea.com.pe/smartphone-honor-magic-8-lite-6-78--8gb-512gb-108mp5mp-dorado-20570180/p
PlazaVea,Smartphones,HONOR,"Smartphone HONOR Magic 8 Lite 6.78"" 8GB 512GB 108MP+5MP Negro",1899.0,1599.0,Plaza Vea,True,https://www.plazavea.com.pe/smartphone-honor-magic-8-lite-6-78--8gb-512gb-108mp5mp-negro-20570185/p
PlazaVea,Smartphones,HONOR,"Smartphone HONOR Magic 8 LITE 6.78"" 8GB 512GB 108MP+5MP Verde",1899.0,1599.0,Plaza Vea,True,https://www.plazavea.com.pe/smartphone-honor-magic-8-lite-6-78--8gb-512gb-108mp5mp-verde-20570183/p
PlazaVea,Smartphones,APPLE,IPHONE 17 PRO 5G 256GB ESIM - SILVER,5900.0,4589.0,Marketcell,True,https://www.plazavea.com.pe/iphone-17-pro-5g-256gb-esim-silver-101883167/p
PlazaVea,Smartphones,XIAOMI,"Smartphone XIAOMI Redmi Note 15 PRO Plus 6.8"" 12GB 512GB 200MP+8MP Negro",1899.0,1799.0,Plaza Vea,True,https://www.plazavea.com.pe/smartphone-xiaomi-redmi-note-15-pro-plus-6-8--12gb-512gb-200mp8mp-negro-20570059/p
PlazaVea,Smartphones,XIAOMI,"Smartphone XIAOMI Redmi Note 15 6.7"" 8GB 256GB 108MP+8MP Negro",949.0,899.0,Plaza Vea,True,https://www.plazavea.com.pe/smartphone-xiaomi-redmi-note-15-6-7--8gb-256gb-108mp8mp-negro-20570055/p
PlazaVea,Smartphones,MOTOROLA,"Smartphone MOTOROLA G06 6.9"" 4GB 256GB 50MP Azul",499.0,479.0,Plaza Vea,True,https://www.plazavea.com.pe/smartphone-motorola-g06-6-9--4gb-256gb-50mp-azul-20567173/p
PlazaVea,Smartphones,APPLE,Iphone 17 Pro Max Dblue 256GB,7400.0,5449.0,Plaza Vea,True,https://www.plazavea.com.pe/iphone-17-pro-max-dblue-256gb-20568454/p
PlazaVea,Smartphones,XIAOMI,"Smartphone XIAOMI Redmi 15 6.9"" 8GB 256GB 50MP Negro",879.0,749.0,Plaza Vea,True,https://www.plazavea.com.pe/smartphone-xiaomi-redmi-15-6-9--8gb-256gb-50mp-negro/p
PlazaVea,Smartphones,SAMSUNG,"Smartphone SAMSUNG Galaxy S24 FE 6.7"" 8GB 128GB 50MP + 12MP + 8MP Negro",2199.0,1899.0,Plaza Vea,True,https://www.plazavea.com.pe/smartphone-samsung-galaxy-s24-fe-6-7--8gb-128gb-50mp12mp8mp-negro-20472497/p
PlazaVea,Smartphones,SAMSUNG,"Smartphone SAMSUNG Galaxy A16 6.7"" 4GB 128GB 50MP + 5MP + 2MP Negro",799.0,599.0,Plaza Vea,True,https://www.plazavea.com.pe/smartphone-samsung-galaxy-a16-6-7--4gb-128gb-50mp5mp2mp-negro/p
PlazaVea,Smartphones,APPLE,iPhone 16 128GB Rosado,4999.0,3349.0,Plaza Vea,True,https://www.plazavea.com.pe/iphone-16-6-1--8gb-128gb-rosado/p
PlazaVea,Smartphones,APPLE,iPhone 15 128GB Negro,4199.0,2999.0,oechsle,True,https://www.plazavea.com.pe/apple-iphone-15-6-1--128gb-negro-100870766/p
PlazaVea,Smartphones,APPLE,iPhone 17E Negro 256GB,3199.0,2849.0,Plaza Vea,True,https://www.plazavea.com.pe/iphone-17e-negro-256gb-20634510/p
PlazaVea,Smartphones,HONOR,"Smartphone HONOR X5D 6.74"" 4GB 128GB 50MP Silver",629.0,449.0,Plaza Vea,True,https://www.plazavea.com.pe/smartphone-honor-x5d-6-74--4gb-128gb-50mp-silver-20634111/p
PlazaVea,Smartphones,HONOR,"Smartphone HONOR X5D 6.74"" 4GB 128GB 50MP Negro",629.0,449.0,Plaza Vea,True,https://www.plazavea.com.pe/smartphone-honor-x5d-6-74--4gb-128gb-50mp-negro-20634112/p
PlazaVea,Smartphones,APPLE,IPHONE 17 DE 256GB ESIM - LILA,5600.0,3289.0,Marketcell,True,https://www.plazavea.com.pe/iphone-17-de-256gb-esim-lila-101884313/p
PlazaVea,Smartphones,SAMSUNG,"Celular Samsung SM-A165MZKALTP A16 6.7"" 50MP 4GB 128GB Negro",939.0,569.0,CARSA,True,https://www.plazavea.com.pe/celular-samsung-sm-a165mzkaltp-a16-6-7-50mp-4gb-128gb-negro-101577286/p
PlazaVea,Smartphones,SAMSUNG,SAMSUNG S26 ULTRA 12RAM 256GB BLANCO,5900.0,3569.0,Marketcell,True,https://www.plazavea.com.pe/samsung-s26-ultra-12ram-256gb-blanco-101974452/p
PlazaVea,Smartphones,SAMSUNG,SAMSUNG GALAXY S26 ULTRA 12RAM 512GB LILA,5900.0,3999.0,Marketcell,True,https://www.plazavea.com.pe/samsung-galaxy-s26-ultra-lila-101951607/p
PlazaVea,Smartphones,APPLE,IPHONE 17 DE 256GB ESIM - VERDE,5600.0,3289.0,Marketcell,True,https://www.plazavea.com.pe/iphone-17-de-256gb-esim-verde-101884311/p
PlazaVea,Smartphones,SAMSUNG,"Samsung Galaxy S25 Ultra 512gb 12gb 200mp, 6.9"" Titanium Whitesilver",6399.0,3479.0,Telcelperu,True,https://www.plazavea.com.pe/samsung-galaxy-s25-ultra-512gb-12gb-200mp-6-9-titanium-whitesilver-101243849/p
PlazaVea,Smartphones,SAMSUNG,SAMSUNG GALAXY S26 ULTRA 512GB 12GB - VIOLETA,6899.0,4399.0,Fox Móviles SAC,True,https://www.plazavea.com.pe/samsung-galaxy-s26-ultra-512gb-12gb-violeta-101963556/p
PlazaVea,Smartphones,XIAOMI,Celular Redmi Note 15 Pro Black 8G RAM 256G ROM,1299.0,1249.0,oechsle,True,https://www.plazavea.com.pe/celular-redmi-note-15-pro-black-8g-ram-256g-rom-101908976/p
PlazaVea,Smartphones,APPLE,Apple iPhone 17 Pro Max 256GB Silver eSim,7299.0,4969.0,COOLTRADE,True,https://www.plazavea.com.pe/apple-iphone-17-pro-max-256gb-silver-esim-101746574/p
PlazaVea,Smartphones,APPLE,Apple iPhone 17 Pro Max 256GB Deep Blue eSim,7299.0,4969.0,COOLTRADE,True,https://www.plazavea.com.pe/apple-iphone-17-pro-max-256gb-deep-blue-esim-101682322/p
PlazaVea,Smartphones,APPLE,iPhone 17 Pro Max 256GB - Plata,5869.0,4869.0,COMPRAFACIL USA,True,https://www.plazavea.com.pe/iphone-17-pro-max-256gb-plata-101622855/p
PlazaVea,Smartphones,HONOR,CELULAR HONOR X5D 4GB RAM 128GB ROM - PLATA METEORO,999.0,495.0,D´TEEC-TECNOLOGÍA ELECTRO,True,https://www.plazavea.com.pe/celular-honor-x5d-4gb-ram-128gb-rom---plata-meteoro-102326670/p
PlazaVea,Smartphones,HONOR,CELULAR HONOR X5D 4GB RAM 128GB ROM - NEGRO MEDIANOCHE,999.0,495.0,RP INVERSIONES,True,https://www.plazavea.com.pe/celular-honor-x5d-4gb-ram-128gb-rom---negro-medianoche-102326495/p
PlazaVea,Smartphones,HONOR,CELULAR HONOR X5C PLUS 4GB RAM 256GB ROM - NEGRO MEDIANOCHE,999.0,549.0,RP INVERSIONES,True,https://www.plazavea.com.pe/celular-honor-x5c-plus-4gb-ram-256gb-rom---negro-medianoche-102326475/p
PlazaVea,Smartphones,HONOR,CELULAR HONOR X5C PLUS 4GB RAM 256GB ROM - AZUL CIAN,999.0,549.0,RP INVERSIONES,True,https://www.plazavea.com.pe/celular-honor-x5c-plus-4gb-ram-256gb-rom---azul-cian-102326418/p
PlazaVea,Smartphones,HONOR,CELULAR HONOR X5C PLUS 4GB RAM 256GB ROM - NEGRO MEDIANOCHE,999.0,549.0,IMPORT CASO E.I.R.L.,True,https://www.plazavea.com.pe/celular-honor-x5c-plus-4gb-ram-256gb-rom---negro-medianoche-102326416/p
PlazaVea,Smartphones,HONOR,CELULAR HONOR X5C PLUS 4GB RAM 256GB ROM - NEGRO MEDIANOCHE,999.0,549.0,D´TEEC-TECNOLOGÍA ELECTRO,True,https://www.plazavea.com.pe/celular-honor-x5c-plus-4gb-ram-256gb-rom---negro-medianoche-102326392/p
PlazaVea,Smartphones,HONOR,CELULAR HONOR X5D 4GB RAM 128GB ROM - PLATA METEORO,999.0,495.0,RP INVERSIONES,True,https://www.plazavea.com.pe/celular-honor-x5d-4gb-ram-128gb-rom---plata-meteoro-102326388/p
PlazaVea,Smartphones,HONOR,CELULAR HONOR X5D 4GB RAM 128GB ROM - NEGRO MEDIANOCHE,999.0,495.0,D´TEEC-TECNOLOGÍA ELECTRO,True,https://www.plazavea.com.pe/celular-honor-x5d-4gb-ram-128gb-rom---negro-medianoche-102326384/p
PlazaVea,Smartphones,HONOR,CELULAR HONOR X5D 4GB RAM 128GB ROM - PLATA METEORO,999.0,495.0,IMPORT CASO E.I.R.L.,True,https://www.plazavea.com.pe/celular-honor-x5d-4gb-ram-128gb-rom---plata-meteoro-102326379/p
PlazaVea,Smartphones,HONOR,CELULAR HONOR X5C PLUS 4GB RAM 256GB ROM - AZUL CIAN,999.0,549.0,IMPORT CASO E.I.R.L.,True,https://www.plazavea.com.pe/celular-honor-x5c-plus-4gb-ram-256gb-rom---azul-cian-102326378/p
PlazaVea,Smartphones,HONOR,CELULAR HONOR X5C PLUS 4GB RAM 256GB ROM - AZUL CIAN,999.0,549.0,D´TEEC-TECNOLOGÍA ELECTRO,True,https://www.plazavea.com.pe/celular-honor-x5c-plus-4gb-ram-256gb-rom---azul-cian-102326369/p
PlazaVea,Smartphones,HONOR,CELULAR HONOR X5D 4GB RAM 128GB ROM - NEGRO MEDIANOCHE,999.0,495.0,IMPORT CASO E.I.R.L.,True,https://www.plazavea.com.pe/celular-honor-x5d-4gb-ram-128gb-rom---negro-medianoche-102326347/p
PlazaVea,Smartphones,POCO,Poco X8 Pro Black 12g Ram 512gb Rom,3800.0,3500.0,MAXICOMPRA,True,https://www.plazavea.com.pe/poco-x8-pro-black-12g-ram-512gb-rom-102322503/p
PlazaVea,Smartphones,SAMSUNG,Celular Samsung A17 5G 4GB RAM 128GB 6.7 Pulg. Android 14 - Negro,920.0,799.0,JA INNOVATION GROUP S.A.C,True,https://www.plazavea.com.pe/celular-samsung-a17-5g-4gb-ram-128gb-6-7-pulg--android-14---negro-102317455/p
PlazaVea,Smartphones,MOTOROLA,CELULAR MOTOROLA  G23 128GB 4GB Gris,659.9,579.9,JA INNOVATION GROUP S.A.C,True,https://www.plazavea.com.pe/-celular-motorola--g23-128gb-4gb-gris-102316982/p
PlazaVea,Smartphones,XIAOMI,CELULAR  XIAOMI REDMI 15C   4GB 256GB,620.0,559.0,JA INNOVATION GROUP S.A.C,True,https://www.plazavea.com.pe/celular--xiaomi-redmi-15c---4gb-256gb-102316530/p
PlazaVea,Smartphones,HONOR,Celular HONOR MAGIC 8 LITE 8GB-512GB 5G,2190.0,1759.0,JA INNOVATION GROUP S.A.C,True,https://www.plazavea.com.pe/celular-honor-magic-8-lite-8gb-512gb-5g-102316522/p
PlazaVea,Smartphones,HONOR,HONOR X7D 6GB RAM 256GB - NEGRO Negro,1099.0,759.0,Velocell,True,https://www.plazavea.com.pe/honor-x7d-6gb-ram-256gb---negro-102315265/p
PlazaVea,Smartphones,APPLE,IPHONE 17 PRO MAX 1TB ESIM - SILVER,7399.0,6869.0,ROCICELL CELULARES,True,https://www.plazavea.com.pe/iphone-17-pro-max-1tb-esim---silver-102314421/p
PlazaVea,Smartphones,APPLE,IPHONE 17 PRO MAX 1TB ESIM - AZUL,7299.0,6869.0,ROCICELL CELULARES,True,https://www.plazavea.com.pe/iphone-17-pro-max-1tb-esim---azul-102314410/p
PlazaVea,Smartphones,APPLE,IPHONE 17 PRO MAX 1TB ESIM - NARANJA,7299.0,6869.0,ROCICELL CELULARES,True,https://www.plazavea.com.pe/iphone-17-pro-max-1tb-esim---naranja-102314402/p
PlazaVea,Smartphones,XIAOMI,Xiaomi Poco X8 Pro Max 512gb 12gb Azul,2699.0,2279.0,Telcelperu,True,https://www.plazavea.com.pe/xiaomi-poco-x8-pro-max-512gb-12gb-azul-102314354/p
PlazaVea,Smartphones,XIAOMI,Xiaomi Poco X8 Pro Max 256gb 12gb Naranja,2499.0,2099.0,TelcelperuExpress,True,https://www.plazavea.com.pe/xiaomi-poco-x8-pro-max-256gb-12gb-naranja-102314348/p
PlazaVea,Smartphones,XIAOMI,Xiaomi Poco X8 Pro Max 256gb 12gb Naranja,2499.0,2099.0,Telcelperu,True,https://www.plazavea.com.pe/xiaomi-poco-x8-pro-max-256gb-12gb-naranja-102314303/p
PlazaVea,Smartphones,APPLE,Apple Iphone 16 Pro Max 256gb Desert Titanium Chip Fisico,7699.0,5999.0,Telcelperu,True,https://www.plazavea.com.pe/apple-iphone-16-pro-max-256gb-desert-titanium-chip-fisico-102314273/p
PlazaVea,Smartphones,XIAOMI,Xiaomi Poco X8 Pro Max 512gb 12gb Azul,2699.0,2279.0,TelcelperuExpress,True,https://www.plazavea.com.pe/xiaomi-poco-x8-pro-max-512gb-12gb-azul-102314248/p
PlazaVea,Smartphones,SAMSUNG,Samsung Galaxy S25 ULTRA 5G 256gb 12gb - NEGRO,4799.0,3319.0,ROCICELL CELULARES,True,https://www.plazavea.com.pe/samsung-galaxy-s25-ultra-5g-256gb-12gb---negro-102313168/p
PlazaVea,Smartphones,XIAOMI,Celular Xiaomi Redmi 17 6.9 Pulgadas 4GB 128GB 50MP Azul,1599.0,899.0,Ofertec,True,https://www.plazavea.com.pe/celular-xiaomi-redmi-17-6-9-pulgadas-4gb-128gb-50mp-azul-102313125/p
PlazaVea,Smartphones,SAMSUNG,SAMSUNG GALAXY S26 ULTA 1TB 16GB - VIOLETA,5999.0,5459.0,ROCICELL CELULARES,True,https://www.plazavea.com.pe/samsung-galaxy-s26-ulta-1tb-16gb---violeta-102312999/p
PlazaVea,Smartphones,SAMSUNG,SAMSUNG GALAXY S26 ULTA 1TB 16GB - BLANCO,5999.0,5459.0,ROCICELL CELULARES,True,https://www.plazavea.com.pe/samsung-galaxy-s26-ulta-1tb-16gb---blanco-102312969/p
PlazaVea,Smartphones,REDMI,"Redmi Note 15 Pro 4G, 8GB DE RAM - 256GB, Color Glacier Blue Azul",1399.0,1149.99,MILLENNIALSTEC,True,https://www.plazavea.com.pe/redmi-note-15-pro-4g-8gb-de-ram---256gb-color-glacier-blue-102312953/p
PlazaVea,Smartphones,HONOR,"Honor Magic 8 Lite 5G Nfc, 8GB Ram - 256GB, COLOR VERDE Verde",1600.0,1519.9,MILLENNIALSTEC,True,https://www.plazavea.com.pe/honor-magic-8-lite-5g-nfc-8gb-ram---256gb-color-verde-102312934/p
PlazaVea,Smartphones,HONOR,"Honor Magic 8 Lite 5G, 8GB Ram - 256GB, Color Negro Negro",1600.0,1519.9,MILLENNIALSTEC,True,https://www.plazavea.com.pe/honor-magic-8-lite-5g-8gb-ram---256gb-color-negro-102312926/p
PlazaVea,Smartphones,APPLE,iPhone 17 Pro Max 256GB NARANJA - ESIM,8999.0,5199.0,MarketcellExpress,True,https://www.plazavea.com.pe/iphone-17-pro-max-256gb-naranja---esim-102312905/p
PlazaVea,Smartphones,REDMI,"Redmi Note 15 4G, 6GB RAM - 128GB, Color Negro Negro",990.0,804.99,MILLENNIALSTEC,True,https://www.plazavea.com.pe/redmi-note-15-4g-6gb-ram---128gb-color-negro-102312899/p
PlazaVea,Smartphones,REDMI,"Redmi Note 15 4G, 6GB RAM - 128GB, Color Púrpura Púrpura",990.0,804.99,MILLENNIALSTEC,True,https://www.plazavea.com.pe/redmi-note-15-4g-6gb-ram---128gb-color-purpura-102312898/p
PlazaVea,Smartphones,HONOR,"Honor Magic 8 Lite 5G Nfc, 8GB Ram - 256GB, Color Dorado Dorado",1600.0,1519.9,MILLENNIALSTEC,True,https://www.plazavea.com.pe/honor-magic-8-lite-5g-nfc-8gb-ram---256gb-color-dorado-102312892/p
PlazaVea,Smartphones,APPLE,IPHONE 17 DE 256GB ESIM - BLANCO,5999.0,3449.0,MarketcellExpress,True,https://www.plazavea.com.pe/iphone-17-de-256gb-esim---blanco-102312868/p
PlazaVea,Smartphones,REDMI,"A7 Pro 4G, 4GB De Ram - 64GB, Color Azul Azul",590.0,469.9,MILLENNIALSTEC,True,https://www.plazavea.com.pe/a7-pro-4g-4gb-de-ram---64gb-color-azul-102312823/p
PlazaVea,Smartphones,XIAOMI,Celular Xiaomi Redmi 17 6.9 Pulgadas 4GB 128GB 50MP Negro,1599.0,899.0,Ofertec,True,https://www.plazavea.com.pe/celular-xiaomi-redmi-17-6-9-pulgadas-4gb-128gb-50mp-negro-102312739/p
PlazaVea,Smartphones,SAMSUNG,Samsung Galaxy S25 ULTRA 5G 256gb 12gb - Blanco,4299.0,3319.0,ROCICELL CELULARES,True,https://www.plazavea.com.pe/samsung-galaxy-s25-ultra-5g-256gb-12gb---blanco-102312642/p
PlazaVea,Smartphones,SAMSUNG,SAMSUNG S26 ULTRA 256GB - SKY BLUE Celeste Claro,5999.0,3939.0,USATEC IMPORT,True,https://www.plazavea.com.pe/samsung-s26-ultra-256gb---sky-blue-102310351/p
PlazaVea,Smartphones,SAMSUNG,Samsung Galaxy A57 5G 8RAM 256GB Azul,1999.0,1769.0,F MOBILE TECH,True,https://www.plazavea.com.pe/samsung-galaxy-a57-5g-8ram-256gb-azul-102310327/p
PlazaVea,Smartphones,SAMSUNG,SAMSUNG S25ULTRA -  AZUL - 512GB + CASE + MICA + CARGADOR 45W Azul,4500.0,4059.0,USATEC IMPORT,True,https://www.plazavea.com.pe/samsung-s25ultra----azul---512gb---case---mica---cargador-45w-102310272/p
PlazaVea,Smartphones,APPLE,IPHONE 17 256GB ESIM  AZUL + MICA + CARGADOR + CASE Azul,5789.0,3809.0,USATEC IMPORT,True,https://www.plazavea.com.pe/iphone-17-256gb-esim--azul---mica---cargador---case-102310260/p
PlazaVea,Smartphones,SAMSUNG,SAMSUNG S25 ULTRA 512GB - GRAY Gris,5000.0,4059.0,USATEC IMPORT,True,https://www.plazavea.com.pe/samsung-s25-ultra-512gb---gray-102310215/p
PlazaVea,Smartphones,SAMSUNG,SAMSUNG GALAXY S25 ULTRA  512GB - GRAY - CASE + MICA + CARGADOR 45W Gris,4500.0,4059.0,USATEC IMPORT,True,https://www.plazavea.com.pe/samsung-galaxy-s25-ultra--512gb---gray---case---mica---cargador-45w-102310209/p
PlazaVea,Smartphones,SAMSUNG,SAMSUNG S25 ULTRA  256GB  NEGRO - PACK PREMIUN,5000.0,3529.0,USATEC IMPORT,True,https://www.plazavea.com.pe/samsung-s25-ultra--256gb---white--case---cargador-102310189/p
PlazaVea,Smartphones,SAMSUNG,SAMSUNG S26 ULTRA 256GB - NEGRO + CASE+ MICA + CARGADOR Blanco,5999.0,3939.0,USATEC IMPORT,True,https://www.plazavea.com.pe/samsung-s26-ultra-256gb---negro---case--mica---cargador-102310177/p
PlazaVea,Smartphones,SAMSUNG,SAMSUNG S26 ULTRA 256GB - BLANCO Blanco,5999.0,3939.0,USATEC IMPORT,True,https://www.plazavea.com.pe/samsung-s26-ultra-256gb---blanco-102310160/p
PlazaVea,Smartphones,HONOR,Honor X7D 4G 256GB 8GB Ram - Color Silver,980.0,849.99,MILLENNIALSTEC,True,https://www.plazavea.com.pe/honor-x7d-4g-256gb-8gb-ram---color-silver-102309961/p
PlazaVea,Smartphones,SAMSUNG,SAMSUNG S25 ULTRA 256GB GRAY Gris,5000.0,3529.0,USATEC IMPORT,True,https://www.plazavea.com.pe/samsung-s25-ultra-256gb-gray-102309948/p
PlazaVea,Smartphones,APPLE,IPHONE 17 256GB ESIM  BLANCO + CASE + MICA + CARGADOR Blanco,5789.0,3809.0,USATEC IMPORT,True,https://www.plazavea.com.pe/iphone-17-256gb-esim--blanco---case---mica---cargador-102309945/p
PlazaVea,Smartphones,SAMSUNG,SAMSUNG S26 ULTRA 512GB - SKY BLUE Celeste Claro,6999.0,4629.0,USATEC IMPORT,True,https://www.plazavea.com.pe/samsung-s26-ultra-512gb---sky-blue-102309916/p
PlazaVea,Smartphones,APPLE,IPHONE 17 256GB ESIM  BLACK  + CASE + MICA + CARGADOR Blanco,5789.0,3809.0,USATEC IMPORT,True,https://www.plazavea.com.pe/iphone-17-256gb-esim--black----case---mica---cargador-102309366/p
PlazaVea,Smartphones,XIAOMI,Poco X8 Pro Max 12RAM 512GB Azul,2999.0,2279.0,F MOBILE TECH,True,https://www.plazavea.com.pe/poco-x8-pro-max-12ram-512gb-azul-102309000/p
PlazaVea,Smartphones,XIAOMI,Combo Xiaomi 17T Leica 512GB 12GB Violeta + Audifonos JBL Vibe Buds,3348.0,3100.0,Celulares Peru Smart,True,https://www.plazavea.com.pe/combo-xiaomi-17t-leica-512gb-12gb-violeta---audifonos-jbl-vibe-buds-102308697/p
PlazaVea,Smartphones,XIAOMI,Celular Xiaomi Redmi A7 3GB RAM 64GB 6.88 5200mAh 4G Negro,699.0,399.0,GRUPO LINEA HOGAR,True,https://www.plazavea.com.pe/celular-xiaomi-redmi-a7-3gb-ram-64gb-6-88-5200mah-4g-negro-102308653/p
PlazaVea,Smartphones,HONOR,Honor 400 5G 512GB 12GB Dorado,2042.0,1891.0,Celulares Peru Smart,True,https://www.plazavea.com.pe/honor-400-5g-512gb-12gb-dorado-102308638/p
PlazaVea,Smartphones,APPLE,iPhone Air e/SIM 256GB 8GB Sky Blue,4214.0,3902.0,Celulares Peru Smart,True,https://www.plazavea.com.pe/iphone-air-e-sim-256gb-8gb-sky-blue-102308615/p
PlazaVea,Smartphones,XIAOMI,Smartphone Xiaomi Redmi 15 8GB RAM 256GB - Black,1799.0,749.0,GRUPO LINEA HOGAR,True,https://www.plazavea.com.pe/smartphone-xiaomi-redmi-15-8gb-ram-256gb---black-102308606/p
PlazaVea,Smartphones,APPLE,iPhone Air e/SIM 512GB 8GB Light Gold,4620.0,4278.0,Celulares Peru Smart,True,https://www.plazavea.com.pe/iphone-air-e-sim-512gb-8gb-light-gold-102308601/p
PlazaVea,Smartphones,APPLE,iPhone Air e/SIM 512GB 8GB Cloud White,4620.0,4278.0,Celulares Peru Smart,True,https://www.plazavea.com.pe/iphone-air-e-sim-512gb-8gb-cloud-white-102308599/p
PlazaVea,Smartphones,HONOR,Honor 200 256GB 12GB Negro,1531.0,1418.0,Celulares Peru Smart,True,https://www.plazavea.com.pe/honor-200-256gb-12gb-negro-102308590/p
PlazaVea,Smartphones,XIAOMI,Xiaomi POCO M8S 128GB 6GB Negro,1102.0,1020.0,Celulares Peru Smart,True,https://www.plazavea.com.pe/xiaomi-poco-m8s-128gb-6gb-negro-102308585/p
PlazaVea,Smartphones,XIAOMI,Xiaomi POCO M8 256GB 8GB Verde,1241.0,1149.0,Celulares Peru Smart,True,https://www.plazavea.com.pe/xiaomi-poco-m8-256gb-8gb-verde-102308581/p
PlazaVea,Smartphones,XIAOMI,Combo Xiaomi 17T PRO 512GB 12GB Negro + Audifonos JBL Vibe Buds,3917.0,3627.0,Celulares Peru Smart,True,https://www.plazavea.com.pe/combo-xiaomi-17t-pro-512gb-12gb-negro---audifonos-jbl-vibe-buds-102308580/p
PlazaVea,Smartphones,APPLE,iPhone Air e/SIM 512GB 8GB Sky Blue,4620.0,4278.0,Celulares Peru Smart,True,https://www.plazavea.com.pe/iphone-air-e-sim-512gb-8gb-sky-blue-102308579/p
PlazaVea,Smartphones,XIAOMI,Xiaomi REDMI 15 5G 256GB 8GB Titaniumgray,1137.0,1053.0,Celulares Peru Smart,True,https://www.plazavea.com.pe/xiaomi-redmi-15-5g-256gb-8gb-titaniumgray-102308573/p
PlazaVea,Smartphones,HONOR,Honor 600e 5G 256GB 8 hasta 16GB Ram Color Verde,1919.0,1689.9,MILLENNIALSTEC,True,https://www.plazavea.com.pe/honor-600e-5g-256gb-8-hasta-16gb-ram-color-verde-102308426/p
PlazaVea,Smartphones,XIAOMI,Smartphone XIAOMI Redmi Note 17 6.9'' 6GB 256GB 50MP Blue,1299.0,1298.0,Plaza Vea,True,https://www.plazavea.com.pe/smartphone-xiaomi-redmi-note-17-69-6gb-256gb-50mp-blue-20676869/p
PlazaVea,Smartphones,XIAOMI,Smartphone XIAOMI Redmi Note 17 6.9'' 6GB 256GB 50MP Black,1299.0,1298.0,Plaza Vea,True,https://www.plazavea.com.pe/smartphone-xiaomi-redmi-note-17-69-6gb-256gb-50mp-black-20676836/p
PlazaVea,Smartphones,HONOR,Honor X7E 6RAM 256GB Azul,1299.0,899.0,F MOBILE TECH,True,https://www.plazavea.com.pe/honor-x7e-6ram-256gb-azul-102305297/p
PlazaVea,Smartphones,HONOR,Honor X7E 6RAM 256GB Naranja,1299.0,899.0,F MOBILE TECH,True,https://www.plazavea.com.pe/honor-x7e-6ram-256gb-naranja-102305279/p
PlazaVea,Smartphones,XIAOMI,Poco X8 Pro 5G 12Gb Ram 512GB Rom Blanco Registrado con Mica Hidrogel,2199.0,1809.0,M&M CELULARES,True,https://www.plazavea.com.pe/poco-x8-pro-5g-12gb-ram-512gb-rom-blanco-registrado-con-mica-hidrogel-102303848/p
PlazaVea,Smartphones,XIAOMI,Xiaomi Poco X8 Pro 5G 12Gb Ram 512GB Rom Negro Registrado con Mica Hidrogel,2199.0,1809.0,TECH HUB,True,https://www.plazavea.com.pe/xiaomi-poco-x8-pro-5g-12gb-ram-512gb-rom-negro-registrado-con-mica-hidrogel-102303713/p
PlazaVea,Smartphones,XIAOMI,Poco M8 Pro 5G 8RAM 256GB Plata,1899.0,1389.0,F MOBILE TECH,True,https://www.plazavea.com.pe/poco-m8-pro-5g-8ram-256gb-plata-102303693/p
PlazaVea,Smartphones,XIAOMI,Xiaomi Poco X8 Pro 5G 12Gb Ram 512GB Rom Blanco Registrado con Mica Hidrogel,2199.0,1809.0,TECH HUB,True,https://www.plazavea.com.pe/xiaomi-poco-x8-pro-5g-12gb-ram-512gb-rom-blanco-registrado-con-mica-hidrogel-102303688/p
PlazaVea,Smartphones,XIAOMI,Poco X8 Pro 5G 12Gb Ram 512GB Rom Negro Registrado con Mica Hidrogel,2199.0,1809.0,M&M CELULARES,True,https://www.plazavea.com.pe/poco-x8-pro-5g-12gb-ram-512gb-rom-negro-registrado-con-mica-hidrogel-102303669/p
PlazaVea,Smartphones,XIAOMI,Poco X8 Pro 5G 8RAM 256GB Verde,2399.0,1689.0,F MOBILE TECH,True,https://www.plazavea.com.pe/poco-x8-pro-5g-8ram-256gb-verde-102303642/p
PlazaVea,Smartphones,MOTOROLA,Motorola Moto G06 4RAM 64GB Azul,789.0,449.0,F MOBILE TECH,True,https://www.plazavea.com.pe/motorola-moto-g06-4ram-64gb-azul-102303634/p
PlazaVea,Smartphones,XIAOMI,Celular Xiaomi Redmi 15C 128GB 4GB Verde,720.0,499.0,MI CEL PERU,True,https://www.plazavea.com.pe/celular-xiaomi-redmi-15c-128gb-4gb-verde-102303592/p
PlazaVea,Smartphones,XIAOMI,Celular Xiaomi Redmi 15C 128GB 4GB Negro,720.0,499.0,MI CEL PERU,True,https://www.plazavea.com.pe/celular-xiaomi-redmi-15c-128gb-4gb-negro-102303591/p
PlazaVea,Smartphones,XIAOMI,Celular Xiaomi Redmi 15C 128GB 4GB Azul,720.0,499.0,MI CEL PERU,True,https://www.plazavea.com.pe/celular-xiaomi-redmi-15c-128gb-4gb-azul-102303590/p
PlazaVea,Smartphones,REDMI,Xiaomi Redmi A7 Pro 4G 128GB 4GB Ram Color Azul,620.0,509.9,MILLENNIALSTEC,True,https://www.plazavea.com.pe/xiaomi-redmi-a7-pro-4g-128gb-4gb-ram-color-azul-102303566/p
PlazaVea,Smartphones,HONOR,Celular Honor X5d 4GB + 128GB Meteor Silver,629.0,449.0,oechsle,True,https://www.plazavea.com.pe/celular-honor-x5d-4gb---128gb-meteor-silver-102302738/p
PlazaVea,Smartphones,HONOR,Celular Honor X5d 4GB + 128GB Midnight Black,629.0,449.0,oechsle,True,https://www.plazavea.com.pe/celular-honor-x5d-4gb---128gb-midnight-black-102302737/p
PlazaVea,Smartphones,HONOR,Celular Honor X5d 4GB + 128GB Tidal Blue,629.0,449.0,oechsle,True,https://www.plazavea.com.pe/celular-honor-x5d-4gb---128gb-tidal-blue-102302736/p
PlazaVea,Smartphones,XIAOMI,Celular Redmi 17 4GB RAM + 256GB ROM Oak Green,949.0,849.0,oechsle,True,https://www.plazavea.com.pe/celular-redmi-17-4gb-ram---256gb-rom-oak-green-102302727/p
PlazaVea,Smartphones,XIAOMI,Celular Redmi 17 4GB RAM + 256GB ROM Deep Blue,949.0,849.0,oechsle,True,https://www.plazavea.com.pe/celular-redmi-17-4gb-ram---256gb-rom-deep-blue-102302726/p
PlazaVea,Smartphones,XIAOMI,Celular Redmi 17 4GB RAM + 256GB ROM Black,949.0,849.0,oechsle,True,https://www.plazavea.com.pe/celular-redmi-17-4gb-ram---256gb-rom-black-102302219/p
PlazaVea,Smartphones,HONOR,Celular Honor 600 Pro 12GB + 512GB Black,3599.0,3599.0,oechsle,True,https://www.plazavea.com.pe/celular-honor-600-pro-12gb---512gb-black-102302142/p
PlazaVea,Smartphones,HONOR,Celular Honor 600 Pro 12GB + 512GB Golden,3599.0,3599.0,oechsle,True,https://www.plazavea.com.pe/celular-honor-600-pro-12gb---512gb-golden-102302138/p
PlazaVea,Smartphones,HONOR,Celular Honor X6d 5G 4 GB 256GB Cyan,999.0,672.0,MI CEL PERU,True,https://www.plazavea.com.pe/celular-honor-x6d-5g-4-gb-256gb-cyan-102301793/p
PlazaVea,Smartphones,SAMSUNG,SAMSUNG GALAXY S26 ULTRA 1TB 16GB - BLANCO regalos,5949.0,5949.0,Fox Móviles SAC,True,https://www.plazavea.com.pe/samsung-galaxy-s26-ultra-1tb-16gb---blanco-regalos-102301545/p
PlazaVea,Smartphones,SAMSUNG,SAMSUNG GALAXY S26 ULTRA 1TB 16GB - VIOLETA regalos,5949.0,5479.0,Fox Móviles SAC,True,https://www.plazavea.com.pe/samsung-galaxy-s26-ultra-1tb-16gb---violeta-regalos-102301442/p
PlazaVea,Smartphones,APPLE,IPHONE 16 PRO MAX 256GB CHIP FISICO -DESERT,5299.0,4879.0,Fox Móviles SAC,True,https://www.plazavea.com.pe/iphone-16-pro-max-256gb-chip-fisico--desert-102301398/p
PlazaVea,Smartphones,XIAOMI,Celular Xiaomi Redmi 15C 256GB 4GB Azul,726.7,559.0,MI CEL PERU,True,https://www.plazavea.com.pe/celular-xiaomi-redmi-15c-256gb-4gb-azul-102299141/p
PlazaVea,Smartphones,XIAOMI,Celular Xiaomi Redmi 15C 256GB 4GB Negro,726.7,559.0,MI CEL PERU,True,https://www.plazavea.com.pe/celular-xiaomi-redmi-15c-256gb-4gb-negro-102299038/p
PlazaVea,Smartphones,XIAOMI,Celular Xiaomi Redmi 15C 256GB 4GB Verde,726.7,559.0,MI CEL PERU,True,https://www.plazavea.com.pe/celular-xiaomi-redmi-15c-256gb-4gb-verde-102299005/p
PlazaVea,Smartphones,APPLE,IPHONE 17 PRO 256GB CHIP FISICO - AZUL,6499.0,5179.0,Fox Móviles SAC,True,https://www.plazavea.com.pe/iphone-17-pro-256gb-chip-fisico---azul-102298983/p
PlazaVea,Smartphones,MOTOROLA,Celular Motorola G MAX 256GB Gris,1599.0,1299.0,oechsle,True,https://www.plazavea.com.pe/celular-motorola-g-max-256gb-gris-102289585/p
PlazaVea,Smartphones,MOTOROLA,Celular Motorola G47 128 GB Azul,999.0,779.0,oechsle,True,https://www.plazavea.com.pe/celular-motorola-g47-128-gb-azul-102289583/p
PlazaVea,Smartphones,MOTOROLA,Celular Motorola G47 128 GB Gris,999.0,779.0,oechsle,True,https://www.plazavea.com.pe/celular-motorola-g47-128-gb-gris-102289577/p
PlazaVea,Smartphones,XIAOMI,Celular Xiaomi Redmi A7 Pro 128GB 4GB RAM - Negro,999.0,479.0,GRUPO LINEA HOGAR,True,https://www.plazavea.com.pe/celular-xiaomi-redmi-a7-pro-128gb-4gb-ram-negro-102286860/p
PlazaVea,Smartphones,XIAOMI,Celular Xiaomi Redmi A5 3GB RAM 64GB - Negro,999.0,409.0,GRUPO LINEA HOGAR,True,https://www.plazavea.com.pe/celular-xiaomi-redmi-a5-3gb-ram-64gb---negro-102286779/p
PlazaVea,Smartphones,SAMSUNG,Samsung A06 64gb 4gb Light Blue,799.0,399.0,Moviles Eirl,True,https://www.plazavea.com.pe/samsung-a06-64gb-4gb-light-blue-102286738/p
PlazaVea,Smartphones,REDMI,ReRedmi Note 15 Pro 4G 256GB y 8GB Ram color Gris,1399.0,1099.99,MILLENNIALSTEC,True,https://www.plazavea.com.pe/redmi-note-15-pro-4g-102286060/p
PlazaVea,Smartphones,SAMSUNG,Celular Samsung Galaxy A27 8GB RAM 256GB Negro,1699.0,1499.0,oechsle,True,https://www.plazavea.com.pe/celular-samsung-galaxy-a27-8gb-ram-256gb-negro-102282942/p
PlazaVea,Smartphones,APPLE,iPhone 16 Pro 128GB Chip Físico - BlackTitanium - Reacondicionado,4999.0,3799.0,CASAL,True,https://www.plazavea.com.pe/iphone-16-pro-128gb-chip-fisico---blacktitanium---reacondicionado-102270699/p
PlazaVea,Smartphones,APPLE,iPhone 16 Pro 128GB Chip Físico - Desert Titanium - Reacondicionado,4999.0,3799.0,CASAL,True,https://www.plazavea.com.pe/iphone-16-pro-128gb-chip-fisico---desert-titanium---reacondicionado-102270517/p
PlazaVea,Smartphones,APPLE,iPhone 16 Pro 128GB Chip Físico - Natural Titanium . Reacondicionado,4899.0,3799.0,CASAL,True,https://www.plazavea.com.pe/iphone-16-pro-128gb-chip-fisico---natural-titanium---reacondicionado-102270478/p
PlazaVea,Smartphones,APPLE,iPhone 16 128GB Chip Físico - Ultramarine - Reacondicionado,3999.0,2799.0,CASAL,True,https://www.plazavea.com.pe/iphone-16-128gb-chip-fisico---ultramarine---reacondicionado-102270470/p
PlazaVea,Smartphones,HONOR,CELULAR HONOR X7E 6GB 256GB - AZUL,1289.0,865.0,MILLENNIALS MOBILE,True,https://www.plazavea.com.pe/celular-honor-x7e-6gb-256gb---azul-102269654/p
PlazaVea,Smartphones,HONOR,Celular Honor X5D 4GB+256GB MIDNIGHT BLACK,765.7,589.0,MI CEL PERU,True,https://www.plazavea.com.pe/celular-honor-x5d-4gb-256gb-midnight-black-102269527/p
PlazaVea,Smartphones,MOTOROLA,Celular Motorola Moto G06 256GB 4GB Cafe,689.0,442.9,HolaPlaza,True,https://www.plazavea.com.pe/celular-motorola-moto-g06-256gb-4gb-cafe-102269441/p
PlazaVea,Smartphones,MOTOROLA,Celular Motorola Moto G06 256GB 4GB Azul,689.0,442.9,HolaPlaza,True,https://www.plazavea.com.pe/celular-motorola-moto-g06-256gb-4gb-azul-102269159/p
PlazaVea,Smartphones,HONOR,Celular Honor X5D 4GB+256GB TIDAL BLUE,765.7,589.0,MI CEL PERU,True,https://www.plazavea.com.pe/celular-honor-x5d-4gb-256gb-tidal-blue-102269014/p
PlazaVea,Smartphones,HONOR,Celular Honor X5D 4GB+256GB  METEOR SILVER,765.7,589.0,MI CEL PERU,True,https://www.plazavea.com.pe/celular-honor-x5d-4gb-256gb--meteor-silver-102268871/p
PlazaVea,Smartphones,HONOR,HONOR 600e  5G 8RAM 256GB GRAY REGISTRADO Gris 256 GB,2599.0,1619.0,Marketcell,True,https://www.plazavea.com.pe/honor-600e--5g-8ram-256gb-gray-registrado-102268378/p
PlazaVea,Smartphones,HONOR,HONOR 600e  5G 8RAM 256GB DORADO REGISTRADO Dorado 256 GB,2599.0,1619.0,Marketcell,True,https://www.plazavea.com.pe/honor-600e--5g-8ram-256gb-dorado-registrado-102268373/p
PlazaVea,Smartphones,SAMSUNG,CELULAR SAMSUNG GALAXY A07 4GB  128GB,889.0,449.0,MILLENNIALS MOBILE,True,https://www.plazavea.com.pe/celular-samsung-galaxy-a07-4gb--128gb-102267642/p
PlazaVea,Smartphones,HONOR,CELULAR HONOR X7E 6GB 256GB - NEGRO,1289.0,865.0,MILLENNIALS MOBILE,True,https://www.plazavea.com.pe/celular-honor-x7e-6gb-256gb---negro-102267630/p
PlazaVea,Smartphones,HONOR,CELULAR HONOR X7E 6GB 256GB - NARANJA,1289.0,865.0,MILLENNIALS MOBILE,True,https://www.plazavea.com.pe/celular-honor-x7e-6gb-256gb---naranja-102267629/p
PlazaVea,Smartphones,APPLE,iPhone 12 128gb Morado - Grado B Reacondicionado,2899.0,1239.0,SMARTLEBEN,True,https://www.plazavea.com.pe/iphone-12-128gb-morado---grado-b-reacondicionado-102266900/p
PlazaVea,Smartphones,APPLE,iPhone 12 128gb Azul - Grado B Reacondicionado,2899.0,1209.0,SMARTLEBEN,True,https://www.plazavea.com.pe/iphone-12-128gb-azul---grado-b-reacondicionado-102266875/p
PlazaVea,Smartphones,MOTOROLA,CELULAR MOTOROLA MOTO G17 4GB RAM 128GB ROM - ARANDANO,999.0,529.0,IMPORT CASO E.I.R.L.,True,https://www.plazavea.com.pe/celular-motorola-moto-g17-4gb-ram-128gb-rom---arandano-102266697/p
PlazaVea,Smartphones,MOTOROLA,CELULAR MOTOROLA MOTO G17 4GB RAM 128GB ROM - ARANDANO,999.0,529.0,RP INVERSIONES,True,https://www.plazavea.com.pe/celular-motorola-moto-g17-4gb-ram-128gb-rom---arandano-102266686/p
PlazaVea,Smartphones,HONOR,HONOR X5d 4GB RAM -  128GB Gris,699.0,469.0,Mi Tienda,True,https://www.plazavea.com.pe/honor-x5d-4gb-ram----128gb-gris-102266640/p
PlazaVea,Smartphones,HONOR,HONOR X7D 8GB RAM  - 256GB Meteor Silver,999.0,799.0,Mi Tienda,True,https://www.plazavea.com.pe/honor-x7d-8gb-ram----256gb-meteor-silver-102266630/p
PlazaVea,Smartphones,HONOR,HONOR X7D 8GB RAM  - 256GB - NEGRO,999.0,799.0,Mi Tienda,True,https://www.plazavea.com.pe/honor-x7d-8gb-ram----256gb---negro-102266566/p
PlazaVea,Smartphones,HONOR,HONOR X8d 8GB RAM - 256GB - GRIS,1199.0,999.0,Mi Tienda,True,https://www.plazavea.com.pe/honor-x8d-8gb-ram---256gb---gris-102266562/p
PlazaVea,Smartphones,HONOR,HONOR X5d 4GB RAM -  128GB - Azul,699.0,469.0,Mi Tienda,True,https://www.plazavea.com.pe/honor-x5d-4gb-ram----128gb---azul-102266440/p
PlazaVea,Smartphones,REDMI,CELULAR XIAOMI REDMI NOTE 15 8GB RAM 256GB ROM - NEGRO,1999.0,999.0,D´TEEC-TECNOLOGÍA ELECTRO,True,https://www.plazavea.com.pe/celular-xiaomi-redmi-note-15-8gb-ram-256gb-rom---negro-102266439/p
PlazaVea,Smartphones,MOTOROLA,CELULAR MOTOROLA MOTO G17 4GB RAM 128GB ROM - ROSA,999.0,529.0,RP INVERSIONES,True,https://www.plazavea.com.pe/celular-motorola-moto-g17-4gb-ram-128gb-rom---rosa-102266435/p
PlazaVea,Smartphones,REDMI,CELULAR XIAOMI REDMI NOTE 15 8GB RAM 256GB ROM - NEGRO,1999.0,999.0,IMPORT CASO E.I.R.L.,True,https://www.plazavea.com.pe/celular-xiaomi-redmi-note-15-8gb-ram-256gb-rom---negro-102266377/p
PlazaVea,Smartphones,REDMI,CELULAR XIAOMI REDMI NOTE 15 8GB RAM 256GB ROM - NEGRO,1999.0,999.0,RP INVERSIONES,True,https://www.plazavea.com.pe/celular-xiaomi-redmi-note-15-8gb-ram-256gb-rom---negro-102266360/p
PlazaVea,Smartphones,REDMI,CELULAR XIAOMI REDMI NOTE 15 8GB RAM 256GB ROM - AZUL,1999.0,999.0,RP INVERSIONES,True,https://www.plazavea.com.pe/celular-xiaomi-redmi-note-15-8gb-ram-256gb-rom---azul-102266333/p
PlazaVea,Smartphones,HONOR,CELULAR HONOR PLAY 10 3GB RAM 64GB ROM - NEGRO,999.0,419.0,IMPORT CASO E.I.R.L.,True,https://www.plazavea.com.pe/celular-honor-play-10-3gb-ram-64gb-rom---negro-102266327/p
PlazaVea,Smartphones,HONOR,CELULAR HONOR PLAY 10 3GB RAM 64GB ROM - NEGRO,999.0,419.0,D´TEEC-TECNOLOGÍA ELECTRO,True,https://www.plazavea.com.pe/celular-honor-play-10-3gb-ram-64gb-rom---negro-102265885/p
PlazaVea,Smartphones,REDMI,CELULAR XIAOMI REDMI NOTE 15 8GB RAM 256GB ROM - AZUL,1999.0,999.0,IMPORT CASO E.I.R.L.,True,https://www.plazavea.com.pe/celular-xiaomi-redmi-note-15-8gb-ram-256gb-rom---azul-102265884/p
PlazaVea,Smartphones,HONOR,HONOR X5d 4GB RAM -  128GB Negro,699.0,469.0,Mi Tienda,True,https://www.plazavea.com.pe/honor-x5d-4gb-ram----128gb-negro-102265873/p
PlazaVea,Smartphones,MOTOROLA,CELULAR MOTOROLA MOTO G17 4GB RAM 128GB ROM - ROSA,999.0,529.0,IMPORT CASO E.I.R.L.,True,https://www.plazavea.com.pe/celular-motorola-moto-g17-4gb-ram-128gb-rom---rosa-102265868/p
PlazaVea,Smartphones,MOTOROLA,CELULAR MOTOROLA MOTO G17 4GB RAM 128GB ROM - ARANDANO,999.0,529.0,D´TEEC-TECNOLOGÍA ELECTRO,True,https://www.plazavea.com.pe/celular-motorola-moto-g17-4gb-ram-128gb-rom---arandano-102265864/p
PlazaVea,Smartphones,REDMI,CELULAR XIAOMI REDMI NOTE 15 8GB RAM 256GB ROM - AZUL,1999.0,999.0,D´TEEC-TECNOLOGÍA ELECTRO,True,https://www.plazavea.com.pe/celular-xiaomi-redmi-note-15-8gb-ram-256gb-rom---azul-102265852/p
PlazaVea,Smartphones,MOTOROLA,CELULAR MOTOROLA MOTO G17 4GB RAM 128GB ROM - ROSA,999.0,529.0,D´TEEC-TECNOLOGÍA ELECTRO,True,https://www.plazavea.com.pe/celular-motorola-moto-g17-4gb-ram-128gb-rom---rosa-102265851/p
PlazaVea,Smartphones,HONOR,HONOR X8d 8GB - 256GB Light Blue,1199.0,999.0,Mi Tienda,True,https://www.plazavea.com.pe/honor-x8d-8gb---256gb-light-blue-102265849/p
PlazaVea,Smartphones,HONOR,HONOR X8d 8GB RAM - 256GB Negro,1199.0,999.0,Mi Tienda,True,https://www.plazavea.com.pe/honor-x8d-8gb-ram---256gb-negro-102265784/p
PlazaVea,Smartphones,MOTOROLA,CELULAR MOTOROLA Moto G17 4GB 128GB,899.0,539.0,ELECTRODOMESTICOS GALEXA,True,https://www.plazavea.com.pe/celular-motorola-moto-g17-4gb-128gb-102265378/p
PlazaVea,Smartphones,SAMSUNG,Celular Samsung Galaxy S25 5G 12GB 128GB Navy,5999.0,2509.0,ITG PERU,True,https://www.plazavea.com.pe/celular-samsung-galaxy-s25-5g-12gb-128gb-navy-102264273/p
PlazaVea,Smartphones,XIAOMI,REDMI 15C 128GB 4RAM AZUL REGISTRADO,789.0,500.0,PRIME MOBILE EIRL,True,https://www.plazavea.com.pe/redmi-15c-128gb-4ram-azul-registrado-102263890/p
PlazaVea,Smartphones,XIAOMI,REDMI NOTE 15 4G 256GB 8RAM VERDE,999.0,830.0,PRIME MOBILE EIRL,True,https://www.plazavea.com.pe/redmi-note-15-4g-256gb-8ram-verde-102263883/p
PlazaVea,Smartphones,SAMSUNG,Celular Samsung Galaxy S25 FE 5G 8GB 512GB Negro,4999.0,2799.0,ITG PERU,True,https://www.plazavea.com.pe/celular-samsung-galaxy-s25-fe-5g-8gb-512gb-negro-102262934/p
PlazaVea,Smartphones,XIAOMI,Xiaomi Poco C85 128GB 6GB Verde,799.0,510.0,MI CEL PERU,True,https://www.plazavea.com.pe/xiaomi-poco-c85-128gb-6gb-verde-102262918/p
PlazaVea,Smartphones,SAMSUNG,Celular Samsung Galaxy S25 5G 12GB 128GB Silver,5999.0,2599.0,ITG PERU,True,https://www.plazavea.com.pe/celular-samsung-galaxy-s25-5g-12gb-128gb-silver-102262883/p
PlazaVea,Smartphones,SAMSUNG,Celular Samsung Galaxy S25 FE 5G 8GB 256GB Azul,4999.0,2319.0,ITG PERU,True,https://www.plazavea.com.pe/celular-samsung-galaxy-s25-fe-5g-8gb-256gb-azul-102262880/p
PlazaVea,Smartphones,APPLE,iPhone 17 Pro Max 256GB Esim Silver con Cubo 20W,5999.0,5099.0,MIXELLExpress,True,https://www.plazavea.com.pe/iphone-17-pro-max-256gb-esim-silver-con-cubo-20w-102259703/p
PlazaVea,Smartphones,APPLE,iPhone 17 256GB Esim White con Mica,3999.0,3399.0,MIXELLExpress,True,https://www.plazavea.com.pe/iphone-17-256gb-esim-white-con-mica-102259700/p
PlazaVea,Smartphones,XIAOMI,Celular Xiaomi Redmi 15c 128GB 4RAM Azul,759.0,469.0,HolaPlaza,True,https://www.plazavea.com.pe/celular-xiaomi-redmi-15c-128gb-4ram-azul-102259687/p
PlazaVea,Smartphones,APPLE,iPhone 17 256GB Esim White con Cubo 40W,3999.0,3599.0,MIXELLExpress,True,https://www.plazavea.com.pe/iphone-17-256gb-esim-white-con-cubo-40w-102259399/p
PlazaVea,Smartphones,APPLE,iPhone 17 Pro Max 256GB Esim Silver con Case y Mica,5999.0,4999.0,MIXELLExpress,True,https://www.plazavea.com.pe/iphone-17-pro-max-256gb-esim-silver-con-case-y-mica-102259392/p
PlazaVea,Smartphones,APPLE,iPhone 17 Pro Max 256GB Esim Silver con Cubo 40W,5999.0,5199.0,MIXELLExpress,True,https://www.plazavea.com.pe/iphone-17-pro-max-256gb-esim-silver-con-cubo-40w-102259353/p
PlazaVea,Smartphones,APPLE,iPhone 17 Pro Max 256GB Esim Silver con Case,5999.0,4999.0,MIXELLExpress,True,https://www.plazavea.com.pe/iphone-17-pro-max-256gb-esim-silver-con-case-102259341/p
PlazaVea,Smartphones,APPLE,iPhone 17 256GB Esim White con Case y Mica,3999.0,3399.0,MIXELLExpress,True,https://www.plazavea.com.pe/iphone-17-256gb-esim-white-con-case-y-mica-102258809/p
PlazaVea,Smartphones,APPLE,iPhone 17 Pro Max 256GB Esim Silver,5999.0,4999.0,MIXELLExpress,True,https://www.plazavea.com.pe/iphone-17-pro-max-256gb-esim-silver-102258790/p
PlazaVea,Smartphones,APPLE,iPhone 17 Pro Max 256GB Esim Silver con Mica,5999.0,4999.0,MIXELLExpress,True,https://www.plazavea.com.pe/iphone-17-pro-max-256gb-esim-silver-con-mica-102258764/p
PlazaVea,Smartphones,XIAOMI,"Smartphone XIAOMI Redmi 17 6.9"" 4GB 128GB 50MP Deep Blue",849.0,699.0,Plaza Vea,True,https://www.plazavea.com.pe/smartphone-xiaomi-redmi-17-69-4gb-128gb-50mp-deep-blue-20647786/p
PlazaVea,Smartphones,XIAOMI,"Smartphone XIAOMI Redmi 17 6.9"" 4GB 128GB 50MP Black",849.0,699.0,Plaza Vea,True,https://www.plazavea.com.pe/smartphone-xiaomi-redmi-17-69-4gb-128gb-50mp-black-20647785/p
PlazaVea,Smartphones,XIAOMI,Celular Xiaomi Redmi 15c 128GB 4RAM Negro,759.0,469.0,HolaPlaza,True,https://www.plazavea.com.pe/celular-xiaomi-redmi-15c-128gb-4ram-negro-102257986/p
PlazaVea,Smartphones,HONOR,Oppo Reno16 5G 8RAM 256GB Blanco,3599.0,2799.0,F MOBILE TECH,True,https://www.plazavea.com.pe/oppo-reno-16-5g-8ram-256gb-blanco-102257899/p
PlazaVea,Smartphones,SAMSUNG,Reacondicionado Samsung Galaxy S25 Plus 12gb Ram 256gb Icyblue,4400.0,2999.0,TECHMATE,True,https://www.plazavea.com.pe/reacondicionado-samsung-galaxy-s25-plus-12gb-ram-256gb-icyblue-102254818/p
PlazaVea,Smartphones,SAMSUNG,Reacondicionado Samsung Galaxy S25 Plus 12gb Ram 256gb Navy,4400.0,2999.0,TECHMATE,True,https://www.plazavea.com.pe/reacondicionado-samsung-galaxy-s25-plus-12gb-ram-256gb-navy-102254790/p
PlazaVea,Smartphones,SAMSUNG,Reacondicionado Samsung Galaxy S25 Plus 12gb Ram 256gb Silver,4400.0,2999.0,TECHMATE,True,https://www.plazavea.com.pe/reacondicionado-samsung-galaxy-s25-plus-12gb-ram-256gb-silver-102254721/p
PlazaVea,Smartphones,HONOR,HONOR X6d 5G 256GB Verde Cyan,889.0,639.0,HolaPlaza,True,https://www.plazavea.com.pe/honor-x6d-5g-256gb-verde-cyan-102254611/p
PlazaVea,Smartphones,HONOR,Celular Honor X6d 5G 4 GB 256GB Black,899.0,672.0,MI CEL PERU,True,https://www.plazavea.com.pe/celular-honor-x6d-5g-4-gb-256gb-black-102254472/p
PlazaVea,Smartphones,XIAOMI,REDMI NOTE 15  6GB-128GB PURPLE,899.0,719.0,PHONE SPOT PERU,True,https://www.plazavea.com.pe/redmi-note-15--6gb-128gb-purple-102252815/p
PlazaVea,Smartphones,XIAOMI,Celular Xiaomi Redmi Note 15 4G 8GB 256GB Negro,1499.0,849.0,ITG PERU,True,https://www.plazavea.com.pe/celular-xiaomi-redmi-note-15-4g-8gb-256gb-negro-102251740/p
PlazaVea,Smartphones,HONOR,Celular Honor X8D 8GB 256GB Gris,1999.0,1049.0,ITG PERU,True,https://www.plazavea.com.pe/celular-honor-x8d-8gb-256gb-gris-102251729/p
PlazaVea,Smartphones,HONOR,Celular HONOR X5d 4GB Ram 256GB Rom - Negro,799.0,699.0,SanyPeru,True,https://www.plazavea.com.pe/celular-honor-x5d-4gb-ram-256gb-rom---negro-102251717/p
PlazaVea,Smartphones,XIAOMI,Celular XIAOMI Redmi A7 Pro 4GB 64GB Azul,799.0,499.0,ITG PERU,True,https://www.plazavea.com.pe/celular-xiaomi-redmi-a7-pro-4gb-64gb-azul-102251702/p
PlazaVea,Smartphones,XIAOMI,Celular Xiaomi Redmi Note 14 Pro Plus 5G 8GB 256GB Negro,1999.0,1399.0,ITG PERU,True,https://www.plazavea.com.pe/celular-xiaomi-redmi-note-14-pro-plus-5g-8gb-256gb-negro-102251692/p
PlazaVea,Smartphones,HONOR,Celular HONOR X5d 4GB Ram 256GB Rom - Silver,799.0,699.0,SanyPeru,True,https://www.plazavea.com.pe/celular-honor-x5d-4gb-ram-256gb-rom---silver-102251688/p
PlazaVea,Smartphones,HONOR,Celular HONOR X5d 4GB Ram 256GB Rom - Azul,799.0,699.0,SanyPeru,True,https://www.plazavea.com.pe/celular-honor-x5d-4gb-ram-256gb-rom---azul-102251679/p
PlazaVea,Smartphones,SAMSUNG,Celular SAMSUNG Galaxy S26 Ultra 5G 12GB 256GB Blanco,9999.0,4079.0,ITG PERU,True,https://www.plazavea.com.pe/celular-samsung-galaxy-s26-ultra-5g-12gb-256gb-blanco-102251653/p
PlazaVea,Smartphones,HONOR,Celular Honor MAGIC 8 LITE 5G 8GB 256GB Dorado,2299.0,1549.0,ITG PERU,True,https://www.plazavea.com.pe/celular-honor-magic-8-lite-5g-8gb-256gb-dorado-102251647/p
PlazaVea,Smartphones,HONOR,Celular Honor MAGIC 8 LITE 5G 8GB 256GB Verde,2299.0,1549.0,ITG PERU,True,https://www.plazavea.com.pe/celular-honor-magic-8-lite-5g-8gb-256gb-verde-102251638/p
PlazaVea,Smartphones,HONOR,Celular Honor Play 10 4G 3GB 64GB Negro,799.0,439.0,ITG PERU,True,https://www.plazavea.com.pe/celular-honor-play-10-4g-3gb-64gb-negro-102251597/p
PlazaVea,Smartphones,APPLE,Iphone 17 Pro 256GB 5G Chip Físico Azul,9999.0,5399.0,ITG PERU,True,https://www.plazavea.com.pe/iphone-17-pro-256gb-5g-chip-fisico-azul-102251592/p
PlazaVea,Smartphones,APPLE,Iphone 17 Pro Max 256GB Edición ESIM Azul,9999.0,5299.0,ITG PERU,True,https://www.plazavea.com.pe/iphone-17-pro-max-256gb-edicion-esim-azul-102251586/p
PlazaVea,Smartphones,SAMSUNG,Celular Samsung Galaxy A57 5G 8GB 256GB Awesome Navy,3499.0,1899.0,ITG PERU,True,https://www.plazavea.com.pe/celular-samsung-galaxy-a57-5g-8gb-256gb-awesome-navy-102251584/p
PlazaVea,Smartphones,SAMSUNG,Celular Samsung Galaxy A57 5G 8GB 256GB Gris,3499.0,1899.0,ITG PERU,True,https://www.plazavea.com.pe/celular-samsung-galaxy-a57-5g-8gb-256gb-gris-102251581/p
PlazaVea,Smartphones,SAMSUNG,Celular SAMSUNG Galaxy S26 Ultra 5G 12GB 256GB Negro,9999.0,4079.0,ITG PERU,True,https://www.plazavea.com.pe/celular-samsung-galaxy-s26-ultra-5g-12gb-256gb-negro-102251570/p
PlazaVea,Smartphones,XIAOMI,Celular Xiaomi Redmi Note 15 Pro 8GB 256GB Negro,1999.0,1099.0,ITG PERU,True,https://www.plazavea.com.pe/celular-xiaomi-redmi-note-15-pro-8gb-256gb-negro-102251568/p
PlazaVea,Smartphones,XIAOMI,Celular XIAOMI Redmi A7 Pro 4GB 128GB Negro,799.0,539.0,ITG PERU,True,https://www.plazavea.com.pe/celular-xiaomi-redmi-a7-pro-4gb-128gb-negro-102251563/p
PlazaVea,Smartphones,SAMSUNG,Celular SAMSUNG Galaxy S25 Ultra 5G 12GB 1TB Gray,7599.0,4199.0,ITG PERU,True,https://www.plazavea.com.pe/celular-samsung-galaxy-s25-ultra-5g-12gb-1tb-gray-102251562/p
PlazaVea,Smartphones,APPLE,Iphone 17 Pro Max 256GB Edición ESIM Naranja,9999.0,5299.0,ITG PERU,True,https://www.plazavea.com.pe/iphone-17-pro-max-256gb-edicion-esim-naranja-102251555/p
PlazaVea,Smartphones,SAMSUNG,Celular Samsung Galaxy A37 5G 8GB 256GB Negro,2499.0,1719.0,ITG PERU,True,https://www.plazavea.com.pe/celular-samsung-galaxy-a37-5g-8gb-256gb-negro-102251552/p
PlazaVea,Smartphones,APPLE,iPhone 17 Pro 256GB Esim Silver con Case y Mica,5999.0,5999.0,MIXELL,True,https://www.plazavea.com.pe/iphone-17-pro-256gb-esim-silver-con-case-y-mica-102251204/p
PlazaVea,Smartphones,SAMSUNG,Celular SAMSUNG Galaxy S25 Ultra 5G 12GB 256GB Negro,7599.0,3349.0,ITG PERU,True,https://www.plazavea.com.pe/celular-samsung-galaxy-s25-ultra-5g-12gb-256gb-negro-102251067/p
PlazaVea,Smartphones,XIAOMI,Celular Xiaomi Redmi 15C 4GB 128GB Negro,899.0,549.0,ITG PERU,True,https://www.plazavea.com.pe/celular-xiaomi-redmi-15c-4gb-128gb-negro-102251064/p
PlazaVea,Smartphones,XIAOMI,Celular XIAOMI Redmi A7 Pro 4GB 64GB Negro,799.0,499.0,ITG PERU,True,https://www.plazavea.com.pe/celular-xiaomi-redmi-a7-pro-4gb-64gb-negro-102251052/p
PlazaVea,Smartphones,HONOR,Celular Honor Play 10 4G 4GB 128GB Negro,799.0,509.0,ITG PERU,True,https://www.plazavea.com.pe/celular-honor-play-10-4g-4gb-128gb-negro-102251032/p
PlazaVea,Smartphones,HONOR,Celular Honor X7D 8GB 256GB Negro,1399.0,849.0,ITG PERU,True,https://www.plazavea.com.pe/celular-honor-x7d-8gb-256gb-negro-102251031/p
PlazaVea,Smartphones,SAMSUNG,Celular SAMSUNG Galaxy S25 Ultra 5G 12GB 1TB Blanco,7599.0,4199.0,ITG PERU,True,https://www.plazavea.com.pe/celular-samsung-galaxy-s25-ultra-5g-12gb-1tb-blanco-102251025/p
PlazaVea,Smartphones,MOTOROLA,Celular Motorola Moto G77 5G 8GB 256GB Black Olive,1399.0,879.0,ITG PERU,True,https://www.plazavea.com.pe/celular-motorola-moto-g77-5g-8gb-256gb-black-olive-102251021/p
PlazaVea,Smartphones,HONOR,Celular Honor X8D 8GB 256GB Azul,1999.0,1049.0,ITG PERU,True,https://www.plazavea.com.pe/celular-honor-x8d-8gb-256gb-azul-102251016/p
PlazaVea,Smartphones,HONOR,Celular Honor MAGIC 8 LITE 5G 8GB 512GB Negro,2499.0,1619.0,ITG PERU,True,https://www.plazavea.com.pe/celular-honor-magic-8-lite-5g-8gb-512gb-negro-102251008/p
PlazaVea,Smartphones,SAMSUNG,Celular Samsung Galaxy A37 5G 8GB 256GB Lavanda,2499.0,1719.0,ITG PERU,True,https://www.plazavea.com.pe/celular-samsung-galaxy-a37-5g-8gb-256gb-lavanda-102250994/p
PlazaVea,Smartphones,HONOR,Celular HONOR X7e 6GB Ram 256GB Rom - Negro,1199.0,1099.0,SanyPeru,True,https://www.plazavea.com.pe/celular-honor-x7e-6gb-ram-256gb-rom---negro-102250853/p
PlazaVea,Smartphones,APPLE,Iphone 17 Pro Max 256GB Edición ESIM Silver,9999.0,5299.0,ITG PERU,True,https://www.plazavea.com.pe/iphone-17-pro-max-256gb-edicion-esim-silver-102250655/p
PlazaVea,Smartphones,XIAOMI,Celular XIAOMI Redmi A7 Pro 4GB 128GB Azul,799.0,539.0,ITG PERU,True,https://www.plazavea.com.pe/celular-xiaomi-redmi-a7-pro-4gb-128gb-azul-102250626/p
PlazaVea,Smartphones,SAMSUNG,Celular Samsung Galaxy A57 5G 8GB 256GB Azul Hielo,3499.0,1899.0,ITG PERU,True,https://www.plazavea.com.pe/celular-samsung-galaxy-a57-5g-8gb-256gb-azul-hielo-102250544/p
PlazaVea,Smartphones,XIAOMI,Celular Xiaomi Redmi 15 8GB 256GB Negro,999.0,789.0,ITG PERU,True,https://www.plazavea.com.pe/celular-xiaomi-redmi-15-8gb-256gb-negro-102250530/p
PlazaVea,Smartphones,SAMSUNG,Celular SAMSUNG Galaxy S25 Ultra 5G 12GB 256GB White Silver,7599.0,3349.0,ITG PERU,True,https://www.plazavea.com.pe/celular-samsung-galaxy-s25-ultra-5g-12gb-256gb-white-silver-102250520/p
PlazaVea,Smartphones,APPLE,Iphone 17 Pro 256GB Edición ESIM Naranja,9999.0,5029.0,ITG PERU,True,https://www.plazavea.com.pe/iphone-17-pro-256gb-edicion-esim-naranja-102250495/p
PlazaVea,Smartphones,APPLE,Iphone 17 Pro 256GB 5G Chip Físico Naranja,9999.0,5399.0,ITG PERU,True,https://www.plazavea.com.pe/iphone-17-pro-256gb-5g-chip-fisico-naranja-102250491/p
PlazaVea,Smartphones,SAMSUNG,Celular SAMSUNG Galaxy S26 Ultra 5G 12GB 256GB Azul,9999.0,4079.0,ITG PERU,True,https://www.plazavea.com.pe/celular-samsung-galaxy-s26-ultra-5g-12gb-256gb-azul-102250480/p
PlazaVea,Smartphones,XIAOMI,Celular Xiaomi Redmi 15C 4GB 256GB Negro,899.0,599.0,ITG PERU,True,https://www.plazavea.com.pe/celular-xiaomi-redmi-15c-4gb-256gb-negro-102250476/p
PlazaVea,Smartphones,MOTOROLA,Motorola Moto G17 4RAM 128GB Rosa,899.0,699.0,F MOBILE TECH,True,https://www.plazavea.com.pe/motorola-moto-g17-4ram-128gb-rosa-102250437/p
PlazaVea,Smartphones,XIAOMI,Celular Xiaomi Redmi 15C 8GB 256GB Negro,899.0,679.0,ITG PERU,True,https://www.plazavea.com.pe/celular-xiaomi-redmi-15c-8gb-256gb-negro-102250435/p
PlazaVea,Smartphones,XIAOMI,CELULAR XIAOMI NOTE 15 PRO 4G 8GB 256GB NEGRO,1499.0,1245.0,JA INNOVATION GROUP S.A.C,True,https://www.plazavea.com.pe/celular-xiaomi-note-15-pro-4g-8gb-256gb-negro-102250398/p
PlazaVea,Smartphones,SAMSUNG,Celular Samsung Galaxy A57 5G 8GB 256GB Violeta,3499.0,1899.0,ITG PERU,True,https://www.plazavea.com.pe/celular-samsung-galaxy-a57-5g-8gb-256gb-violeta-102250376/p
PlazaVea,Smartphones,HONOR,Celular HONOR X6e 4GB Ram 256GB Rom - Dorado,999.0,899.0,SanyPeru,True,https://www.plazavea.com.pe/celular-honor-x6e-4gb-ram-256gb-rom---dorado-102250367/p
PlazaVea,Smartphones,SAMSUNG,Celular SAMSUNG Galaxy S26 Ultra 5G 12GB 256GB Violeta,9999.0,4079.0,ITG PERU,True,https://www.plazavea.com.pe/celular-samsung-galaxy-s26-ultra-5g-12gb-256gb-violeta-102250355/p
PlazaVea,Smartphones,HONOR,Celular HONOR X6e 4GB Ram 256GB Rom - Negro,999.0,899.0,SanyPeru,True,https://www.plazavea.com.pe/celular-honor-x6e-4gb-ram-256gb-rom---negro-102250322/p
PlazaVea,Smartphones,SAMSUNG,Celular SAMSUNG Galaxy S25 Ultra 5G 12GB 256GB Silver Blue,7599.0,3349.0,ITG PERU,True,https://www.plazavea.com.pe/celular-samsung-galaxy-s25-ultra-5g-12gb-256gb-silver-blue-102250254/p
PlazaVea,Smartphones,HONOR,Celular HONOR X7e 6GB Ram 256GB Rom - Naranja,1199.0,1099.0,SanyPeru,True,https://www.plazavea.com.pe/celular-honor-x7e-6gb-ram-256gb-rom---naranja-102250094/p
PlazaVea,Smartphones,HONOR,Celular HONOR X7e 6GB Ram 256GB Rom - Azul,1199.0,1099.0,SanyPeru,True,https://www.plazavea.com.pe/celular-honor-x7e-6gb-ram-256gb-rom---azul-102249188/p
PlazaVea,Smartphones,HONOR,Celular HONOR 600 Smart 5G 6GB Ram 256GB Rom - Morado,1799.0,1549.0,SanyPeru,True,https://www.plazavea.com.pe/celular-honor-600-smart-5g-6gb-ram-256gb-rom---morado-102248055/p
PlazaVea,Smartphones,XIAOMI,Xiaomi 17T 512gb 12gb Negro,2959.0,2549.0,TelcelperuExpress,True,https://www.plazavea.com.pe/xiaomi-17t-512gb-12gb-negro-102244244/p
PlazaVea,Smartphones,HONOR,Celular HONOR 600 Smart 5G 6GB RAM 256GB ROM - Silver,1799.0,1549.0,SanyPeru,True,https://www.plazavea.com.pe/celular-honor-600-smart-5g-6gb-ram-256gb-rom---silver-102244015/p
PlazaVea,Smartphones,XIAOMI,Xiaomi 17T Pro 512gb 12gb Ram Violeta,3649.0,2999.0,Moviles Eirl,True,https://www.plazavea.com.pe/xiaomi-17t-pro-512gb-12gb-ram-violeta-102243603/p
PlazaVea,Smartphones,SAMSUNG,Celular Samsung Galaxy A36 5G 256GB 8GB RAM - Negro,2199.0,1399.0,GRUPO LINEA HOGAR,True,https://www.plazavea.com.pe/celular-samsung-galaxy-a36-5g-256gb-8gb-ram---negro-102243543/p
PlazaVea,Smartphones,SAMSUNG,SAMSUNG GALAXY S26 ULTRA 12RAM 512GB BLANCO,5900.0,4199.0,MarketcellExpress,True,https://www.plazavea.com.pe/samsung-galaxy-s26-ultra-12ram-512gb-blanco-102243482/p
PlazaVea,Smartphones,XIAOMI,Xiaomi 17T Pro 512gb 12gb Ram Violeta,3649.0,2999.0,Telcelperu,True,https://www.plazavea.com.pe/xiaomi-17t-pro-512gb-12gb-ram-violeta-102243480/p
PlazaVea,Smartphones,APPLE,IPHONE 17 PRO 5G 256GB ESIM - AZUL,5900.0,4599.0,MarketcellExpress,True,https://www.plazavea.com.pe/iphone-17-pro-5g-256gb-esim---azul-102243441/p
PlazaVea,Smartphones,APPLE,IPHONE 17 PRO 5G 256GB ESIM - NARANJA,5900.0,4599.0,MarketcellExpress,True,https://www.plazavea.com.pe/iphone-17-pro-5g-256gb-esim---naranja-102243366/p
PlazaVea,Smartphones,XIAOMI,CELULAR XIAOMI 17 12GB 512GB NEGRO,5299.0,4585.0,JA INNOVATION GROUP S.A.C,True,https://www.plazavea.com.pe/celular-xiaomi-17-12gb-512gb-negro-102243240/p
PlazaVea,Smartphones,SAMSUNG,Samsung Galaxy S26 Ultra 512gb 12gb Black,5149.0,4749.0,TelcelperuExpress,True,https://www.plazavea.com.pe/samsung-galaxy-s26-ultra-512gb-12gb-black-102243170/p
PlazaVea,Smartphones,XIAOMI,Xiaomi 17T 512gb 12gb Negro,2959.0,2549.0,Moviles Eirl,True,https://www.plazavea.com.pe/xiaomi-17t-512gb-12gb-negro-102243168/p
PlazaVea,Smartphones,XIAOMI,Xiaomi 17T Pro 512gb 12gb Ram Violeta,3649.0,2999.0,TelcelperuExpress,True,https://www.plazavea.com.pe/xiaomi-17t-pro-512gb-12gb-ram-violeta-102243135/p
PlazaVea,Smartphones,XIAOMI,Xiaomi 17T Pro 512gb 12gb Ram Azul,3649.0,2999.0,Telcelperu,True,https://www.plazavea.com.pe/xiaomi-17t-pro-512gb-12gb-ram-azul-102243131/p
PlazaVea,Smartphones,XIAOMI,Xiaomi 17T Pro 512gb 12gb Ram Azul,3649.0,2999.0,TelcelperuExpress,True,https://www.plazavea.com.pe/xiaomi-17t-pro-512gb-12gb-ram-azul-102243130/p
PlazaVea,Smartphones,XIAOMI,Xiaomi 17T 512gb 12gb Negro,2959.0,2549.0,Telcelperu,True,https://www.plazavea.com.pe/xiaomi-17t-512gb-12gb-negro-102243111/p
PlazaVea,Smartphones,SAMSUNG,Samsung Galaxy S26 Ultra 512gb 12gb Black,5149.0,4749.0,Telcelperu,True,https://www.plazavea.com.pe/samsung-galaxy-s26-ultra-512gb-12gb-black-102243104/p
PlazaVea,Smartphones,XIAOMI,Xiaomi 17T Pro 512gb 12gb Ram Azul,3649.0,2999.0,Moviles Eirl,True,https://www.plazavea.com.pe/xiaomi-17t-pro-512gb-12gb-ram-azul-102243098/p
PlazaVea,Smartphones,SAMSUNG,Samsung Galaxy S26 Ultra 512gb 12gb Black,5149.0,4749.0,Moviles Eirl,True,https://www.plazavea.com.pe/samsung-galaxy-s26-ultra-512gb-12gb-black-102243095/p
PlazaVea,Smartphones,XIAOMI,CELULAR XIAOMI 17 Ultra 16GB 512GB NEGRO,8299.0,6999.0,JA INNOVATION GROUP S.A.C,True,https://www.plazavea.com.pe/celular-xiaomi-17-ultra-16gb-512gb-negro-102243020/p
PlazaVea,Smartphones,APPLE,IPHONE 17 PRO 5G 256GB ESIM - SILVER,5900.0,4599.0,MarketcellExpress,True,https://www.plazavea.com.pe/iphone-17-pro-5g-256gb-esim---silver-102243016/p
PlazaVea,Smartphones,XIAOMI,CELULAR XIAOMI 17 Ultra 16GB  512GB Verde Estelar,7999.0,6999.0,JA INNOVATION GROUP S.A.C,True,https://www.plazavea.com.pe/celular-xiaomi-17-ultra-16gb--512gb-verde-estelar-102242996/p
PlazaVea,Smartphones,SAMSUNG,SAMSUNG GALAXY S26 ULTRA 12RAM 512GB CELESTE,5900.0,4049.0,MarketcellExpress,True,https://www.plazavea.com.pe/samsung-galaxy-s26-ultra-12ram-512gb-celeste-102242925/p
PlazaVea,Smartphones,SAMSUNG,SAMSUNG GALAXY S26 ULTRA 12RAM 512GB LILA,5900.0,4059.0,MarketcellExpress,True,https://www.plazavea.com.pe/samsung-galaxy-s26-ultra-12ram-512gb-lila-102242921/p
PlazaVea,Smartphones,REDMI,CELULAR XIAOMI REDMI A7 PRO 4GB RAM 64GB ROM - NEGRO,899.0,399.0,D´TEEC-TECNOLOGÍA ELECTRO,True,https://www.plazavea.com.pe/celular-xiaomi-redmi-a7-pro-4gb-ram-64gb-rom---negro-102241730/p
PlazaVea,Smartphones,REDMI,CELULAR XIAOMI REDMI A7 PRO 4GB RAM 64GB ROM - NEGRO,899.0,399.0,IMPORT CASO E.I.R.L.,True,https://www.plazavea.com.pe/celular-xiaomi-redmi-a7-pro-4gb-ram-64gb-rom---negro-102241648/p
PlazaVea,Smartphones,APPLE,Iphone 17 pro 256 GB ESIM - SILVER,5699.0,4799.0,MANZANA MIA,True,https://www.plazavea.com.pe/iphone-17-pro-256-gb-esim---silver-102241632/p
PlazaVea,Smartphones,REDMI,CELULAR XIAOMI REDMI A7 PRO 4GB RAM 64GB ROM - NEGRO,899.0,399.0,RP INVERSIONES,True,https://www.plazavea.com.pe/celular-xiaomi-redmi-a7-pro-4gb-ram-64gb-rom---negro-102241489/p
PlazaVea,Smartphones,APPLE,Apple iPhone 14 - 128GB Reacondicionado A - Blanco mas Regalo,1999.0,1479.0,Techpro Store,True,https://www.plazavea.com.pe/apple-iphone-14---128gb-reacondicionado-a---blanco-102239578/p
PlazaVea,Smartphones,SAMSUNG,SAMSUNG A56,1899.0,1769.0,TodoFon Inversiones,True,https://www.plazavea.com.pe/samsung-a56--102238787/p
PlazaVea,Smartphones,XIAOMI,Celular Xiaomi Redmi Note 15 128GB Azul,869.0,739.0,HolaPlaza,True,https://www.plazavea.com.pe/celular-xiaomi-redmi-note-15-128gb-azul-102237039/p
PlazaVea,Smartphones,XIAOMI,Celular Xiaomi Redmi Note 15 128GB Verde,869.0,739.0,HolaPlaza,True,https://www.plazavea.com.pe/celular-xiaomi-redmi-note-15-128gb-verde-102236953/p
PlazaVea,Smartphones,XIAOMI,XIAOMI REDMI NOTE 15 PRO,1359.0,1219.0,TodoFon Inversiones,True,https://www.plazavea.com.pe/xiaomi-redmi-note-15-pro-102236927/p
PlazaVea,Smartphones,XIAOMI,Celular Xiaomi Redmi Note 15 128GB Negro,869.0,739.0,HolaPlaza,True,https://www.plazavea.com.pe/celular-xiaomi-redmi-note-15-128gb-negro-102236900/p
PlazaVea,Smartphones,APPLE,iPhone 11 64GB Negro - Grado B Reacondicionado,1999.0,899.0,SMARTLEBEN,True,https://www.plazavea.com.pe/iphone-11-64gb-negro---grado-b-reacondicionado-102236793/p
PlazaVea,Smartphones,APPLE,iPhone 11 Pro 256GB Plata - Grado B Reacondicionado,2999.0,1209.0,SMARTLEBEN,True,https://www.plazavea.com.pe/iphone-11-pro-256gb-plata---grado-b-reacondicionado-102236001/p
PlazaVea,Smartphones,SAMSUNG,Celular Samsung Galaxy A56 5G 256GB 8GB RAM - Negro,2799.0,1529.0,GRUPO LINEA HOGAR,True,https://www.plazavea.com.pe/celular-samsung-galaxy-a56-5g-256gb-8gb-ram---negro-102235735/p
PlazaVea,Smartphones,HONOR,HONOR X7D,949.0,879.0,TodoFon Inversiones,True,https://www.plazavea.com.pe/honor-x7d-102235551/p
PlazaVea,Smartphones,HONOR,HONOR X8D,1199.0,1109.0,TodoFon Inversiones,True,https://www.plazavea.com.pe/honor-x8d-102235515/p
PlazaVea,Smartphones,HONOR,HONOR 600e,1899.0,1774.0,TodoFon Inversiones,True,https://www.plazavea.com.pe/honor-600e-102235370/p
PlazaVea,Smartphones,HONOR,HONOR X9D,1700.0,1629.0,TodoFon Inversiones,True,https://www.plazavea.com.pe/honor-x9d-102235352/p
PlazaVea,Smartphones,HONOR,HONOR X6C,799.0,734.0,TodoFon Inversiones,True,https://www.plazavea.com.pe/honor-x6c-102235351/p
PlazaVea,Smartphones,HONOR,Honor 600e 512GB 8GB Grey,2031.0,1881.0,Celulares Peru Smart,True,https://www.plazavea.com.pe/honor-600e-512gb-8gb-grey-102235028/p
PlazaVea,Smartphones,SAMSUNG,Samsung A27 5G 256GB 8GB Azul,1521.0,1408.0,Celulares Peru Smart,True,https://www.plazavea.com.pe/samsung-a27-5g-256gb-8gb-azul-102234831/p
PlazaVea,Smartphones,HONOR,Honor X7e 256GB 6GB Naranja,1147.0,956.0,Celulares Peru Smart,True,https://www.plazavea.com.pe/honor-x7e-256gb-6gb-naranja-102234815/p
PlazaVea,Smartphones,APPLE,"iPhone 12 Pro Max, Sin Face ID, Batería 79% 512GB 6GB Gris (REACONDICIONADO GRADO A+)",1985.0,1838.0,Celulares Peru Smart,True,https://www.plazavea.com.pe/iphone-12-pro-max-sin-face-id-bateria-79--512gb-6gb-gris--reacondicionado-grado-a---102234625/p
PlazaVea,Smartphones,MOTOROLA,Celular Motorola Moto G17 256GB 4GB RAM Azul,989.0,549.0,HolaPlaza,True,https://www.plazavea.com.pe/celular-motorola-moto-g17-256gb-4gb-ram-azul-102234284/p
PlazaVea,Smartphones,HONOR,"Smartphone HONOR Magic 8 Pro 6.7"" 12GB 512GB 50MP Negro",5099.0,4899.0,Plaza Vea,True,https://www.plazavea.com.pe/smartphone-honor-magic-8-pro-67-12gb-512gb-50mp-negro-20634809/p
PlazaVea,Smartphones,APPLE,iPhone 16 Pro Max 256GB Seminuevo  Desert Titanium - Incluye Mica Case y Cargador Ugreen de regalo,4000.0,3759.0,TECMOTIONS INTERNACIONAL,True,https://www.plazavea.com.pe/-iphone-16-pro-max-256gb-seminuevo--desert-titanium---incluye-mica-case-y-cargador-ugreen-de-regalo-102232448/p
PlazaVea,Smartphones,APPLE,iPhone 16 Pro Max 256GB Seminuevo  Natural Titanium - Incluye Mica Case y Cargador Ugreen de regalo,4000.0,3759.0,TECMOTIONS INTERNACIONAL,True,https://www.plazavea.com.pe/-iphone-16-pro-max-256gb-seminuevo--natural-titanium---incluye-mica-case-y-cargador-ugreen-de-regalo-102232442/p
PlazaVea,Smartphones,SAMSUNG,Samsung A27 5G 256GB 8GB Lightpink,1521.0,1408.0,Celulares Peru Smart,True,https://www.plazavea.com.pe/samsung-a27-5g-256gb-8gb-lightpink-102229210/p
PlazaVea,Smartphones,HONOR,Honor 600e + choiche earbuds X7 lite 256GB 8GB Sprout Green,1996.0,1848.0,Celulares Peru Smart,True,https://www.plazavea.com.pe/honor-600e---choiche-earbuds-x7-lite-256gb-8gb-sprout-green-102228548/p
PlazaVea,Smartphones,SAMSUNG,Samsung s26 512GB 12GB Cobaltviolet,4470.0,4139.0,Celulares Peru Smart,True,https://www.plazavea.com.pe/samsung-s26-512gb-12gb-cobaltviolet-102228535/p
PlazaVea,Smartphones,MOTOROLA,Motorola Razr 50 ULTRA + MOTO BUDS PLUS 512GB 12GB Azul Medianoche,3192.0,2956.0,Celulares Peru Smart,True,https://www.plazavea.com.pe/motorola-razr-50-ultra---moto-buds-plus-512gb-12gb-azul-medianoche-102228513/p
PlazaVea,Smartphones,HONOR,Honor Magic 7 Pro 512GB 12GB Shadow Grey,3843.0,3558.0,Celulares Peru Smart,True,https://www.plazavea.com.pe/honor-magic-7-pro-512gb-12gb-shadow-grey-102228424/p
PlazaVea,Smartphones,SAMSUNG,Samsung Galaxy S26 normal 512gb Sky Blue,5399.0,3699.0,EPM PHONESTORE,True,https://www.plazavea.com.pe/samsung-galaxy-s26-normal-512gb-sky-blue-102228293/p
PlazaVea,Smartphones,SAMSUNG,Samsung Galaxy S26 Plus 256gb Black,5499.0,3999.0,EPM PHONESTORE,True,https://www.plazavea.com.pe/samsung-galaxy-s26-plus-256gb-black-102228171/p
PlazaVea,Smartphones,XIAOMI,XIAOMI 17T 12GB-512GB VIOLETA,4000.0,4000.0,PHONE SPOT PERU,True,https://www.plazavea.com.pe/xiaomi-17t-12gb-512gb-violeta--102217410/p
PlazaVea,Smartphones,MOTOROLA,Celular Moto G17 4GB 256GB,980.0,559.0,MI CEL PERU,True,https://www.plazavea.com.pe/celular-moto-g17-4gb-256gb-102216411/p
PlazaVea,Smartphones,XIAOMI,XIAOMI POCO X8 PRO 256GB 8RAM BLACK,1918.0,1499.0,PRIME MOBILE EIRL,True,https://www.plazavea.com.pe/xiaomi-poco-x8-pro-256gb-8ram-black-102216407/p
PlazaVea,Smartphones,MOTOROLA,MG174256ARA01,799.0,599.0,HOLA COMUNICACION,True,https://www.plazavea.com.pe/celular-motorola-g17-4gb-ram-256gb-arandano-102216387/p
PlazaVea,Smartphones,XIAOMI,XIAOMI 17 512GB 12RAM BLACK,4599.0,3710.0,PRIME MOBILE EIRL,True,https://www.plazavea.com.pe/xiaomi-17-512gb-12ram-black-102216366/p
PlazaVea,Smartphones,XIAOMI,REDMI NOTE 15 4G 128GB 6RAM PURPURA,999.0,719.0,PRIME MOBILE EIRL,True,https://www.plazavea.com.pe/redmi-note-15-4g-128gb-6ram-purpura-102215580/p
PlazaVea,Smartphones,HONOR,CELULAR HONOR MAGIC7 LITE 512GB 8GB 108 MP TITANIUM PURPLE,1999.0,1499.0,ELECTRODOMESTICOS GALEXA,True,https://www.plazavea.com.pe/celular-honor-magic7-lite-512gb-8gb-108-mp-titanium-purple-102214285/p
PlazaVea,Smartphones,XIAOMI,Xiaomi Poco F8 Pro 512gb 12gb Azul,2999.0,2449.0,Telcelperu,True,https://www.plazavea.com.pe/xiaomi-poco-f8-pro-512gb-12gb-azul-102209765/p
PlazaVea,Smartphones,XIAOMI,Xiaomi Poco F8 Ultra 512gb 16gb Negro,3959.0,3399.0,TelcelperuExpress,True,https://www.plazavea.com.pe/xiaomi-poco-f8-ultra-512gb-16gb-negro-102209758/p
PlazaVea,Smartphones,XIAOMI,Celular Xiaomi 12 8-256GB,1500.0,1350.0,Y TU LO QUIERES,True,https://www.plazavea.com.pe/celular-xiaomi-12-8-256gb-102207768/p
PlazaVea,Smartphones,XIAOMI,Xiaomi Poco F8 Ultra 512gb 16gb Denim Blue,3959.0,3399.0,TelcelperuExpress,True,https://www.plazavea.com.pe/xiaomi-poco-f8-ultra-512gb-16gb-denim-blue-102207610/p
PlazaVea,Smartphones,XIAOMI,Xiaomi Poco F8 Ultra 512gb 16gb Denim Blue,3959.0,3399.0,Telcelperu,True,https://www.plazavea.com.pe/xiaomi-poco-f8-ultra-512gb-16gb-denim-blue-102207599/p
PlazaVea,Smartphones,XIAOMI,Xiaomi Poco F8 Ultra 512gb 16gb Negro,3959.0,3399.0,Telcelperu,True,https://www.plazavea.com.pe/xiaomi-poco-f8-ultra-512gb-16gb-negro-102207583/p
PlazaVea,Smartphones,XIAOMI,Xiaomi Poco F8 Pro 512gb 12gb Azul,2899.0,2449.0,TelcelperuExpress,True,https://www.plazavea.com.pe/xiaomi-poco-f8-pro-512gb-12gb-azul-102207521/p
PlazaVea,Smartphones,XIAOMI,Xiaomi Poco F8 Pro 512gb 12gb Negro,2999.0,2449.0,Telcelperu,True,https://www.plazavea.com.pe/xiaomi-poco-f8-pro-512gb-12gb-negro-102207471/p
PlazaVea,Smartphones,XIAOMI,Xiaomi Poco F8 Pro 512gb 12gb Negro,2899.0,2449.0,TelcelperuExpress,True,https://www.plazavea.com.pe/xiaomi-poco-f8-pro-512gb-12gb-negro-102207456/p
PlazaVea,Smartphones,HONOR,HONOR X7D 256GB 8RAM NEGRO,999.0,815.0,PRIME MOBILE EIRL,True,https://www.plazavea.com.pe/honor-x7d-256gb-8ram-negro-102202965/p
PlazaVea,Smartphones,HONOR,HONOR X7D 256GB 6RAM SILVER,999.0,785.0,PRIME MOBILE EIRL,True,https://www.plazavea.com.pe/honor-x7d-256gb-6ram-silver-102202963/p
PlazaVea,Smartphones,HONOR,HONOR X6E 256GB 4RAM NEGRO,899.0,675.0,PRIME MOBILE EIRL,True,https://www.plazavea.com.pe/honor-x6e-256gb-4ram-negro-102202707/p
PlazaVea,Smartphones,SAMSUNG,Celular Samsung Galaxy S25 Ultra 12GB RAM 512GB Chip + eSIM Titanium Silver Blue,5799.0,3899.0,GTECH X,True,https://www.plazavea.com.pe/celular-samsung-galaxy-s25-ultra-12gb-ram-512gb-chip-esim-titanium-silver-blue-102202680/p
PlazaVea,Smartphones,SAMSUNG,Celular Samsung Galaxy S25 Ultra 12GB RAM 512GB Chip + eSIM Titanium White Silver,5799.0,3899.0,GTECH X,True,https://www.plazavea.com.pe/celular-samsung-galaxy-s25-ultra-12gb-ram-512gb-chip-esim-titanium-white-silver-102202604/p
PlazaVea,Smartphones,HONOR,HONOR X8D 256GB 8RAM GRIS,1545.0,1000.0,PRIME MOBILE EIRL,True,https://www.plazavea.com.pe/honor-x8d-256gb-8ram-gris-102202597/p
PlazaVea,Smartphones,HONOR,HONOR X5D 128GB 4RAM NEGRO,699.0,469.0,PRIME MOBILE EIRL,True,https://www.plazavea.com.pe/honor-x5d-128gb-4ram-negro-102202488/p
PlazaVea,Smartphones,HONOR,HONOR X9D 5G 512GB 8RAM NEGRO,1999.0,1525.0,PRIME MOBILE EIRL,True,https://www.plazavea.com.pe/honor-x9d-5g-512gb-8ram-negro-102202315/p
PlazaVea,Smartphones,HONOR,HONOR X8D 256GB 8RAM AZUL,1545.0,1000.0,PRIME MOBILE EIRL,True,https://www.plazavea.com.pe/honor-x8d-256gb-8ram-azul-102202268/p
PlazaVea,Smartphones,HONOR,HONOR MAGIC 8 LITE 5G 256GB 8RAM VERDE,1679.0,1475.0,PRIME MOBILE EIRL,True,https://www.plazavea.com.pe/honor-magic-8-lite-5g-256gb-8ram-verde-102202218/p
PlazaVea,Smartphones,HONOR,HONOR X5D 128GB 4RAM SILVER,699.0,469.0,PRIME MOBILE EIRL,True,https://www.plazavea.com.pe/honor-x5d-128gb-4ram-silver-102202087/p
PlazaVea,Smartphones,HONOR,HONOR X5C PLUS 256GB 4RAM AZUL,789.0,520.0,PRIME MOBILE EIRL,True,https://www.plazavea.com.pe/honor-x5c-plus-256gb-4ram-azul-102202060/p
PlazaVea,Smartphones,SAMSUNG,Celular Samsung Galaxy S25 Ultra 12GB RAM 512GB Chip + eSIM Titanium Gray,5799.0,3899.0,GTECH X,True,https://www.plazavea.com.pe/celular-samsung-galaxy-s25-ultra-12gb-ram-512gb-chip-esim-titanium-gray-102201154/p
PlazaVea,Smartphones,HONOR,HONOR MAGIC 8 LITE 5G 256GB 8RAM NEGRO,1679.0,1475.0,PRIME MOBILE EIRL,True,https://www.plazavea.com.pe/honor-magic-8-lite-5g-256gb-8ram-negro-102201149/p
PlazaVea,Smartphones,MOTOROLA,Motorola Moto G9 Power 128GB 4GB Verde Granito,528.0,440.0,CELULARESPERUSMARTSAC,True,https://www.plazavea.com.pe/motorola-moto-g9-power-128gb-4gb-verde-granito-102199361/p
PlazaVea,Smartphones,APPLE,IPhone 17 PRO MAX 256gb CHIP FISICO - COSMIC ORANGE,7999.0,5539.0,Fox Móviles SAC,True,https://www.plazavea.com.pe/iphone-17-pro-max-256gb-chip-fisico-cosmic-orange-102198592/p
PlazaVea,Smartphones,XIAOMI,Celular Xiaomi Redmi A7 Pro 4GB RAM 128 GB ROM - Negro,799.0,399.0,RAYKOV,True,https://www.plazavea.com.pe/celular-xiaomi-redmi-a7-pro-4gb-ram-128-gb-rom-negro-102198503/p
PlazaVea,Smartphones,XIAOMI,Xiaomi 17T PRO 512GB 12GB Violeta,3803.0,3521.0,CELULARESPERUSMARTSAC,True,https://www.plazavea.com.pe/xiaomi-17t-pro-512gb-12gb-violeta-102198490/p
PlazaVea,Smartphones,HONOR,Celular HONOR X8D 256GB ROM 8GB RAM - NEGRO 108 mpx,1299.0,889.0,RAYKOV,True,https://www.plazavea.com.pe/celular-honor-x8d-256gb-rom-8gb-ram-negro-108-mpx-102198481/p
PlazaVea,Smartphones,XIAOMI,Celular Xiaomi Redmi A7 Pro 4GB RAM 64 GB ROM - Negro,699.0,359.0,RAYKOV,True,https://www.plazavea.com.pe/celular-xiaomi-redmi-a7-pro-4gb-ram-64-gb-rom-negro-102198480/p
PlazaVea,Smartphones,HONOR,Honor X5C Plus 256GB 4GB Cyan,703.0,586.0,CELULARESPERUSMARTSAC,True,https://www.plazavea.com.pe/honor-x5c-plus-256gb-4gb-cyan-102198477/p
PlazaVea,Smartphones,HONOR,Celular HONOR X8c 8GB RAM 256GB Cámara 108MP Negro,1999.0,1019.0,GRUPO LINEA HOGAR,True,https://www.plazavea.com.pe/celular-honor-x8c-8gb-ram-256gb-camara-108mp-negro-102198193/p
PlazaVea,Smartphones,HONOR,Celular HONOR X5c Plus 256GB Cian,699.0,565.0,HolaPlaza,True,https://www.plazavea.com.pe/celular-honor-x5c-plus-256gb-cian-102195108/p
PlazaVea,Smartphones,HONOR,Celular HONOR X5d 128GB Silver,599.0,439.0,HolaPlaza,True,https://www.plazavea.com.pe/celular-honor-x5d-128gb-silver-102194933/p
PlazaVea,Smartphones,APPLE,Celular Apple iPhone 15 128GB Versión Chip Black,3199.0,2899.0,GTECH X,True,https://www.plazavea.com.pe/celular-apple-iphone-15-128gb-version-chip-black-102191789/p
PlazaVea,Smartphones,APPLE,Celular Apple iPhone 17 Pro 256GB 120Hz eSIM Cosmic Orange,5499.0,4895.0,GTECH X,True,https://www.plazavea.com.pe/celular-apple-iphone-17-pro-256gb-120hz-esim-cosmic-orange-102191780/p
PlazaVea,Smartphones,APPLE,Celular Apple iPhone 15 128GB Versión Chip Blue,3199.0,2899.0,GTECH X,True,https://www.plazavea.com.pe/celular-apple-iphone-15-128gb-version-chip-blue-102191754/p
PlazaVea,Smartphones,APPLE,982892719,3999.0,2549.0,Renation  Yurico EIRL,True,https://www.plazavea.com.pe/celular-iphone-16e-5g-128gb-camara-48mp-chip-fisico-md1r4bea-blanco-nuevo-102189531/p
PlazaVea,Smartphones,HONOR,Honor Magic 8 Lite 512gb 8gb Dorado Amanecer,2059.0,1679.0,Telcelperu,True,https://www.plazavea.com.pe/honor-magic-8-lite-512gb-8gb-dorado-amanecer-102189125/p
PlazaVea,Smartphones,APPLE,iPhone 11 64GB Negro - Grado A Reacondicionado,1999.0,969.0,SMARTLEBEN,True,https://www.plazavea.com.pe/iphone-11-64gb-negro---grado-a-reacondicionado-102186669/p
PlazaVea,Smartphones,APPLE,iPhone 11 128GB Morado - Grado A Reacondicionado,2499.0,1149.0,SMARTLEBEN,True,https://www.plazavea.com.pe/iphone-11-128gb-morado---grado-a-reacondicionado-102186476/p
PlazaVea,Smartphones,APPLE,iPhone 11 Pro 64GB Verde Medianoche - Grado A Reacondicionado,2799.0,1199.0,SMARTLEBEN,True,https://www.plazavea.com.pe/iphone-11-pro-64gb-verde-medianoche---grado-a-reacondicionado-102186222/p
PlazaVea,Smartphones,APPLE,iPhone 11 128GB Blanco - Grado A Reacondicionado,2499.0,1149.0,SMARTLEBEN,True,https://www.plazavea.com.pe/iphone-11-128gb-blanco---grado-a-reacondicionado-102186089/p
PlazaVea,Smartphones,APPLE,iPhone 11 128GB Negro - Grado A Reacondicionado,2499.0,1149.0,SMARTLEBEN,True,https://www.plazavea.com.pe/iphone-11-128gb-negro---grado-a-reacondicionado-102185641/p
PlazaVea,Smartphones,APPLE,iPhone 11 64GB Blanco - Grado A Reacondicionado,1999.0,969.0,SMARTLEBEN,True,https://www.plazavea.com.pe/iphone-11-64gb-blanco---grado-a-reacondicionado-102185630/p
PlazaVea,Smartphones,APPLE,iPhone 11 64GB Morado - Grado A Reacondicionado,1999.0,969.0,SMARTLEBEN,True,https://www.plazavea.com.pe/iphone-11-64gb-morado---grado-a-reacondicionado-102185619/p
PlazaVea,Smartphones,SAMSUNG,Celular Samsung Galaxy A07 128GB Negro,599.0,439.0,HolaPlaza,True,https://www.plazavea.com.pe/celular-samsung-galaxy-a07-128gb-negro-102185566/p
PlazaVea,Smartphones,HONOR,Honor X5c Plus 256GB 4GB Ram Azul,899.0,549.0,INFOTECSHOP,True,https://www.plazavea.com.pe/honor-x5c-plus-256gb-4gb-ram-azul-102185518/p
PlazaVea,Smartphones,HONOR,Honor X5c Plus 256GB 4GB Ram Negro,899.0,549.0,INFOTECSHOP,True,https://www.plazavea.com.pe/honor-x5c-plus-256gb-4gb-ram-negro-102185447/p
PlazaVea,Smartphones,HONOR,Honor X5c Plus 256GB 4GB Ram Silver,899.0,549.0,INFOTECSHOP,True,https://www.plazavea.com.pe/honor-x5c-plus-256gb-4gb-ram-silver-102185385/p
PlazaVea,Smartphones,APPLE,iPhone 16 Pro Max 256GB Seminuevo - Black Titanium,4000.0,3759.0,TECMOTIONS INTERNACIONAL,True,https://www.plazavea.com.pe/iphone-16-pro-max-256gb-seminuevo-black-titanium-102184201/p
PlazaVea,Smartphones,XIAOMI,Celular Xiaomi Redmi A7 Pro 64GB 4GB RAM - Negro,799.0,419.0,GRUPO LINEA HOGAR,True,https://www.plazavea.com.pe/celular-xiaomi-redmi-a7-pro-64gb-4gb-ram-negro-102183491/p
PlazaVea,Smartphones,APPLE,REACONDICIONADO iPhone 16 Plus 128gb I Grado B I color NEGRO,4299.0,3669.0,Lolotec,True,https://www.plazavea.com.pe/reacondicionado-iphone-16-plus-128gb-i-grado-b-i-color-negro-102182299/p
PlazaVea,Smartphones,APPLE,IPhone 15 Plus 256gb Black A2846 - Condición Excelente,3200.0,3200.0,IAN STORE,True,https://www.plazavea.com.pe/iphone-15-plus-256gb-black-a2846-condicion-excelente-102181921/p
PlazaVea,Smartphones,APPLE,iPhone 17 Pro Max 256GB Esim Silver con Cubo 40W,5999.0,5999.0,MIXELL,True,https://www.plazavea.com.pe/iphone-17-pro-max-256gb-esim-silver-con-cubo-40w-102181781/p
PlazaVea,Smartphones,APPLE,iPhone 17 Pro Max 256GB Esim Silver con Cubo 20W,5999.0,5999.0,MIXELL,True,https://www.plazavea.com.pe/iphone-17-pro-max-256gb-esim-silver-con-cubo-20w-102181736/p
PlazaVea,Smartphones,APPLE,iPhone 17 Pro Max 256GB Esim Silver con Mica,5999.0,5999.0,MIXELL,True,https://www.plazavea.com.pe/iphone-17-pro-max-256gb-esim-silver-con-mica-102181692/p
PlazaVea,Smartphones,MOTOROLA,Motorola Moto G06 256GB 4GB Ram Azul,899.0,489.0,INFOTECSHOP,True,https://www.plazavea.com.pe/motorola-moto-g06-256gb-4gb-ram-azul-102180777/p
PlazaVea,Smartphones,APPLE,IPHONE 17 - MIST BLUE - EN LISTA BLANCA,4500.0,3499.0,NEOSHOP IMPORTACIONES,True,https://www.plazavea.com.pe/iphone-17-de-256gb-esim-mist-blue-en-lista-blanca-102180463/p
PlazaVea,Smartphones,MOTOROLA,Motorola Moto G06 128GB 4GB Ram Verde,799.0,449.0,INFOTECSHOP,True,https://www.plazavea.com.pe/motorola-moto-g06-128gb-4gb-ram-verde-102180448/p
PlazaVea,Smartphones,MOTOROLA,Motorola Moto G06 128GB 4GB Ram Azul,799.0,449.0,INFOTECSHOP,True,https://www.plazavea.com.pe/motorola-moto-g06-128gb-4gb-ram-azul-102180436/p
PlazaVea,Smartphones,MOTOROLA,Motorola Moto G77 256GB 8GB Ram Negro,1499.0,949.0,INFOTECSHOP,True,https://www.plazavea.com.pe/motorola-moto-g77-256gb-8gb-ram-negro-102180407/p
PlazaVea,Smartphones,APPLE,IPHONE 17 256GB- BLACK - EN LISTA BLANCA,4500.0,3549.0,NEOSHOP IMPORTACIONES,True,https://www.plazavea.com.pe/iphone-17-de-256gb-esim-black-en-lista-blanca-102180055/p
PlazaVea,Smartphones,XIAOMI,REDMI 15C 256GB 8RAM NEGRO,799.0,655.0,PRIME MOBILE EIRL,True,https://www.plazavea.com.pe/redmi-15c-256gb-8ram-negro-102178424/p
PlazaVea,Smartphones,XIAOMI,XIAOMI 17T 5G 512GB 12RAM AZUL,3259.0,2369.0,PRIME MOBILE EIRL,True,https://www.plazavea.com.pe/xiaomi-17t-5g-512gb-12ram-azul-102178414/p
PlazaVea,Smartphones,XIAOMI,REDMI A5 128GB 4RAMDORADO,529.0,459.0,PRIME MOBILE EIRL,True,https://www.plazavea.com.pe/redmi-a5-128gb-4ramdorado-102178325/p
PlazaVea,Smartphones,XIAOMI,REDMI NOTE 15 4G 256GB 8RAM AZUL,1099.0,830.0,PRIME MOBILE EIRL,True,https://www.plazavea.com.pe/redmi-note-15-4g-256gb-8ram-azul-102178301/p
PlazaVea,Smartphones,XIAOMI,XIAOMI 17T 5G 512GB 12RAM VIOLETA,3259.0,2369.0,PRIME MOBILE EIRL,True,https://www.plazavea.com.pe/xiaomi-17t-5g-512gb-12ram-violeta-102178277/p
PlazaVea,Smartphones,XIAOMI,POCO C85 128GB 6RAM VERDE,659.0,540.0,PRIME MOBILE EIRL,True,https://www.plazavea.com.pe/poco-c85-128gb-6ram-verde-102178201/p
PlazaVea,Smartphones,XIAOMI,REDMI A5 64GB 3RAM DORADO,499.0,385.0,PRIME MOBILE EIRL,True,https://www.plazavea.com.pe/redmi-a5-64gb-3ram-dorado-102178192/p
PlazaVea,Smartphones,XIAOMI,REDMI A7 64GB 3RAM NEGRO,599.0,375.0,PRIME MOBILE EIRL,True,https://www.plazavea.com.pe/redmi-a7-64gb-3ram-negro-102178156/p
PlazaVea,Smartphones,XIAOMI,XIAOMI 17T PRO 5G 512GB 12RAM VIOLETA,4499.0,3100.0,PRIME MOBILE EIRL,True,https://www.plazavea.com.pe/xiaomi-17t-pro-5g-512gb-12ram-violeta-102178153/p
PlazaVea,Smartphones,XIAOMI,XIAOMI 17T 5G 512GB 12RAM NEGRO,3259.0,2429.0,PRIME MOBILE EIRL,True,https://www.plazavea.com.pe/xiaomi-17t-5g-512gb-12ram-negro-102178106/p
PlazaVea,Smartphones,XIAOMI,Xiaomi 17t Pro 512gb 12gb Ram Negro,3529.0,2889.0,Moviles Eirl,True,https://www.plazavea.com.pe/xiaomi-17t-pro-512gb-12gb-ram-negro-102178028/p
PlazaVea,Smartphones,XIAOMI,Xiaomi 17t Pro 512gb 12gb Ram Negro,3529.0,2889.0,Telcelperu,True,https://www.plazavea.com.pe/xiaomi-17t-pro-512gb-12gb-ram-negro-102178000/p
PlazaVea,Smartphones,XIAOMI,Xiaomi 17t Pro 512gb 12gb Ram Negro,3529.0,2889.0,TelcelperuExpress,True,https://www.plazavea.com.pe/xiaomi-17t-pro-512gb-12gb-ram-negro-102177995/p
PlazaVea,Smartphones,APPLE,iPhone 14 eSIM 128GB 6GB Purpura,2352.19,2352.19,AKANA TECHNOLOGY,True,https://www.plazavea.com.pe/iphone-14-esim-128gb-6gb-purpura-102177986/p
PlazaVea,Smartphones,APPLE,iPhone 16 eSIM 128GB Negro,3939.49,3939.49,AKANA TECHNOLOGY,True,https://www.plazavea.com.pe/iphone-16-esim-128gb-negro-102177924/p
PlazaVea,Smartphones,SAMSUNG,Samsung A06 64gb 4gb Light Blue,799.0,399.0,Telcelperu,True,https://www.plazavea.com.pe/samsung-a06-64gb-4gb-light-blue-102177893/p
PlazaVea,Smartphones,APPLE,iPhone 14 eSIM 128GB 6GB Midnigh,2352.19,2352.19,AKANA TECHNOLOGY,True,https://www.plazavea.com.pe/iphone-14-esim-128gb-6gb-midnigh-102177878/p
PlazaVea,Smartphones,SAMSUNG,Samsung S25 ULTRA 512GB 12GB Titanium Silverblue,5093.89,5093.89,AKANA TECHNOLOGY,True,https://www.plazavea.com.pe/samsung-s25-ultra-512gb-12gb-titanium-silverblue-102177867/p
PlazaVea,Smartphones,APPLE,iPhone 15 128GB Negro - Grado A Reacondicionado,4599.0,2099.0,SMARTLEBEN,True,https://www.plazavea.com.pe/iphone-15-128gb-negro---grado-a-reacondicionado-102177744/p
PlazaVea,Smartphones,REDMI,Redmi A7 Pro 64Gb 4Ram Palm Green Registrado Verde 128 GB,699.0,385.0,PRIME MOBILE EIRL,True,https://www.plazavea.com.pe/redmi-a7-pro-64gb-4ram-palm-green-registrado-102177095/p
PlazaVea,Smartphones,REDMI,Redmi A7 Pro 64Gb 4Ram Negro Registrado Negro 64 GB,699.0,385.0,PRIME MOBILE EIRL,True,https://www.plazavea.com.pe/redmi-a7-pro-64gb-4ram-negro-registrado-102176988/p
PlazaVea,Smartphones,APPLE,iPhone 17E Blanco 256GB,3199.0,2849.0,Plaza Vea,True,https://www.plazavea.com.pe/iphone-17e-blanco-256gb-20634513/p
PlazaVea,Smartphones,XIAOMI,Xiaomi Redmi Note 15 Pro 5G 512GB 8GB Ram Negro y Smartwatch - Audífonos,2899.0,1699.0,INFOTECSHOP,True,https://www.plazavea.com.pe/xiaomi-redmi-note-15-pro-5g-512gb-8gb-ram-negro-y-smartwatch-audifonos-102174925/p
PlazaVea,Smartphones,SAMSUNG,Samsung Galaxy A57 5G 256GB 8GB Ram Dark Blue y Adaptador USB-C Samsung Original 25W,3099.0,1929.0,INFOTECSHOP,True,https://www.plazavea.com.pe/samsung-galaxy-a57-5g-256gb-8gb-ram-dark-blue-y-adaptador-usb-c-samsung-original-25w-102174761/p
PlazaVea,Smartphones,XIAOMI,Xiaomi Redmi Note 15 Pro 5G 512GB 8GB Ram Negro,2799.0,1599.0,INFOTECSHOP,True,https://www.plazavea.com.pe/xiaomi-redmi-note-15-pro-5g-512gb-8gb-ram-negro-102174716/p
PlazaVea,Smartphones,SAMSUNG,Samsung Galaxy A57 5G 256GB 8GB Ram Dark Blue,2999.0,1829.0,INFOTECSHOP,True,https://www.plazavea.com.pe/samsung-galaxy-a57-5g-256gb-8gb-ram-dark-blue-102174683/p
PlazaVea,Smartphones,MOTOROLA,Celular Motorola Moto G17 4 + 256Gb Rosa,699.0,669.0,oechsle,True,https://www.plazavea.com.pe/celular-motorola-moto-g17-4---256gb-rosa-102174673/p
PlazaVea,Smartphones,XIAOMI,Celular Redmi 15 Sandy Purple 8GB RAM 256GB ROM,799.0,799.0,oechsle,True,https://www.plazavea.com.pe/celular-redmi-15-sandy-purple-8gb-ram-256gb-rom-102174672/p
PlazaVea,Smartphones,HONOR,HONOR 600e 8GB+512GB Sprout Green,2199.0,1899.0,oechsle,True,https://www.plazavea.com.pe/honor-600e-8gb-512gb-sprout-green-102174465/p
PlazaVea,Smartphones,XIAOMI,Celular Redmi Note 15Pro+ 5G Glacier Blue12G RAM 512G ROM,1899.0,1799.0,oechsle,True,https://www.plazavea.com.pe/celular-redmi-note-15pro--5g-glacier-blue12g-ram-512g-rom-102174461/p
PlazaVea,Smartphones,HONOR,HONOR 600e 8GB+512GB Velvet Grey,2199.0,1899.0,oechsle,True,https://www.plazavea.com.pe/honor-600e-8gb-512gb-velvet-grey-102174460/p
PlazaVea,Smartphones,XIAOMI,Xiaomi 17T Violet 12GB RAM 512GB ROM + Tags,2799.0,2699.0,oechsle,True,https://www.plazavea.com.pe/xiaomi-17t-violet-12gb-ram-512gb-rom---tags-102174446/p
PlazaVea,Smartphones,HONOR,HONOR 600e 8GB+512GB Desert Gold,2199.0,1899.0,oechsle,True,https://www.plazavea.com.pe/honor-600e-8gb-512gb-desert-gold-102174443/p
PlazaVea,Smartphones,MOTOROLA,Celular Motorola Moto G67  4 + 256Gb Gris,899.0,849.0,oechsle,True,https://www.plazavea.com.pe/celular-motorola-moto-g67--4---256gb-gris-102174428/p
PlazaVea,Smartphones,SAMSUNG,Smartphone Samsung Galaxy A37 5G 256GB Gray,1999.0,1699.0,oechsle,True,https://www.plazavea.com.pe/smartphone-samsung-galaxy-a37-5g-256gb-gray-102174426/p
PlazaVea,Smartphones,APPLE,Iphone 17e Black 256GB,3899.0,3099.0,oechsle,True,https://www.plazavea.com.pe/iphone-17e-black-256gb-102174425/p
PlazaVea,Smartphones,APPLE,Iphone 17e Soft Pink 256GB,3899.0,3099.0,oechsle,True,https://www.plazavea.com.pe/iphone-17e-soft-pink-256gb-102174424/p
PlazaVea,Smartphones,MOTOROLA,Celular Motorola Moto G77 8 + 256Gb Negro,1199.0,1049.0,oechsle,True,https://www.plazavea.com.pe/celular-motorola-moto-g77-8---256gb-negro-102174423/p
PlazaVea,Smartphones,MOTOROLA,Celular Motorola Moto G17 4 + 128Gb Rosa,649.0,449.0,oechsle,True,https://www.plazavea.com.pe/celular-motorola-moto-g17-4---128gb-rosa-102174422/p
PlazaVea,Smartphones,MOTOROLA,Celular Motorola Moto Edge 70 Fusion  8 + 256Gb Celeste,1599.0,1429.0,oechsle,True,https://www.plazavea.com.pe/celular-motorola-moto-edge-70-fusion--8---256gb-celeste-102174421/p
PlazaVea,Smartphones,SAMSUNG,Smartphone Samsung Galaxy A37 5G 256GB Light Violet,1999.0,1699.0,oechsle,True,https://www.plazavea.com.pe/smartphone-samsung-galaxy-a37-5g-256gb-light-violet-102174420/p
PlazaVea,Smartphones,XIAOMI,Celular Xiaomi 17 Ultra 16GB RAM 512GB ROM Star Green,5999.0,5499.0,oechsle,True,https://www.plazavea.com.pe/celular-xiaomi-17-ultra-16gb-ram-512gb-rom-star-green-102174419/p
PlazaVea,Smartphones,MOTOROLA,Celular Motorola RAZR 70 12GB + 512GB Gris,3699.0,2999.0,oechsle,True,https://www.plazavea.com.pe/celular-motorola-razr-70-12gb---512gb-gris-102174418/p
PlazaVea,Smartphones,MOTOROLA,Celular Motorola Moto G17 4 + 128Gb Arandano,649.0,449.0,oechsle,True,https://www.plazavea.com.pe/celular-motorola-moto-g17-4---128gb-arandano-102174417/p
PlazaVea,Smartphones,XIAOMI,Celular Xiaomi 17 Ultra 16GB RAM 512GB ROM Black,5999.0,5499.0,oechsle,True,https://www.plazavea.com.pe/celular-xiaomi-17-ultra-16gb-ram-512gb-rom-black-102174416/p
PlazaVea,Smartphones,SAMSUNG,Smartphone Samsung Galaxy S26 512GB Black SM-S942BZKVLTP,5399.0,5399.0,oechsle,True,https://www.plazavea.com.pe/smartphone-samsung-galaxy-s26-512gb-black-sm-s942bzkvltp-102174414/p
PlazaVea,Smartphones,SAMSUNG,Smartphone Samsung Galaxy S26 512GB Cobalt Violet,5399.0,5399.0,oechsle,True,https://www.plazavea.com.pe/smartphone-samsung-galaxy-s26-512gb-cobalt-violet-102174413/p
PlazaVea,Smartphones,SAMSUNG,Smartphone Samsung Galaxy A57 5G 256GB Dark Blue,2299.0,1899.0,oechsle,True,https://www.plazavea.com.pe/smartphone-samsung-galaxy-a57-5g-256gb-dark-blue-102174412/p
PlazaVea,Smartphones,MOTOROLA,Celular Motorola Moto Edge 70 Fusion 8 + 256Gb Azul,1599.0,1429.0,oechsle,True,https://www.plazavea.com.pe/celular-motorola-moto-edge-70-fusion-8---256gb-azul-102174411/p
PlazaVea,Smartphones,MOTOROLA,Celular Motorola Moto Edge 70 12GB + 512GB Gris,2299.0,1849.0,oechsle,True,https://www.plazavea.com.pe/celular-motorola-moto-edge-70-12gb---512gb-gris-102174410/p
PlazaVea,Smartphones,APPLE,Iphone 17e White 256GB,3899.0,3099.0,oechsle,True,https://www.plazavea.com.pe/iphone-17e-white-256gb-102174408/p
PlazaVea,Smartphones,MOTOROLA,Celular Motorola Signature 16GB +1TB Negro,4999.0,3999.0,oechsle,True,https://www.plazavea.com.pe/celular-motorola-signature-16gb--1tb-negro-102174407/p
PlazaVea,Smartphones,SAMSUNG,Smartphone Samsung Galaxy A57 5G 256GB Violet,2299.0,1899.0,oechsle,True,https://www.plazavea.com.pe/smartphone-samsung-galaxy-a57-5g-256gb-violet-102174406/p
PlazaVea,Smartphones,XIAOMI,Xiaomi 17T Black 12GB RAM 512GB ROM + Tags,2799.0,2699.0,oechsle,True,https://www.plazavea.com.pe/xiaomi-17t-black-12gb-ram-512gb-rom---tags-102174400/p
PlazaVea,Smartphones,HONOR,Celular Honor X5C Plus 4 + 256GB Midnight Black,569.0,459.0,oechsle,True,https://www.plazavea.com.pe/celular-honor-x5c-plus-4---256gb-midnight-black-102174395/p
PlazaVea,Smartphones,XIAOMI,Xiaomi 17T Pro Deep Blue 12GB RAM 512GB ROM+ Tags,3499.0,3399.0,oechsle,True,https://www.plazavea.com.pe/xiaomi-17t-pro-deep-blue-12gb-ram-512gb-rom--tags-102174394/p
PlazaVea,Smartphones,XIAOMI,Xiaomi 17T Pro Black 12GB RAM 512GB ROM + Tags,3499.0,3399.0,oechsle,True,https://www.plazavea.com.pe/xiaomi-17t-pro-black-12gb-ram-512gb-rom---tags-102174393/p
PlazaVea,Smartphones,MOTOROLA,Celular Motorola Moto G67 4 + 256Gb Lima,899.0,849.0,oechsle,True,https://www.plazavea.com.pe/celular-motorola-moto-g67-4---256gb-lima-102174392/p
PlazaVea,Smartphones,XIAOMI,Celular Redmi A7 Pro Black 4GB RAM + 128GB ROM,549.0,429.0,oechsle,True,https://www.plazavea.com.pe/celular-redmi-a7-pro-black-4gb-ram---128gb-rom-102174389/p
PlazaVea,Smartphones,XIAOMI,Celular Redmi A7 Pro Green 4GB RAM + 128GB ROM,549.0,429.0,oechsle,True,https://www.plazavea.com.pe/celular-redmi-a7-pro-green-4gb-ram---128gb-rom-102174385/p
PlazaVea,Smartphones,MOTOROLA,Celular Motorola Moto G77 8 + 256Gb Esmeralda,1199.0,1049.0,oechsle,True,https://www.plazavea.com.pe/celular-motorola-moto-g77-8---256gb-esmeralda-102174376/p
PlazaVea,Smartphones,HONOR,CELULAR HONOR X7D 8GB 256GB AZUL,1380.0,789.0,MILLENNIALS MOBILE,True,https://www.plazavea.com.pe/celular-honor-x7d-8gb-256gb-azul-102170048/p
PlazaVea,Smartphones,HONOR,CELULAR HONOR X7D 8GB 256GB NEGRO,1380.0,789.0,MILLENNIALS MOBILE,True,https://www.plazavea.com.pe/celular-honor-x7d-8gb-256gb-negro-102169777/p
PlazaVea,Smartphones,HONOR,CELULAR HONOR X7D 8GB 256GB GRIS,1380.0,789.0,MILLENNIALS MOBILE,True,https://www.plazavea.com.pe/celular-honor-x7d-8gb-256gb-gris-102169751/p
PlazaVea,Smartphones,HONOR,CELULAR HONOR X5D 4GB 128GB AZUL,879.0,429.0,MILLENNIALS MOBILE,True,https://www.plazavea.com.pe/celular-honor-x5d-4gb-128gb-azul-102169202/p
PlazaVea,Smartphones,APPLE,Iphone 15 128GB Chip Fisico - Azul,4299.0,2699.0,Fox Móviles SAC,True,https://www.plazavea.com.pe/iphone-15-128gb-chip-fisico-azul-102169107/p
PlazaVea,Smartphones,HONOR,CELULAR HONOR X5D 4GB 128GB GRIS,879.0,429.0,MILLENNIALS MOBILE,True,https://www.plazavea.com.pe/celular-honor-x5d-4gb-128gb-gris-102169079/p
PlazaVea,Smartphones,HONOR,CELULAR HONOR X5D 4GB 128GB NEGRO,879.0,429.0,MILLENNIALS MOBILE,True,https://www.plazavea.com.pe/celular-honor-x5d-4gb-128gb-negro-102168965/p
PlazaVea,Smartphones,SAMSUNG,Samsung A06 64gb 4gb Light Blue,799.0,399.0,TelcelperuExpress,True,https://www.plazavea.com.pe/samsung-a06-64gb-4gb-light-blue-102168825/p
PlazaVea,Smartphones,XIAOMI,Xiaomi Poco X8 Pro 512gb 8gb Verde Menta,2128.0,1599.0,TelcelperuExpress,True,https://www.plazavea.com.pe/xiaomi-poco-x8-pro-512gb-8gb-verde-menta-102168731/p
PlazaVea,Smartphones,XIAOMI,Celular Xiaomi Redmi Note 14 Pro+ 5G 8GB 256GB Negro Negro,2499.0,1499.0,MEGACEL PERU,True,https://www.plazavea.com.pe/celular-xiaomi-redmi-note-14-pro-5g-8gb-256gb-negro-102168143/p
PlazaVea,Smartphones,HONOR,Celular Honor X6c 6gb 256gb blanco,799.0,799.0,Marketcell,True,https://www.plazavea.com.pe/celular-honor-x6c-6gb-256gb-blanco-102168140/p
PlazaVea,Smartphones,XIAOMI,Celular Xiaomi Redmi 15C 8GB 256GB Negro Negro,1299.0,679.0,MEGACEL PERU,True,https://www.plazavea.com.pe/celular-xiaomi-redmi-15c-8gb-256gb-negro-102167941/p
PlazaVea,Smartphones,POCO,Celular Poco M3 Pro 5G 4GB RAM 64GB Cámara 48 MP Color Azul,799.0,449.0,SL TECNOLOGÍA SMART,True,https://www.plazavea.com.pe/celular-poco-m3-pro-5g-4gb-ram-64gb-camara-48-mp-color-azul-102167762/p
PlazaVea,Smartphones,APPLE,IPhone 16 Pro 256gb Black Titanium Condición EXCELENTE A3083,4499.0,4499.0,IAN STORE,True,https://www.plazavea.com.pe/iphone-16-pro-256gb-black-titanium-condicion-excelente-a3083-102165830/p
PlazaVea,Smartphones,XIAOMI,Celular Xiaomi 17T Pro 512GB 12GB RAM negro,3699.0,3259.0,CARSA,True,https://www.plazavea.com.pe/celular-xiaomi-17t-pro-512gb-12gb-ram-negro-102165201/p
PlazaVea,Smartphones,APPLE,Celular Apple iPhone 17 5G 256GB 8GB RAM 48MP Blanco,4499.0,3449.0,CARSA,True,https://www.plazavea.com.pe/celular-apple-iphone-17-5g-256gb-8gb-ram-48mp-blanco-102158463/p
PlazaVea,Smartphones,HONOR,Celular Honor X8d 256GB 8GB RAM cámara 108MP velvet grey,1199.0,959.0,CARSA,True,https://www.plazavea.com.pe/celular-honor-x8d-256gb-8gb-ram-camara-108mp-velvet-grey-102158451/p
PlazaVea,Smartphones,SAMSUNG,Celular Samsung Galaxy A57 5G 256GB 8GB RAM cámara 50MP dark blue,2199.0,1639.0,CARSA,True,https://www.plazavea.com.pe/celular-samsung-galaxy-a57-5g-256gb-8gb-ram-camara-50mp-dark-blue-102158443/p
PlazaVea,Smartphones,SAMSUNG,Celular Samsung Galaxy S26 Ultra 5G 512GB 12GB RAM Cámara 200MP violeta,8779.0,5199.0,CARSA,True,https://www.plazavea.com.pe/celular-samsung-galaxy-s26-ultra-5g-512gb-12gb-ram-camara-200mp-violeta-102158440/p
PlazaVea,Smartphones,HONOR,Celular Honor Magic8 Lite 256GB 8GB RAM 108MP black,1699.0,1349.0,CARSA,True,https://www.plazavea.com.pe/celular-honor-magic8-lite-256gb-8gb-ram-108mp-black-102158437/p
PlazaVea,Smartphones,SAMSUNG,Celular Samsung Galaxy A37 5G 256GB 8GB RAM cámara 50MP gris,2279.0,1349.0,CARSA,True,https://www.plazavea.com.pe/celular-samsung-galaxy-a37-5g-256gb-8gb-ram-camara-50mp-gris-102158434/p
PlazaVea,Smartphones,APPLE,Celular Apple iPhone 15 5G 128GB 6GB RAM 48MP negro,3499.0,2599.0,CARSA,True,https://www.plazavea.com.pe/celular-apple-iphone-15-5g-128gb-6gb-ram-48mp-negro-102158427/p
PlazaVea,Smartphones,XIAOMI,Celular Xiaomi 17T 512GB 12GB RAM 50MP negro,2999.0,2509.0,CARSA,True,https://www.plazavea.com.pe/celular-xiaomi-17t-512gb-12gb-ram-50mp-negro-102158425/p
PlazaVea,Smartphones,HONOR,Celular Honor X7D 256GB 8GB RAM 108MP velvet black,849.0,729.0,CARSA,True,https://www.plazavea.com.pe/celular-honor-x7d-256gb-8gb-ram-108mp-velvet-black-102158421/p
PlazaVea,Smartphones,XIAOMI,Celular Xiaomi Redmi A7 Pro 128GB 4GB RAM Cámara 13MP Azul,699.0,399.0,CARSA,True,https://www.plazavea.com.pe/celular-xiaomi-redmi-a7-pro-128gb-4gb-ram-camara-13mp-azul-102158420/p
PlazaVea,Smartphones,HONOR,Celular Honor 600 Pro 512GB 12GB RAM cámara 200MP black mas Watch 2i,3599.0,3049.0,CARSA,True,https://www.plazavea.com.pe/celular-honor-600-pro-512gb-12gb-ram-camara-200mp-black-mas-watch-2i-102158411/p
PlazaVea,Smartphones,XIAOMI,Celular Xiaomi 17T Pro 512GB 12GB RAM azul,3699.0,3259.0,CARSA,True,https://www.plazavea.com.pe/celular-xiaomi-17t-pro-512gb-12gb-ram-azul-102158408/p
PlazaVea,Smartphones,XIAOMI,Celular Xiaomi Redmi A7 Pro 128GB 4GB RAM cámara 13MP negro,699.0,389.0,CARSA,True,https://www.plazavea.com.pe/celular-xiaomi-redmi-a7-pro-128gb-4gb-ram-camara-13mp-negro-102158406/p
PlazaVea,Smartphones,HONOR,Celular Honor 600e 256GB 8GB RAM cámara 108MP velvet grey mas Earbuds X7 Lite,1999.0,1579.0,CARSA,True,https://www.plazavea.com.pe/celular-honor-600e-256gb-8gb-ram-camara-108mp-velvet-grey-mas-earbuds-x7-lite-102158402/p
PlazaVea,Smartphones,XIAOMI,Celular Xiaomi 17T 512GB 12GB RAM 50MP púrpura,2999.0,2499.0,CARSA,True,https://www.plazavea.com.pe/celular-xiaomi-17t-512gb-12gb-ram-50mp-purpura-102158386/p
PlazaVea,Smartphones,MOTOROLA,Celular Motorola Moto G17 128GB 4GB RAM 50MP arándano,999.0,779.0,CARSA,True,https://www.plazavea.com.pe/celular-motorola-moto-g17-128gb-4gb-ram-50mp-arandano-102158199/p
PlazaVea,Smartphones,HONOR,Honor Magic 8 Lite 512gb 8gb Negro Medianoche,2059.0,1679.0,Telcelperu,True,https://www.plazavea.com.pe/honor-magic-8-lite-512gb-8gb-negro-medianoche-102158016/p
PlazaVea,Smartphones,HONOR,Honor Magic 8 Lite 512gb 8gb Dorado Amanecer,2059.0,1679.0,Moviles Eirl,True,https://www.plazavea.com.pe/honor-magic-8-lite-512gb-8gb-dorado-amanecer-102157781/p
PlazaVea,Smartphones,HONOR,Honor Magic 8 Lite 512gb 8gb Verde Bosque,2059.0,1679.0,TelcelperuExpress,True,https://www.plazavea.com.pe/honor-magic-8-lite-512gb-8gb-verde-bosque-102157676/p
PlazaVea,Smartphones,HONOR,Honor Magic 8 Lite 512gb 8gb Verde Bosque,2059.0,1679.0,Moviles Eirl,True,https://www.plazavea.com.pe/honor-magic-8-lite-512gb-8gb-verde-bosque-102157652/p
PlazaVea,Smartphones,HONOR,Honor Magic 8 Lite 512gb 8gb Verde Bosque,2059.0,1679.0,Telcelperu,True,https://www.plazavea.com.pe/honor-magic-8-lite-512gb-8gb-verde-bosque-102157649/p
PlazaVea,Smartphones,HONOR,Honor Magic 8 Lite 512gb 8gb Negro Medianoche,2059.0,1679.0,TelcelperuExpress,True,https://www.plazavea.com.pe/honor-magic-8-lite-512gb-8gb-negro-medianoche-102157628/p
PlazaVea,Smartphones,HONOR,Honor Magic 8 Lite 512gb 8gb Negro Medianoche,2059.0,1679.0,Moviles Eirl,True,https://www.plazavea.com.pe/honor-magic-8-lite-512gb-8gb-negro-medianoche-102157622/p
PlazaVea,Smartphones,SAMSUNG,Celular Samsung Galaxy A57 5G 8GB - 256GB Gray,2599.0,1999.0,JA INNOVATION GROUP S.A.C,True,https://www.plazavea.com.pe/celular-samsung-galaxy-a57-5g-8gb-256gb-gray-102157564/p
PlazaVea,Smartphones,HONOR,Honor X5C 128Gb 4Ram Plata Meteoro Registrado Plateado 128 GB,699.0,469.0,PRIME MOBILE EIRL,True,https://www.plazavea.com.pe/honor-x5c-128gb-4ram-plata-meteoro-registrado-102156671/p
PlazaVea,Smartphones,REDMI,Redmi A7 Pro 64Gb 4Ram Mist Blue Registrado Azul 64 GB,699.0,385.0,PRIME MOBILE EIRL,True,https://www.plazavea.com.pe/redmi-a7-pro-64gb-4ram-mist-blue-registrado-102156621/p
PlazaVea,Smartphones,APPLE,Celular Apple iPhone 17 256GB Chip Fisico 120Hz Black,4799.0,3999.0,GTECH X,True,https://www.plazavea.com.pe/celular-apple-iphone-17-256gb-chip-fisico-120hz-black-102156279/p
PlazaVea,Smartphones,HONOR,Honor Play 10 64Gb 3Ram Azul Cian Registrado Azul 64 GB,499.0,399.0,PRIME MOBILE EIRL,True,https://www.plazavea.com.pe/honor-play-10-64gb-3ram-azul-cian-registrado-102156003/p
PlazaVea,Smartphones,REDMI,Redmi A5 - 64Gb 3Ram Midnight Black Registrado Negro 64 GB,499.0,385.0,PRIME MOBILE EIRL,True,https://www.plazavea.com.pe/redmi-a5-64gb-3ram-midnight-black-registrado-102155987/p
PlazaVea,Smartphones,APPLE,Celular Apple iPhone 17 256GB Chip Fisico 120Hz White,4799.0,4399.0,GTECH X,True,https://www.plazavea.com.pe/celular-apple-iphone-17-256gb-chip-fisico-120hz-white-102155985/p
PlazaVea,Smartphones,HONOR,HONOR X5D 4GB - 128GB TILDA BLUE,659.0,419.0,PHONE SPOT PERU,True,https://www.plazavea.com.pe/honor-x5d-4gb-128gb-tilda-blue-102155980/p
PlazaVea,Smartphones,APPLE,Celular Apple iPhone 17 256GB Chip Fisico 120Hz Lavender,4799.0,3999.0,GTECH X,True,https://www.plazavea.com.pe/celular-apple-iphone-17-256gb-chip-fisico-120hz-lavender-102155953/p
PlazaVea,Smartphones,HONOR,HONOR X5D 4GB - 128GB METEOR SILVER,659.0,429.0,PHONE SPOT PERU,True,https://www.plazavea.com.pe/honor-x5d-4gb-128gb-meteor-silver-102155942/p
PlazaVea,Smartphones,XIAOMI,Xiaomi 17T 512gb 12gb Ram Violeta,2999.0,2549.0,TelcelperuExpress,True,https://www.plazavea.com.pe/xiaomi-17t-512gb-12gb-ram-violeta-102155924/p
PlazaVea,Smartphones,XIAOMI,Xiaomi 17T 512gb 12gb Ram Azul,2999.0,2549.0,Moviles Eirl,True,https://www.plazavea.com.pe/xiaomi-17t-512gb-12gb-ram-azul-102155894/p
PlazaVea,Smartphones,XIAOMI,Xiaomi 17T 512gb 12gb Ram Violeta,2999.0,2549.0,Telcelperu,True,https://www.plazavea.com.pe/xiaomi-17t-512gb-12gb-ram-violeta-102155893/p
PlazaVea,Smartphones,XIAOMI,Xiaomi 17T 512gb 12gb Ram Violeta,2999.0,2549.0,Moviles Eirl,True,https://www.plazavea.com.pe/xiaomi-17t-512gb-12gb-ram-violeta-102155879/p
PlazaVea,Smartphones,HONOR,HONOR X5D 4GB - 64GB TILDA BLUE,569.0,399.0,PHONE SPOT PERU,True,https://www.plazavea.com.pe/honor-x5d-4gb-64gb-tilda-blue-102155865/p
PlazaVea,Smartphones,HONOR,HONOR X5D 4GB - 64GB METEOR SILVER,569.0,399.0,PHONE SPOT PERU,True,https://www.plazavea.com.pe/honor-x5d-4gb-64gb-meteor-silver-102155841/p
PlazaVea,Smartphones,XIAOMI,Celular Xiaomi 15T 12Ram 512Gb Negro Registrado Negro 512 GB,3000.0,1989.0,PRIME MOBILE EIRL,True,https://www.plazavea.com.pe/celular-xiaomi-15t-12ram-512gb-negro-registrado-102155778/p
PlazaVea,Smartphones,XIAOMI,CELULAR REDMI 15C 128GB 4RAM VERDE MENTA REGISTRADO,699.0,500.0,PRIME MOBILE EIRL,True,https://www.plazavea.com.pe/celular-redmi-15c-128gb-4ram-verde-menta-registrado-102155764/p
PlazaVea,Smartphones,XIAOMI,Xiaomi 17T 512gb 12gb Ram Azul,2999.0,2549.0,Telcelperu,True,https://www.plazavea.com.pe/xiaomi-17t-512gb-12gb-ram-azul-102155758/p
PlazaVea,Smartphones,HONOR,Honor Play 10 128Gb 4Ram Negro Medianoche Registrado Negro 128 GB,699.0,449.0,PRIME MOBILE EIRL,True,https://www.plazavea.com.pe/honor-play-10-128gb-4ram-negro-medianoche-registrado-102155752/p
PlazaVea,Smartphones,XIAOMI,Xiaomi 17T 512gb 12gb Ram Azul,2999.0,2549.0,TelcelperuExpress,True,https://www.plazavea.com.pe/xiaomi-17t-512gb-12gb-ram-azul-102155608/p
PlazaVea,Smartphones,REDMI,Celular Redmi Note 15 4G 128Gb 6Ram Negro Registrado Negro 128 GB,1029.0,719.0,PRIME MOBILE EIRL,True,https://www.plazavea.com.pe/celular-redmi-note-15-4g-128gb-6ram-negro-registrado-102155081/p
PlazaVea,Smartphones,HONOR,Honor Play 10 64Gb 3Ram Negro Medianoche Registrado Negro 64 GB,499.0,399.0,PRIME MOBILE EIRL,True,https://www.plazavea.com.pe/honor-play-10-64gb-3ram-negro-medianoche-registrado-102155057/p
PlazaVea,Smartphones,HONOR,Honor X7D 256Gb 6Ram Negro Nocturno Registrado Negro 256 GB,1199.0,785.0,PRIME MOBILE EIRL,True,https://www.plazavea.com.pe/honor-x7d-256gb-6ram-negro-nocturno-registrado-102155042/p
PlazaVea,Smartphones,SAMSUNG,Samsung A07 4Ram 128Gb Black Registrado Negro 128 GB,699.0,489.0,PRIME MOBILE EIRL,True,https://www.plazavea.com.pe/samsung-a07-4ram-128gb-black-registrado-102155039/p
PlazaVea,Smartphones,MOTOROLA,Celular Motorola G06 4GB 256GB Azul,623.24,479.9,MI CEL PERU,True,https://www.plazavea.com.pe/celular-motorola-g06-4gb-256gb-azul-102154547/p
PlazaVea,Smartphones,MOTOROLA,Celular Motorola G06 4GB 256GB Marron,623.24,449.0,MI CEL PERU,True,https://www.plazavea.com.pe/celular-motorola-g06-4gb-256gb-marron-102154546/p
PlazaVea,Smartphones,REDMI,Redmi A7 64Gb 3Ram Azul Cielo Registrado Azul 64 GB,599.0,375.0,PRIME MOBILE EIRL,True,https://www.plazavea.com.pe/redmi-a7-64gb-3ram-azul-cielo-registrado-102154243/p
PlazaVea,Smartphones,HONOR,HONOR X5D 4GB - 64GB MIDNIGHT BLACK,609.0,399.0,PHONE SPOT PERU,True,https://www.plazavea.com.pe/honor-x5d-4gb-64gb-midnight-black-102153555/p
PlazaVea,Smartphones,HONOR,Celular HONOR X5d 4GB 128GB NAA-LX3 - Silver,629.0,629.0,SanyPeru,True,https://www.plazavea.com.pe/celular-honor-x5d-4gb-128gb-naa-lx3-silver-102153376/p
PlazaVea,Smartphones,HONOR,Celular HONOR X5d 4GB 128GB NAA-LX3 - Azul,629.0,629.0,SanyPeru,True,https://www.plazavea.com.pe/celular-honor-x5d-4gb-128gb-naa-lx3-azul-102153285/p
PlazaVea,Smartphones,HONOR,Celular HONOR X5d 4GB 128GB NAA-LX3 - Negro,629.0,629.0,SanyPeru,True,https://www.plazavea.com.pe/celular-honor-x5d-4gb-128gb-naa-lx3-negro-102152698/p
PlazaVea,Smartphones,HONOR,HONOR X5D 4GB - 128GB MIDNIGHT BLACK,759.0,429.0,PHONE SPOT PERU,True,https://www.plazavea.com.pe/honor-x5d-4gb-128gb-midnight-black-102152635/p
PlazaVea,Smartphones,XIAOMI,CELULAR XIAOMI 17T 5G 12RAM 512GB AZUL,3999.0,2799.0,Ofertec,True,https://www.plazavea.com.pe/celular-xiaomi-17t-5g-12ram-512gb-azul-102151957/p
PlazaVea,Smartphones,HONOR,Celular HONOR 600 8GB 512GB VKJ-NX9 Naranja,2599.0,2519.0,SanyPeru,True,https://www.plazavea.com.pe/celular-honor-600-8gb-512gb-vkj-nx9-naranja-102151955/p
PlazaVea,Smartphones,XIAOMI,CELULAR XIAOMI 17T PRO 5G 12RAM 512GB VIOLETA,4999.0,3599.0,Ofertec,True,https://www.plazavea.com.pe/celular-xiaomi-17t-pro-5g-12ram-512gb-violeta-102151940/p
PlazaVea,Smartphones,XIAOMI,CELULAR XIAOMI 17T PRO 5G 12RAM 512GB AZUL,4999.0,3599.0,Ofertec,True,https://www.plazavea.com.pe/celular-xiaomi-17t-pro-5g-12ram-512gb-azul-102151910/p
PlazaVea,Smartphones,XIAOMI,CELULAR XIAOMI 17T PRO 5G 12RAM 512GB NEGRO,4999.0,3599.0,Ofertec,True,https://www.plazavea.com.pe/celular-xiaomi-17t-pro-5g-12ram-512gb-negro-102151907/p
PlazaVea,Smartphones,HONOR,Celular HONOR 600e 8GB 512GB LNA-NX3 - Dorado,2199.0,2129.0,SanyPeru,True,https://www.plazavea.com.pe/celular-honor-600e-8gb-512gb-lna-nx3-dorado-102151901/p
PlazaVea,Smartphones,HONOR,Celular HONOR 600e 8GB 512GB LNA-NX3 - Gris,2199.0,2129.0,SanyPeru,True,https://www.plazavea.com.pe/celular-honor-600e-8gb-512gb-lna-nx3-gris-102151882/p
PlazaVea,Smartphones,XIAOMI,CELULAR XIAOMI REDMI A7 3RAM 64GB NEGRO,899.0,499.0,Ofertec,True,https://www.plazavea.com.pe/celular-xiaomi-redmi-a7-3ram-64gb-negro-102151880/p
PlazaVea,Smartphones,XIAOMI,CELULAR XIAOMI NOTE 15 256 GB 8GB RAM VERDE,1999.0,999.0,Ofertec,True,https://www.plazavea.com.pe/celular-xiaomi-note-15-256-gb-8gb-ram-verde-102151878/p
PlazaVea,Smartphones,REDMI,Celular XIAOMI Redmi Note 14 4g 6 Gb 128 Gb Blue Eu,838.9,605.0,MI CEL PERU,True,https://www.plazavea.com.pe/celular-xiaomi-redmi-note-14-4g-6-gb-128-gb-blue-eu-102151834/p
PlazaVea,Smartphones,HONOR,Celular HONOR 600e 8GB 512GB LNA-NX3 - Verde,2199.0,2129.0,SanyPeru,True,https://www.plazavea.com.pe/celular-honor-600e-8gb-512gb-lna-nx3-verde-102151831/p
PlazaVea,Smartphones,HONOR,Celular HONOR 600 8GB 512GB VKJ-NX9 Golden,2599.0,2519.0,SanyPeru,True,https://www.plazavea.com.pe/celular-honor-600-8gb-512gb-vkj-nx9-golden-102151820/p
PlazaVea,Smartphones,XIAOMI,CELULAR XIAOMI 17T 5G 12RAM 512GB NEGRO,3999.0,2799.0,Ofertec,True,https://www.plazavea.com.pe/celular-xiaomi-17t-5g-12ram-512gb-negro-102151739/p
PlazaVea,Smartphones,XIAOMI,CELULAR XIAOMI REDMI A7 3RAM 64GB AZUL,899.0,499.0,Ofertec,True,https://www.plazavea.com.pe/celular-xiaomi-redmi-a7-3ram-64gb-azul-102151696/p
PlazaVea,Smartphones,HONOR,Celular HONOR 600 8GB 512GB VKJ-NX9 Negro,2599.0,2519.0,SanyPeru,True,https://www.plazavea.com.pe/celular-honor-600-8gb-512gb-vkj-nx9-negro-102151688/p
PlazaVea,Smartphones,HONOR,Celular HONOR 600 Pro 12GB 512GB VKP-NX9 Dorado,3999.0,3879.0,SanyPeru,True,https://www.plazavea.com.pe/celular-honor-600-pro-12gb-512gb-vkp-nx9-dorado-102151623/p
PlazaVea,Smartphones,HONOR,Celular HONOR 600 Pro 12GB 512GB VKP-NX9 Black,3999.0,3879.0,SanyPeru,True,https://www.plazavea.com.pe/celular-honor-600-pro-12gb-512gb-vkp-nx9-black-102151582/p
PlazaVea,Smartphones,HONOR,Celular Honor 200 5g Dual Sim Phone 12 Gb Ram 256 Gb Rom Black Negro,1623.9,1239.0,MI CEL PERU,True,https://www.plazavea.com.pe/celular-honor-200-5g-dual-sim-phone-12-gb-ram-256-gb-rom-black-negro-102151549/p
PlazaVea,Smartphones,XIAOMI,Xiaomi Redmi 15C 256GB 4GB Ram Color Azul y Smartwatch - Audifonos,999.0,669.0,INFOTECSHOPExpress,True,https://www.plazavea.com.pe/xiaomi-redmi-15c-256gb-4gb-ram-color-azul-y-smartwatch-audifonos-102151318/p
PlazaVea,Smartphones,SAMSUNG,Samsung Galaxy A37 5G 8RAM 256GB Negro,2399.0,1779.0,F MOBILE TECH,True,https://www.plazavea.com.pe/samsung-galaxy-a37-5g-8ram-256gb-negro-102150204/p
PlazaVea,Smartphones,APPLE,Iphone 17 Pro Max ESIM 256GB Naranja,7649.0,5999.0,F MOBILE TECH,True,https://www.plazavea.com.pe/iphone-17-pro-max-esim-256gb-naranja-102149978/p
PlazaVea,Smartphones,HONOR,Celular Honor X5C Plus 4GB RAM 256GB rom - Negro 50 mgpx,649.0,449.0,RAYKOV,True,https://www.plazavea.com.pe/celular-honor-x5c-plus-4gb-ram-256gb-rom-negro-50-mgpx-102149753/p
PlazaVea,Smartphones,XIAOMI,Celular Xiaomi Redmi Note 15 256GB RAM 8GB ROM - Negro,1199.0,829.0,RAYKOV,True,https://www.plazavea.com.pe/celular-xiaomi-redmi-note-15-256gb-ram-8gb-rom-negro-102148797/p
PlazaVea,Smartphones,XIAOMI,Celular Xiaomi Redmi 15C 256GB 4GB RAM Negro,799.0,489.0,RAYKOV,True,https://www.plazavea.com.pe/celular-xiaomi-redmi-15c-256gb-4gb-ram-negro-102148726/p
PlazaVea,Smartphones,SAMSUNG,Celular Samsung Galaxy A07 4GB RAM 128 GB Negro,623.25,475.0,MI CEL PERU,True,https://www.plazavea.com.pe/celular-samsung-galaxy-a07-4gb-ram-128-gb-negro-102147638/p
PlazaVea,Smartphones,XIAOMI,Celular Xiaomi 17T 5G 512GB 12GB RAM Camara Leica Registrado Violeta,3999.0,2799.0,Ofertec,True,https://www.plazavea.com.pe/celular-xiaomi-17t-5g-512gb-12gb-ram-camara-leica-registrado-violeta--102147160/p
PlazaVea,Smartphones,XIAOMI,REDMI 15C 8GB-256GB COLOR NEGRO,699.0,649.0,20 PRO,True,https://www.plazavea.com.pe/redmi-15c-8gb-256gb-color-negro-102147105/p
PlazaVea,Smartphones,HONOR,Honor X7D 256Gb 8Ram Nuevo En Caja Registrado Plateado 256 GB,1199.0,815.0,PRIME MOBILE EIRL,True,https://www.plazavea.com.pe/honor-x7d-256gb-8ram-nuevo-en-caja-registrado-102146607/p
PlazaVea,Smartphones,XIAOMI,REDMI NOTE 15 PRO 8GB - 256GB,1119.0,1089.0,20 PRO,True,https://www.plazavea.com.pe/redmi-note-15-pro-8gb-256gb-102146489/p
PlazaVea,Smartphones,HONOR,Celular Honor 600 5G 6.57 Pulg 8GB RAM 256GB MagicOS 10 - Dorado Platino,4200.0,2200.0,JA INNOVATION GROUP S.A.C,True,https://www.plazavea.com.pe/celular-honor-600-5g-6-57-pulg-8gb-ram-256gb-magicos-10-dorado-platino-102146441/p
PlazaVea,Smartphones,HONOR,HONOR 600e 256GB 8RAM HONOR CHOICE EARBUDS X7 LITE,1999.0,1570.0,PRIME MOBILE EIRL,True,https://www.plazavea.com.pe/honor-600e-256gb-8ram-honor-choice-earbuds-x7-lite-102146290/p
PlazaVea,Smartphones,APPLE,REACONDICIONADO iPhone 16 Pro Max 256gb I Grado A I color Negro,5298.0,5054.0,Lolotec,True,https://www.plazavea.com.pe/reacondicionado-iphone-16-pro-max-256gb-i-grado-a-i-color-negro-102145383/p
PlazaVea,Smartphones,APPLE,iPhone 16 C/CHIP 128GB 8GB Negro (REACONDICIONADO GRADO A+),3041.0,2816.0,Celulares Peru Smart,True,https://www.plazavea.com.pe/iphone-16-c-chip-128gb-8gb-negro-reacondicionado-grado-a-102144673/p
PlazaVea,Smartphones,APPLE,iPhone 14 Plus eSIM 256GB 6GB Black (REACONDICIONADO GRADO A+),2496.0,2311.0,Celulares Peru Smart,True,https://www.plazavea.com.pe/iphone-14-plus-esim-256gb-6gb-black-reacondicionado-grado-a-102144528/p
PlazaVea,Smartphones,APPLE,iPhone 17 Pro Max C/CHIP 256GB 12GB Deep Blue (REACONDICIONADO GRADO A+),5922.0,5483.0,Celulares Peru Smart,True,https://www.plazavea.com.pe/iphone-17-pro-max-c-chip-256gb-12gb-deep-blue-reacondicionado-grado-a-102144516/p
PlazaVea,Smartphones,APPLE,"iPhone 12 Pro Max, Sin Face ID, Batería 100% 512GB 6GB Gray (REACONDICIONADO GRADO A+)",2124.0,1967.0,Celulares Peru Smart,True,https://www.plazavea.com.pe/iphone-12-pro-max-sin-face-id-bateria-100-512gb-6gb-gray-reacondicionado-grado-a-102144388/p
PlazaVea,Smartphones,APPLE,IPHONE 17 DE 256GB ESIM - GREEN - EN LISTA BLANCA,4500.0,3499.0,NEOSHOP IMPORTACIONES,True,https://www.plazavea.com.pe/iphone-17-de-256gb-esim---green-102143136/p
PlazaVea,Smartphones,XIAOMI,Xiaomi Poco X8 Pro Iron Man Edition 512gb 12gb Ram,2889.0,2399.0,Moviles Eirl,True,https://www.plazavea.com.pe/xiaomi-poco-x8-pro-iro-man-edition-512gb-12gb-ram-102143118/p
PlazaVea,Smartphones,XIAOMI,Xiaomi Poco X8 Pro Iron Man Edition 512gb 12gb Ram,2889.0,2399.0,Telcelperu,True,https://www.plazavea.com.pe/xiaomi-poco-x8-pro-iro-man-edition-512gb-12gb-ram-102143025/p
PlazaVea,Smartphones,APPLE,IPHONE 17 PRO- DEEPBLUE - EN LISTA BLANCA,6000.0,4799.0,NEOSHOP IMPORTACIONES,True,https://www.plazavea.com.pe/iphone-17-pro-de-256gb-esim---deepblue-102142995/p
PlazaVea,Smartphones,APPLE,IPHONE 17 PRO- SILVER - EN LISTA BLANCA,6000.0,6000.0,NEOSHOP IMPORTACIONES,True,https://www.plazavea.com.pe/iphone-17-pro-de-256gb-esim---silver-102142537/p
PlazaVea,Smartphones,APPLE,IPHONE 17 PRO MAX - SILVER - EN LISTA BLANCA,6800.0,4999.0,NEOSHOP IMPORTACIONES,True,https://www.plazavea.com.pe/iphone-17-pro-max-de-256gb-esim---silver-102142383/p
PlazaVea,Smartphones,XIAOMI,Xiaomi Poco X8 Pro Iron Man Edition 512gb 12gb Ram,2889.0,2399.0,TelcelperuExpress,True,https://www.plazavea.com.pe/xiaomi-poco-x8-pro-iro-man-edition-512gb-12gb-ram-102141683/p
PlazaVea,Smartphones,XIAOMI,Xiaomi 17T Pro 5G 12Gb Ram 1Tb Color Azul con Mica Hidrogel Registrado,5499.0,4149.0,TECH HUB,True,https://www.plazavea.com.pe/xiaomi-17t-pro-5g-12gb-ram-1tb-color-azul-con-mica-hidrogel-registrado-102141056/p
PlazaVea,Smartphones,SAMSUNG,Smartphone Samsung Galaxy S26 256GB 12GB RAM 5G Galaxy AI 50MP pantalla AMOLED negro incluye regalo,3699.0,3699.0,Techpro Store,True,https://www.plazavea.com.pe/smartphone-samsung-galaxy-s26-256gb-12gb-ram-5g-galaxy-ai-50mp-pantalla-amoled-negro-incluye-regalo-102141034/p
PlazaVea,Smartphones,XIAOMI,Xiaomi Poco X8 Pro Max 256GB 12GB Azul,2217.0,2053.0,CELULARESPERUSMARTSAC,True,https://www.plazavea.com.pe/xiaomi-poco-x8-pro-max-256gb-12gb-azul-102141026/p
PlazaVea,Smartphones,XIAOMI,Xiaomi 17T Pro 5G 12Gb Ram Azul 1Tb con Mica Hidrogel Registrado,5499.0,4149.0,M&M CELULARES,True,https://www.plazavea.com.pe/xiaomi-17t-pro-5g-12gb-ram-azul-1tb-con-mica-hidrogel-registrado-102141020/p
PlazaVea,Smartphones,XIAOMI,Xiaomi 17T Pro 5G 12Gb Ram Negro 1Tb con Mica Hidrogel Registrado,5499.0,4149.0,M&M CELULARES,True,https://www.plazavea.com.pe/xiaomi-17t-pro-5g-12gb-ram-negro-1tb-con-mica-hidrogel-registrado-102140992/p
PlazaVea,Smartphones,MOTOROLA,Motorola G17 128GB 4GB Rosa,716.0,597.0,CELULARESPERUSMARTSAC,True,https://www.plazavea.com.pe/motorola-g17-128gb-4gb-rosa-102140896/p
PlazaVea,Smartphones,XIAOMI,Xiaomi Poco C85 128GB 6GB Verde,677.0,564.0,CELULARESPERUSMARTSAC,True,https://www.plazavea.com.pe/xiaomi-poco-c85-128gb-6gb-verde-102140877/p
PlazaVea,Smartphones,XIAOMI,Xiaomi 17T Pro 5G 12Gb Ram 1Tb Color Negro con Mica Hidrogel Registrado,5499.0,4149.0,TECH HUB,True,https://www.plazavea.com.pe/xiaomi-17t-pro-5g-12gb-ram-1tb-color-negro-con-mica-hidrogel-registrado-102140767/p
PlazaVea,Smartphones,HONOR,Honor X9D 512GB 8GB Negro,1701.0,1575.0,CELULARESPERUSMARTSAC,True,https://www.plazavea.com.pe/honor-x9d-512gb-8gb-negro-102140584/p
PlazaVea,Smartphones,SAMSUNG,Samsung S21 Plus 5G 128GB 8GB Silver,1407.0,1303.0,CELULARESPERUSMARTSAC,True,https://www.plazavea.com.pe/samsung-s21-plus-5g-128gb-8gb-silver-102140519/p
PlazaVea,Smartphones,APPLE,iPhone 17 Pro Max 256GB Apple Orange mas Regalo,6999.0,4949.0,Techpro Store,True,https://www.plazavea.com.pe/iphone-17-pro-max-apple-camara-profesional-5g-face-id-orange-registrado-en-osiptel-con-regalo-102139955/p
PlazaVea,Smartphones,APPLE,Celular Apple iPhone 17 Pro Max 256GB eSIM Chip A19 Pro Silver,6799.0,4849.0,GTECH X,True,https://www.plazavea.com.pe/celular-apple-iphone-17-pro-max-256gb-esim-chip-a19-pro-silver-102139116/p
PlazaVea,Smartphones,XIAOMI,Celular Xiaomi 17T Pro 5G 12GB 512GB Negro - Cámara Leica y batería 7000mah,4299.0,3499.0,Mi Tienda,True,https://www.plazavea.com.pe/celular-xiaomi-17t-pro-5g-12gb-512gb-negro-camara-leica-y-bateria-7000mah-102136308/p
PlazaVea,Smartphones,APPLE,iPhone 15 128GB Rosa - Grado A Reacondicionado,4599.0,2099.0,SMARTLEBEN,True,https://www.plazavea.com.pe/iphone-15-128gb-rosa-grado-a-reacondicionado-102136144/p
PlazaVea,Smartphones,MOTOROLA,CELULAR MOTOROLA MOTO G17 4GB RAM 256GB ROM - ARANDANO,1299.0,699.0,D´TEEC-TECNOLOGÍA ELECTRO,True,https://www.plazavea.com.pe/celular-motorola-moto-g17-4gb-ram-256gb-rom-arandano-102135749/p
PlazaVea,Smartphones,MOTOROLA,CELULAR MOTOROLA MOTO G17 4GB RAM 256GB ROM - ARANDANO,1299.0,699.0,IMPORT CASO E.I.R.L.,True,https://www.plazavea.com.pe/celular-motorola-moto-g17-4gb-ram-256gb-rom-arandano-102135677/p
PlazaVea,Smartphones,MOTOROLA,CELULAR MOTOROLA MOTO G17 4GB RAM 256GB ROM - ARANDANO,1299.0,699.0,RP INVERSIONES,True,https://www.plazavea.com.pe/celular-motorola-moto-g17-4gb-ram-256gb-rom-arandano-102135587/p
PlazaVea,Smartphones,XIAOMI,Celular Xiaomi 17T 12GB RAM 512GB ROM Violeta - Cámara Leica,3599.0,2799.0,Mi Tienda,True,https://www.plazavea.com.pe/celular-xiaomi-17t-12gb-ram-512gb-rom-violeta-camara-leica-102134893/p
PlazaVea,Smartphones,XIAOMI,Celular Xiaomi 17T 12GB RAM 512GB ROM Azul - Cámara Leica,3599.0,2799.0,Mi Tienda,True,https://www.plazavea.com.pe/celular-xiaomi-17t-12gb-ram-512gb-rom-azul-camara-leica-102134735/p
PlazaVea,Smartphones,XIAOMI,Celular Xiaomi 17T Pro 5G 12GB 512GB Violeta Oscuro - Cámara Leica,4299.0,3499.0,Mi Tienda,True,https://www.plazavea.com.pe/celular-xiaomi-17t-pro-5g-12gb-512gb-violeta-oscuro-camara-leica-102134471/p
PlazaVea,Smartphones,XIAOMI,Celular Xiaomi 17T Pro 5G 12GB 512GB Azul Oscuro - Cámara Leica y Batería de 7000mah,4299.0,3499.0,Mi Tienda,True,https://www.plazavea.com.pe/celular-xiaomi-17t-pro-5g-12gb-512gb-azul-oscuro-camara-leica-102134382/p
PlazaVea,Smartphones,XIAOMI,Celular Xiaomi 17T 12GB RAM 512GB ROM Negro - Cámara Leica,3599.0,2799.0,Mi Tienda,True,https://www.plazavea.com.pe/celular-xiaomi-17t-12gb-ram-512gb-rom-negro-camara-leica-102134370/p
PlazaVea,Smartphones,APPLE,Celular Apple iPhone 17 256GB eSIM 120Hz Black,4799.0,3899.0,GTECH X,True,https://www.plazavea.com.pe/celular-apple-iphone-17-256gb-esim-120hz-black-102132952/p
PlazaVea,Smartphones,APPLE,Celular Apple iPhone 17 256GB eSIM 120Hz White,4799.0,3899.0,GTECH X,True,https://www.plazavea.com.pe/celular-apple-iphone-17-256gb-esim-120hz-white-102132934/p
PlazaVea,Smartphones,APPLE,Celular Apple iPhone 15 128GB eSIM Blue,3199.0,2799.0,GTECH X,True,https://www.plazavea.com.pe/celular-apple-iphone-15-128gb-esim-blue-102132789/p
PlazaVea,Smartphones,HONOR,HONOR X8D 8RAM 256GB NEGRO,1299.0,989.0,SMART TECH RB,True,https://www.plazavea.com.pe/honor-x8d-8ram-256gb-negro-102132631/p
PlazaVea,Smartphones,HONOR,HONOR X7D 8RAM 256GB PLATEADO,999.0,779.0,SMART TECH RB,True,https://www.plazavea.com.pe/honor-x7d-8ram-256gb-plateado-102132615/p
PlazaVea,Smartphones,HONOR,HONOR X7D 8RAM 256GB NEGRO,999.0,789.0,RD HOME TECH,True,https://www.plazavea.com.pe/honor-x7d-8ram-256gb-negro-102132614/p
PlazaVea,Smartphones,HONOR,HONOR X8D 8RAM 256GB AZUL,1299.0,999.0,RRJ ELECTRONICS,True,https://www.plazavea.com.pe/honor-x8d-8ram-256gb-azul-102132116/p
PlazaVea,Smartphones,MOTOROLA,MOTOROLA G04S 4RAM 128GB NEGRO,799.0,419.0,RD HOME TECH,True,https://www.plazavea.com.pe/motorola-g04s-4ram-128gb-negro-102132115/p
PlazaVea,Smartphones,HONOR,HONOR X8D 8RAM 256GB NEGRO,1299.0,1299.0,RRJ ELECTRONICS,True,https://www.plazavea.com.pe/honor-x8d-8ram-256gb-negro-102132041/p
PlazaVea,Smartphones,HONOR,HONOR X7D 8RAM 256GB PLATEADO,999.0,779.0,RRJ ELECTRONICS,True,https://www.plazavea.com.pe/honor-x7d-8ram-256gb-plateado-102132034/p
PlazaVea,Smartphones,MOTOROLA,MOTOROLA G06 4RAM 128GB AZUL,799.0,429.0,RD HOME TECH,True,https://www.plazavea.com.pe/motorola-g06-4ram-128gb-azul-102132031/p
PlazaVea,Smartphones,HONOR,HONOR X7D 8RAM 256GB NEGRO,999.0,849.0,SMART TECH RB,True,https://www.plazavea.com.pe/honor-x7d-8ram-256gb-negro-102132009/p
PlazaVea,Smartphones,MOTOROLA,MOTOROLA G04S 4RAM 128GB NEGRO,699.0,419.0,SMART TECH RB,True,https://www.plazavea.com.pe/motorola-g04s-4ram-128gb-negro-102131869/p
PlazaVea,Smartphones,MOTOROLA,MOTOROLA G06 4RAM 128GB AZUL,899.0,429.0,SMART TECH RB,True,https://www.plazavea.com.pe/motorola-g06-4ram-128gb-azul-102131688/p
PlazaVea,Smartphones,MOTOROLA,MOTOROLA G06 4RAM 128GB AZUL,799.0,419.0,RRJ ELECTRONICS,True,https://www.plazavea.com.pe/motorola-g06-4ram-128gb-azul-102131680/p
PlazaVea,Smartphones,MOTOROLA,MOTOROLA G04S 4RAM 128GB NEGRO,599.0,439.0,RRJ ELECTRONICS,True,https://www.plazavea.com.pe/motorola-g04s-4ram-128gb-negro-102131470/p
PlazaVea,Smartphones,HONOR,HONOR X8D 8RAM 256GB AZUL,1299.0,989.0,RD HOME TECH,True,https://www.plazavea.com.pe/honor-x8d-8ram-256gb-azul-102131445/p
PlazaVea,Smartphones,HONOR,HONOR X8D 8RAM 256GB NEGRO,1200.0,989.0,RD HOME TECH,True,https://www.plazavea.com.pe/honor-x8d-8ram-256gb-negro-102131440/p
PlazaVea,Smartphones,HONOR,HONOR X7D 8RAM 256GB PLATEADO,999.0,779.0,RD HOME TECH,True,https://www.plazavea.com.pe/honor-x7d-8ram-256gb-plateado-102131160/p
PlazaVea,Smartphones,HONOR,HONOR X8D 8RAM 256GB AZUL,1299.0,989.0,SMART TECH RB,True,https://www.plazavea.com.pe/honor-x8d-8ram-256gb-azul-102131003/p
PlazaVea,Smartphones,HONOR,HONOR X7D 8RAM 256GB NEGRO,999.0,779.0,RRJ ELECTRONICS,True,https://www.plazavea.com.pe/honor-x7d-8ram-256gb-negro-102129609/p
PlazaVea,Smartphones,HONOR,"Smartphone HONOR X5D 6.74"" 4GB 128GB 50MP Azul",629.0,449.0,Plaza Vea,True,https://www.plazavea.com.pe/smartphone-honor-x5d-6-74--4gb-128gb-50mp-azul-20634113/p
PlazaVea,Smartphones,HONOR,HONOR X7D 6RAM 256GB NEGRO,1189.0,829.0,RD HOME TECH,True,https://www.plazavea.com.pe/honor-x7d-6ram-256gb-negro-102126764/p
PlazaVea,Smartphones,HONOR,HONOR X7D 6RAM 256GB AZUL CYAN,1099.0,829.0,SMART TECH RB,True,https://www.plazavea.com.pe/honor-x7d-6ram-256gb-azul-cyan-102126738/p
PlazaVea,Smartphones,HONOR,HONOR X7D 6RAM 256GB NEGRO,1099.0,829.0,SMART TECH RB,True,https://www.plazavea.com.pe/honor-x7d-6ram-256gb-negro-102126712/p
PlazaVea,Smartphones,HONOR,HONOR MAGIC 8 LITE 8RAM 512GB DORADO,1899.0,1899.0,RRJ ELECTRONICS,True,https://www.plazavea.com.pe/honor-magic-8-lite-8ram-512gb-dorado-102126571/p
PlazaVea,Smartphones,SAMSUNG,Celular Samsung Galaxy A57 5G 256GB 8GB RAM Lila,2500.0,1738.0,Rincon4GSameday,True,https://www.plazavea.com.pe/celular-samsung-galaxy-a57-5g-256gb-8gb-ram-lila-102125476/p
PlazaVea,Smartphones,HONOR,Honor X9d 5g 256gb 8gb Ram Rojo Cobrizo,1749.0,1299.0,Moviles Eirl,True,https://www.plazavea.com.pe/honor-x9d-5g-256gb-8gb-ram-rojo-cobrizo-102125465/p
PlazaVea,Smartphones,SAMSUNG,Celular Samsung Galaxy A57 5G 256GB 8GB RAM Azul oscuro,2500.0,1738.0,Rincon4GSameday,True,https://www.plazavea.com.pe/celular-samsung-galaxy-a57-5g-256gb-8gb-ram-azul-oscuro-102125297/p
PlazaVea,Smartphones,HONOR,HONOR X7D 6RAM 256GB AZUL CYAN,1099.0,1099.0,RRJ ELECTRONICS,True,https://www.plazavea.com.pe/honor-x7d-6ram-256gb-azul-cyan-102124774/p
PlazaVea,Smartphones,HONOR,HONOR X7D 6RAM 256GB AZUL CYAN,1099.0,829.0,RD HOME TECH,True,https://www.plazavea.com.pe/honor-x7d-6ram-256gb-azul-cyan-102124760/p
PlazaVea,Smartphones,HONOR,HONOR X7D 6RAM 256GB NEGRO,1099.0,1099.0,RRJ ELECTRONICS,True,https://www.plazavea.com.pe/honor-x7d-6ram-256gb-negro-102124514/p
PlazaVea,Smartphones,HONOR,Honor X9d 5g 256gb 8gb Ram Rojo Cobrizo,1749.0,1299.0,Telcelperu,True,https://www.plazavea.com.pe/honor-x9d-5g-256gb-8gb-ram-rojo-cobrizo-102124510/p
PlazaVea,Smartphones,HONOR,Honor X9d 5g 256gb 8gb Ram Rojo Cobrizo,1749.0,1299.0,TelcelperuExpress,True,https://www.plazavea.com.pe/honor-x9d-5g-256gb-8gb-ram-rojo-cobrizo-102124116/p
PlazaVea,Smartphones,SAMSUNG,SAMSUNG GALAXY A37 8GB RAM 256GB NEGRO,1599.0,1459.0,Marketcell,True,https://www.plazavea.com.pe/samsung-galaxy-a37-8gb-ram-256gb-negro-102122441/p
PlazaVea,Smartphones,SAMSUNG,SAMSUNG GALAXY A37 8GB RAM 256GB VERDE,1599.0,1399.0,Marketcell,True,https://www.plazavea.com.pe/samsung-galaxy-a37-8gb-ram-256gb-verde-102122393/p
PlazaVea,Smartphones,XIAOMI,Xiaomi 17T Pro 12RAM 512GB Violeta,3999.0,3479.0,F MOBILE TECH,True,https://www.plazavea.com.pe/xiaomi-17t-pro-12ram-512gb-violeta-102121785/p
PlazaVea,Smartphones,HONOR,CELULAR HONOR X8D 8GB 256GB AZUL CON VASO TERMICO HONOR,1489.0,979.0,MILLENNIALS MOBILE,True,https://www.plazavea.com.pe/celular-honor-x8d-8gb-256gb-azul-102121398/p
PlazaVea,Smartphones,XIAOMI,Xiaomi 17T Pro 12RAM 512GB Azul,3999.0,3479.0,F MOBILE TECH,True,https://www.plazavea.com.pe/xiaomi-17t-pro-12ram-512gb-azul-102120836/p
PlazaVea,Smartphones,HONOR,Honor Magic 8 Pro 5G 12Gb Ram 512Gb Rom Color Sky Cyan con Mica Hidrogel,5599.0,4749.0,TECH HUB,True,https://www.plazavea.com.pe/honor-magic-8-pro-5g-12gb-ram-512gb-rom-color-sky-cyan-con-mica-hidrogel-102120833/p
PlazaVea,Smartphones,XIAOMI,Xiaomi 17T Pro 12RAM 512GB Negro,3999.0,3479.0,F MOBILE TECH,True,https://www.plazavea.com.pe/xiaomi-17t-pro-12ram-512gb-negro-102119871/p
PlazaVea,Smartphones,APPLE,Iphone 17 5G 256GB Edición eSIM Lavanda,5999.0,3659.0,MEGACEL PERU,True,https://www.plazavea.com.pe/iphone-17-5g-256gb-edicion-esim-lavanda-102119846/p
PlazaVea,Smartphones,APPLE,Iphone 17 5G 256GB Edición eSIM Verde,5999.0,3649.0,GI ALPACA PERU,True,https://www.plazavea.com.pe/iphone-17-5g-256gb-edicion-esim-verde-102119802/p
PlazaVea,Smartphones,APPLE,Iphone 17 5G 256GB Edición eSIM Negro,5999.0,3679.0,GI ALPACA PERU,True,https://www.plazavea.com.pe/iphone-17-5g-256gb-edicion-esim-negro-102119800/p
PlazaVea,Smartphones,APPLE,Iphone 17 5G 256GB Edición eSIM Blanco,5999.0,3649.0,GI ALPACA PERU,True,https://www.plazavea.com.pe/iphone-17-5g-256gb-edicion-esim-blanco-102119795/p
PlazaVea,Smartphones,APPLE,Iphone 17 5G 256GB Edición eSIM Verde,5999.0,3649.0,MEGACEL PERU,True,https://www.plazavea.com.pe/iphone-17-5g-256gb-edicion-esim-verde-102119794/p
PlazaVea,Smartphones,APPLE,Iphone 17 5G 256GB Edición eSIM Azul,5999.0,3649.0,GI ALPACA PERU,True,https://www.plazavea.com.pe/iphone-17-5g-256gb-edicion-esim-azul-102119779/p
PlazaVea,Smartphones,APPLE,Iphone 17 5G 256GB Edición eSIM Azul,5999.0,3659.0,MEGACEL PERU,True,https://www.plazavea.com.pe/iphone-17-5g-256gb-edicion-esim-azul-102119752/p
PlazaVea,Smartphones,APPLE,Iphone 17 5G 256GB Edición eSIM Negro,5999.0,3659.0,MEGACEL PERU,True,https://www.plazavea.com.pe/iphone-17-5g-256gb-edicion-esim-negro-102119669/p
PlazaVea,Smartphones,XIAOMI,Xiaomi 17T 5G 12RAM 512GB Violeta,2999.0,2789.0,F MOBILE TECH,True,https://www.plazavea.com.pe/xiaomi-17t-5g-12ram-512gb-violeta-102119625/p
PlazaVea,Smartphones,APPLE,Iphone 17 5G 256GB Edición eSIM Lavanda,5999.0,3649.0,GI ALPACA PERU,True,https://www.plazavea.com.pe/iphone-17-5g-256gb-edicion-esim-lavanda-102119589/p
PlazaVea,Smartphones,XIAOMI,Xiaomi 17T 5G 12RAM 512GB Azul,2999.0,2789.0,F MOBILE TECH,True,https://www.plazavea.com.pe/xiaomi-17t-5g-12ram-512gb-azul-102119573/p
PlazaVea,Smartphones,XIAOMI,Xiaomi 17T 5G 12RAM 512GB Negro,2999.0,2789.0,F MOBILE TECH,True,https://www.plazavea.com.pe/xiaomi-17t-5g-12ram-512gb-negro-102119554/p
PlazaVea,Smartphones,XIAOMI,CELULAR REDMI 15C 4RAM 128GB  AZUL,866.0,499.0,RRJ ELECTRONICS,True,https://www.plazavea.com.pe/-celular-redmi-15c-4ram-128gb--azul-102119124/p
PlazaVea,Smartphones,XIAOMI,REDMI 15C 4RAM 128GB AZUL,788.0,499.0,SMART TECH RB,True,https://www.plazavea.com.pe/redmi-15c-4ram-128gb-azul--102118860/p
PlazaVea,Smartphones,HONOR,Honor 600 Pro 12Gb Ram 512Gb Rom Color Black con Mica Hidrogel Registrado,3999.0,3399.0,TECH HUB,True,https://www.plazavea.com.pe/honor-600-pro-12gb-ram-512gb-rom-color-black-con-mica-hidrogel-registrado-102118602/p
PlazaVea,Smartphones,XIAOMI,Xiaomi 17T 5G 12Gb Ram Azul 512Gb Rom con Mica Hidrogel Registrado,3399.0,2499.0,M&M CELULARES,True,https://www.plazavea.com.pe/xiaomi-17t-5g-12gb-ram-azul-512gb-rom-con-mica-hidrogel-registrado-102118591/p
PlazaVea,Smartphones,XIAOMI,Xiaomi 17T 5G 12Gb Ram Violeta 512Gb Rom con Mica Hidrogel Registrado,3399.0,2499.0,M&M CELULARES,True,https://www.plazavea.com.pe/xiaomi-17t-5g-12gb-ram-violeta-512gb-rom-con-mica-hidrogel-registrado-102118489/p
PlazaVea,Smartphones,XIAOMI,Xiaomi 17T Pro 5G 12Gb Ram 512Gb Rom Color Negro con Mica Hidrogel Registrado,4299.0,3149.0,TECH HUB,True,https://www.plazavea.com.pe/xiaomi-17t-pro-5g-12gb-ram-512gb-rom-color-negro-con-mica-hidrogel-registrado-102118479/p
PlazaVea,Smartphones,XIAOMI,Xiaomi 17T Pro 5G 12Gb Ram Negro 512Gb Rom con Mica Hidrogel Registrado,4299.0,3149.0,M&M CELULARES,True,https://www.plazavea.com.pe/xiaomi-17t-pro-5g-12gb-ram-negro-512gb-rom-con-mica-hidrogel-registrado-102118458/p
PlazaVea,Smartphones,XIAOMI,Xiaomi 17T 5G 12Gb Ram 512Gb Rom Color Azul con Mica Hidrogel Registrado,3399.0,3399.0,TECH HUB,True,https://www.plazavea.com.pe/xiaomi-17t-5g-12gb-ram-512gb-rom-color-azul-con-mica-hidrogel-registrado-102118410/p
PlazaVea,Smartphones,XIAOMI,Xiaomi 17T 5G 12Gb Ram 512Gb Rom Color Violeta con Mica Hidrogel Registrado,3399.0,3399.0,TECH HUB,True,https://www.plazavea.com.pe/xiaomi-17t-5g-12gb-ram-512gb-rom-color-violeta-con-mica-hidrogel-registrado-102118181/p
PlazaVea,Smartphones,HONOR,Honor 600 Pro 12Gb Ram Black 512Gb Rom con Mica Hidrogel Registrado,3999.0,3399.0,M&M CELULARES,True,https://www.plazavea.com.pe/honor-600-pro-12gb-ram-black-512gb-rom-con-mica-hidrogel-registrado-102118177/p
PlazaVea,Smartphones,SAMSUNG,Celular Samsung Galaxy S25 5G 12GB 128GB Silver,5999.0,2599.0,GI ALPACA PERU,True,https://www.plazavea.com.pe/celular-samsung-galaxy-s25-5g-12gb-128gb-silver-102112458/p
PlazaVea,Smartphones,SAMSUNG,Celular Samsung Galaxy A57 5G 8GB 256GB Awesome Navy,3499.0,1929.0,GI ALPACA PERU,True,https://www.plazavea.com.pe/celular-samsung-galaxy-a57-5g-8gb-256gb-awesome-navy-102112454/p
PlazaVea,Smartphones,SAMSUNG,Celular SAMSUNG Galaxy S25 Ultra 5G 12GB 256GB White Silver,7599.0,3349.0,GI ALPACA PERU,True,https://www.plazavea.com.pe/celular-samsung-galaxy-s25-ultra-5g-12gb-256gb-white-silver-102112413/p
PlazaVea,Smartphones,SAMSUNG,Celular SAMSUNG Galaxy S25 Ultra 5G 12GB 256GB Silver Blue,7599.0,3349.0,GI ALPACA PERU,True,https://www.plazavea.com.pe/celular-samsung-galaxy-s25-ultra-5g-12gb-256gb-silver-blue-102112388/p
PlazaVea,Smartphones,SAMSUNG,Celular SAMSUNG Galaxy S25 Ultra 5G 12GB 256GB Negro,7599.0,3349.0,GI ALPACA PERU,True,https://www.plazavea.com.pe/celular-samsung-galaxy-s25-ultra-5g-12gb-256gb-negro-102112373/p
PlazaVea,Smartphones,SAMSUNG,Celular SAMSUNG Galaxy S26 Ultra 5G 12GB 256GB Blanco,9999.0,3999.0,GI ALPACA PERU,True,https://www.plazavea.com.pe/celular-samsung-galaxy-s26-ultra-5g-12gb-256gb-blanco-102112365/p
PlazaVea,Smartphones,SAMSUNG,Celular SAMSUNG Galaxy S26 Ultra 5G 12GB 512GB Azul,9999.0,4579.0,GI ALPACA PERU,True,https://www.plazavea.com.pe/celular-samsung-galaxy-s26-ultra-5g-12gb-512gb-azul-102112359/p
PlazaVea,Smartphones,SAMSUNG,Celular Samsung Galaxy A37 5G 8GB 256GB Lavanda,2999.0,1729.0,GI ALPACA PERU,True,https://www.plazavea.com.pe/celular-samsung-galaxy-a37-5g-8gb-256gb-lavanda-102112344/p
PlazaVea,Smartphones,SAMSUNG,Celular Samsung Galaxy A57 5G 8GB 256GB Gris,3499.0,1929.0,GI ALPACA PERU,True,https://www.plazavea.com.pe/celular-samsung-galaxy-a57-5g-8gb-256gb-gris-102112328/p
PlazaVea,Smartphones,SAMSUNG,Celular SAMSUNG Galaxy S26 Ultra 5G 12GB 256GB Azul,9999.0,3999.0,GI ALPACA PERU,True,https://www.plazavea.com.pe/celular-samsung-galaxy-s26-ultra-5g-12gb-256gb-azul-102112299/p
PlazaVea,Smartphones,SAMSUNG,Celular Samsung Galaxy A37 5G 8GB 256GB Negro,2999.0,1729.0,GI ALPACA PERU,True,https://www.plazavea.com.pe/celular-samsung-galaxy-a37-5g-8gb-256gb-negro-102112283/p
PlazaVea,Smartphones,SAMSUNG,Celular Samsung Galaxy A57 5G 8GB 256GB Azul Hielo,3499.0,1929.0,GI ALPACA PERU,True,https://www.plazavea.com.pe/celular-samsung-galaxy-a57-5g-8gb-256gb-azul-hielo-102111851/p
PlazaVea,Smartphones,SAMSUNG,Celular SAMSUNG Galaxy S25 Ultra 5G 12GB 1TB Gray,7599.0,4499.0,GI ALPACA PERU,True,https://www.plazavea.com.pe/celular-samsung-galaxy-s25-ultra-5g-12gb-1tb-gray-102111804/p
PlazaVea,Smartphones,SAMSUNG,Celular Samsung Galaxy A57 5G 8GB 256GB Violeta,3499.0,1929.0,GI ALPACA PERU,True,https://www.plazavea.com.pe/celular-samsung-galaxy-a57-5g-8gb-256gb-violeta-102111794/p
PlazaVea,Smartphones,SAMSUNG,Celular Samsung Galaxy A57 5G 8GB 256GB Azul Hielo,3499.0,1899.0,MEGACEL PERU,True,https://www.plazavea.com.pe/celular-samsung-galaxy-a57-5g-8gb-256gb-azul-hielo-102110843/p
PlazaVea,Smartphones,SAMSUNG,Celular SAMSUNG Galaxy S26 Ultra 5G 12GB 256GB Blanco,9999.0,4009.0,MEGACEL PERU,True,https://www.plazavea.com.pe/celular-samsung-galaxy-s26-ultra-5g-12gb-256gb-blanco-102110841/p
PlazaVea,Smartphones,SAMSUNG,Celular Samsung Galaxy A57 5G 8GB 256GB Violeta,3499.0,1899.0,MEGACEL PERU,True,https://www.plazavea.com.pe/celular-samsung-galaxy-a57-5g-8gb-256gb-violeta-102110836/p
PlazaVea,Smartphones,SAMSUNG,Celular SAMSUNG Galaxy S26 Ultra 5G 12GB 256GB Violeta,9999.0,4009.0,MEGACEL PERU,True,https://www.plazavea.com.pe/celular-samsung-galaxy-s26-ultra-5g-12gb-256gb-violeta-102110831/p
PlazaVea,Smartphones,SAMSUNG,Celular SAMSUNG Galaxy S25 Ultra 5G 12GB 1TB Gray,7599.0,4199.0,MEGACEL PERU,True,https://www.plazavea.com.pe/celular-samsung-galaxy-s25-ultra-5g-12gb-1tb-gray-102110830/p
PlazaVea,Smartphones,SAMSUNG,Celular Samsung Galaxy A57 5G 8GB 256GB Gris,3499.0,1899.0,MEGACEL PERU,True,https://www.plazavea.com.pe/celular-samsung-galaxy-a57-5g-8gb-256gb-gris-102110813/p
PlazaVea,Smartphones,SAMSUNG,Celular Samsung Galaxy S25 5G 12GB 128GB Silver,5999.0,2599.0,MEGACEL PERU,True,https://www.plazavea.com.pe/celular-samsung-galaxy-s25-5g-12gb-128gb-silver-102110810/p
PlazaVea,Smartphones,SAMSUNG,Celular SAMSUNG Galaxy S25 Ultra 5G 12GB 256GB Silver Blue,7599.0,3239.0,MEGACEL PERU,True,https://www.plazavea.com.pe/celular-samsung-galaxy-s25-ultra-5g-12gb-256gb-silver-blue-102110808/p
PlazaVea,Smartphones,SAMSUNG,Celular Samsung Galaxy A57 5G 8GB 256GB Awesome Navy,3499.0,1899.0,MEGACEL PERU,True,https://www.plazavea.com.pe/celular-samsung-galaxy-a57-5g-8gb-256gb-awesome-navy-102110790/p
PlazaVea,Smartphones,SAMSUNG,Celular SAMSUNG Galaxy S26 Ultra 5G 12GB 256GB Azul,9999.0,4009.0,MEGACEL PERU,True,https://www.plazavea.com.pe/celular-samsung-galaxy-s26-ultra-5g-12gb-256gb-azul-102110789/p
PlazaVea,Smartphones,SAMSUNG,Celular Samsung Galaxy A37 5G 8GB 256GB Lavanda,2999.0,1729.0,MEGACEL PERU,True,https://www.plazavea.com.pe/celular-samsung-galaxy-a37-5g-8gb-256gb-lavanda-102110781/p
PlazaVea,Smartphones,SAMSUNG,Celular Samsung Galaxy A37 5G 8GB 256GB Negro,2999.0,1729.0,MEGACEL PERU,True,https://www.plazavea.com.pe/celular-samsung-galaxy-a37-5g-8gb-256gb-negro-102110739/p
PlazaVea,Smartphones,SAMSUNG,Celular SAMSUNG Galaxy S25 Ultra 5G 12GB 256GB White Silver,7599.0,3239.0,MEGACEL PERU,True,https://www.plazavea.com.pe/celular-samsung-galaxy-s25-ultra-5g-12gb-256gb-white-silver-102110738/p
PlazaVea,Smartphones,SAMSUNG,SAMSUNG GALAXY S25 ULTRA 256GB - TITANIUM GREY,4909.0,3909.0,MANZANA MIA,True,https://www.plazavea.com.pe/samsung-galaxy-s25-ultra-256gb-titanium-grey-102110518/p
PlazaVea,Smartphones,SAMSUNG,SAMSUNG GALAXY S25 ULTRA 256GB - TITANIUM BLACK,4909.0,3909.0,MANZANA MIA,True,https://www.plazavea.com.pe/samsung-galaxy-s25-ultra-256gb-titanium-black-102110112/p
PlazaVea,Smartphones,HONOR,CELULAR HONOR MAGIC7 LITE 512GB 8GB 108 MP 6.78 TITANIUM PURPLE,3199.0,1499.0,GRUPO LINEA HOGAR,True,https://www.plazavea.com.pe/celular-honor-magic7-lite-512gb-8gb-108-mp-6-78-titanium-purple-102109975/p
PlazaVea,Smartphones,APPLE,IPhone 16 Pro Max 256gb Black Titanium Condición OPEN BOX A3084 - Batería 100,5500.0,5500.0,IAN STORE,True,https://www.plazavea.com.pe/iphone-16-pro-max-256gb-black-titanium-condicion-open-box-a3084-bateria-100-102109718/p
PlazaVea,Smartphones,HONOR,"Smartphone HONOR 600E 6.6"" 8GB 512GB 108MP+5MP Gold",2199.0,1899.0,Plaza Vea,True,https://www.plazavea.com.pe/smartphone-honor-600e-66-8gb-512gb-108mp-5mp-gold-20633534/p
PlazaVea,Smartphones,XIAOMI,"Smartphone XIAOMI Redmi A7 Pro 6.9"" 4GB 64GB 13MP Azul",499.0,399.0,Plaza Vea,True,https://www.plazavea.com.pe/smartphone-xiaomi-redmi-a7-pro-6-9--4gb-64gb-13mp-azul-20633776/p
PlazaVea,Smartphones,XIAOMI,"Smartphone XIAOMI Redmi A7 Pro 6.9"" 4GB 64GB 13MP Verde",499.0,399.0,Plaza Vea,True,https://www.plazavea.com.pe/smartphone-xiaomi-redmi-a7-pro-6-9--4gb-64gb-13mp-verde-20633786/p
PlazaVea,Smartphones,XIAOMI,"Smartphone XIAOMI Redmi A7 Pro 6.9"" 4GB 64GB 13MP Negro",499.0,399.0,Plaza Vea,True,https://www.plazavea.com.pe/smartphone-xiaomi-redmi-a7-pro-6-9--4gb-64gb-13mp-negro-20633772/p
PlazaVea,Smartphones,HONOR,"Smartphone HONOR 600 6.56"" 8GB 512GB 200 MP + 12 MP Orange",2499.0,2399.0,Plaza Vea,True,https://www.plazavea.com.pe/smartphone-honor-600-656-8gb-512gb-200-mp---12-mp-orange-20633536/p
PlazaVea,Smartphones,HONOR,"Smartphone HONOR 600 6.56"" 8GB 512GB 200 MP + 12 MP Golden",2499.0,2399.0,Plaza Vea,True,https://www.plazavea.com.pe/smartphone-honor-600-656-8gb-512gb-200-mp---12-mp-golden-20633515/p
PlazaVea,Smartphones,HONOR,"Smartphone HONOR 600 Pro 6.56"" 12GB 512GB 200MP + 50MP + 12MP Black",3599.0,3499.0,Plaza Vea,True,https://www.plazavea.com.pe/smartphone-honor-600-pro-656-12gb-512gb-200mp---50mp---12mp-black-20633535/p
PlazaVea,Smartphones,HONOR,"Smartphone HONOR 600E 6.6"" 8GB 512GB 108MP+5MP Green",2199.0,1899.0,Plaza Vea,True,https://www.plazavea.com.pe/smartphone-honor-600e-66-8gb-512gb-108mp-5mp-green-20633533/p
PlazaVea,Smartphones,HONOR,"Smartphone HONOR 600 6.56"" 8GB 512GB 200 MP + 12 MP Black",2499.0,2399.0,Plaza Vea,True,https://www.plazavea.com.pe/smartphone-honor-600-656-8gb-512gb-200-mp---12-mp-black-20633527/p
PlazaVea,Smartphones,HONOR,"Smartphone HONOR 600E 6.6"" 8GB 512GB 108MP+5MP Grey",2199.0,1899.0,Plaza Vea,True,https://www.plazavea.com.pe/smartphone-honor-600e-66-8gb-512gb-108mp-5mp-grey-20633520/p
PlazaVea,Smartphones,SAMSUNG,Celular Samsung Galaxy A07 4GB RAM 64GB Cámara principal 50MP -2MP 6.7Pulg. HD - Lila,599.0,429.0,GRUPO LINEA HOGAR,True,https://www.plazavea.com.pe/celular-samsung-galaxy-a07-4gb-ram-64gb-camara-principal-50mp-2mp-6-7pulg-hd-lila-102106102/p
PlazaVea,Smartphones,HONOR,Celular Honor X5c 4gb 128gb AZUL,750.0,538.0,JA INNOVATION GROUP S.A.C,True,https://www.plazavea.com.pe/celular-honor-x5c-4gb-128gb-azul-102105957/p
PlazaVea,Smartphones,HONOR,Celular Honor X5c 4gb 128gb PLATA,750.0,538.0,JA INNOVATION GROUP S.A.C,True,https://www.plazavea.com.pe/celular-honor-x5c-4gb-128gb-plata-102105917/p
PlazaVea,Smartphones,HONOR,Honor Magic 8 Pro 5G 12Gb Ram Sky Cyan 512Gb Rom con Mica Hidrogel,5599.0,4749.0,M&M CELULARES,True,https://www.plazavea.com.pe/honor-magic-8-pro-5g-12gb-ram-sky-cyan-512gb-rom-con-mica-hidrogel-102105604/p
PlazaVea,Smartphones,APPLE,IPHONE 17 256GB CHIP FISICO CON REGALO NEGRO,4879.0,3685.0,Fox Móviles SAC,True,https://www.plazavea.com.pe/iphone-17-256gb-chip-fisico-con-regalo-negro-102105576/p
PlazaVea,Smartphones,APPLE,IPHONE 17 256GB CHIP FISICO CON REGALO BLANCO,4879.0,3685.0,Fox Móviles SAC,True,https://www.plazavea.com.pe/iphone-17-256gb-chip-fisico-con-regalo-blanco-102105573/p
PlazaVea,Smartphones,APPLE,IPHONE 17 256GB CHIP FISICO CON REGALO AZUL,5879.0,3685.0,Fox Móviles SAC,True,https://www.plazavea.com.pe/iphone-17-256gb-chip-fisico-con-regalo-azul-102105567/p
PlazaVea,Smartphones,HONOR,Celular Honor X5c 4gb 128gb NEGRO,750.0,538.0,JA INNOVATION GROUP S.A.C,True,https://www.plazavea.com.pe/celular-honor-x5c-4gb-128gb-negro-102105390/p
PlazaVea,Smartphones,APPLE,IPHONE 17 256GB ESIM CON REGALO VERDE,4899.0,3569.0,Fox Móviles SAC,True,https://www.plazavea.com.pe/iphone-17-256gb-esim-con-regalo-verde-102100751/p
PlazaVea,Smartphones,APPLE,IPHONE 17 256GB ESIM CON REGALO BLANCO,4579.0,3569.0,Fox Móviles SAC,True,https://www.plazavea.com.pe/iphone-17-256gb-esim-con-regalo-blanco-102100714/p
PlazaVea,Smartphones,APPLE,IPHONE 17 256GB ESIM CON REGALO AZUL,4579.0,3569.0,Fox Móviles SAC,True,https://www.plazavea.com.pe/iphone-17-256gb-esim-con-regalo-azul-102100692/p
PlazaVea,Smartphones,APPLE,IPHONE 17 256GB ESIM CON REGALO LAVANDA,4579.0,3569.0,Fox Móviles SAC,True,https://www.plazavea.com.pe/iphone-17-256gb-esim-con-regalo-lavanda-102100678/p
PlazaVea,Smartphones,APPLE,IPHONE 17 256GB ESIM CON REGALO NEGRO,4579.0,3599.0,Fox Móviles SAC,True,https://www.plazavea.com.pe/iphone-17-256gb-esim-con-regalo-negro-102100676/p
PlazaVea,Smartphones,HONOR,Honor 400 Pro 12Gb Ram 512GB Rom Azul con Mica Hidrogel Registrado,3299.0,3299.0,TECH HUB,True,https://www.plazavea.com.pe/honor-400-pro-12gb-ram-512gb-rom-azul-con-mica-hidrogel-registrado-102100608/p
PlazaVea,Smartphones,HONOR,HONOR 600e 5G 8RAM 256GB GRAY,2099.0,1699.0,ELECTRODOMESTICOS GALEXA,True,https://www.plazavea.com.pe/honor-600e-5g-8ram-256gb-gray-102100577/p
PlazaVea,Smartphones,HONOR,Honor 400 Pro 12Gb Ram 512GB Rom Azul con Mica Hidrogel Registrado,3299.0,2749.0,M&M CELULARES,True,https://www.plazavea.com.pe/honor-400-pro-12gb-ram-512gb-rom-azul-con-mica-hidrogel-registrado-102100470/p
PlazaVea,Smartphones,MOTOROLA,MOTOROLA G17 4GB 128GB ARANDANO,999.0,599.0,ELECTRODOMESTICOS GALEXA,True,https://www.plazavea.com.pe/motorola-g17-4gb-128gb-arandano-102100465/p
PlazaVea,Smartphones,REDMI,REDMI 15C 8GB RAM 256GB COLOR NEGRO DE REGALO CASE Y MICA,1099.0,659.0,SL TECNOLOGÍA SMART,True,https://www.plazavea.com.pe/redmi-15c-8gb-ram-256gb-color-negro-de-regalo-case-y-mica-102099371/p
PlazaVea,Smartphones,APPLE,iPhone 14 Pro 512GB Morado - Grado A Reacondicionado,6199.0,2749.0,SMARTLEBEN,True,https://www.plazavea.com.pe/iphone-14-pro-512gb-morado---grado-a-reacondicionado-102098021/p
PlazaVea,Smartphones,APPLE,iPhone 14 Pro 256GB Morado - Grado A Reacondicionado,5599.0,2469.0,SMARTLEBEN,True,https://www.plazavea.com.pe/iphone-14-pro-256gb-morado---grado-a-reacondicionado-102097965/p
PlazaVea,Smartphones,APPLE,iPhone 14 Pro 512GB Plata - Grado A Reacondicionado,6199.0,2699.0,SMARTLEBEN,True,https://www.plazavea.com.pe/iphone-14-pro-512gb-plata---grado-a-reacondicionado-102097956/p
PlazaVea,Smartphones,HONOR,CELULAR HONOR X5C 4GB RAM 128GB Negro,620.0,510.0,JA INNOVATION GROUP S.A.C,True,https://www.plazavea.com.pe/celular-honor-x5c-4gb-ram-128gb-negro-102096231/p
PlazaVea,Smartphones,HONOR,CELULAR HONOR X5C 4GB RAM 64GB PLATEADO,560.0,476.0,JA INNOVATION GROUP S.A.C,True,https://www.plazavea.com.pe/celular-honor-x5c-4gb-ram-64gb-plateado-102094398/p
PlazaVea,Smartphones,HONOR,CELULAR HONOR X5C 4GB RAM 64GB AZUL,560.0,476.0,JA INNOVATION GROUP S.A.C,True,https://www.plazavea.com.pe/celular-honor-x5c-4gb-ram-64gb-azul-102094396/p
PlazaVea,Smartphones,XIAOMI,POCO X8 Pro Max Negro 12 GB 512 GB,2999.0,2419.0,ELECTRODOMESTICOS GALEXA,True,https://www.plazavea.com.pe/poco-x8-pro-max-negro-12-gb-512-gb-102092991/p
PlazaVea,Smartphones,SAMSUNG,Celular Samsung Galaxy S20 FE 6.5 Pulg. 6GB RAM 128GB Android 10 -Azul,2699.0,1299.0,ELECTRODOMESTICOS GALEXA,True,https://www.plazavea.com.pe/celular-samsung-galaxy-s20-fe-6-5-pulg-6gb-ram-128gb-android-10-azul-102092820/p
PlazaVea,Smartphones,XIAOMI,Celular Xiaomi Redmi Note 15 Pro 8GB 256GB Negro,1889.0,1169.0,ELECTRODOMESTICOS GALEXA,True,https://www.plazavea.com.pe/celular-xiaomi-redmi-note-15-pro-8gb-256gb-negro-102092155/p
PlazaVea,Smartphones,APPLE,iPhone SE 3ra Gen 64GB 4GB Rojo (REACONDICIONADO GRADO A+),1102.0,1020.0,Celulares Peru Smart,True,https://www.plazavea.com.pe/iphone-se-3ra-gen-64gb-4gb-rojo-reacondicionado-grado-a-102091358/p
PlazaVea,Smartphones,SAMSUNG,Samsung Galaxy S25 128GB 12GB Azul (REACONDICIONADO GRADO A+),2797.0,2590.0,Celulares Peru Smart,True,https://www.plazavea.com.pe/samsung-galaxy-s25-128gb-12gb-azul-reacondicionado-grado-a-102091346/p
PlazaVea,Smartphones,APPLE,iPhone 14 512GB Rojo - Grado A Reacondicionado,4599.0,1999.0,SMARTLEBEN,True,https://www.plazavea.com.pe/iphone-14-512gb-rojo---grado-a-reacondicionado-102091305/p
PlazaVea,Smartphones,APPLE,iPhone 14 512GB Morado - Grado A Reacondicionado,4599.0,2099.0,SMARTLEBEN,True,https://www.plazavea.com.pe/iphone-14-512gb-morado---grado-a-reacondicionado-102091242/p
PlazaVea,Smartphones,APPLE,IPHONE 17 256GB ESIM - VERDE,4999.0,3569.0,Fox Móviles SAC,True,https://www.plazavea.com.pe/iphone-17-256gb-esim-verde-102090214/p
PlazaVea,Smartphones,SAMSUNG,Samsung Galaxy S25 ULTRA 1TB 12GB - AZUL,5699.0,4299.0,Fox Móviles SAC,True,https://www.plazavea.com.pe/samsung-galaxy-s25-ultra-1tb-12gb-azul-102090025/p
PlazaVea,Smartphones,HONOR,CELULAR HONOR X5C 4GB RAM 64GB Negro,560.0,476.0,JA INNOVATION GROUP S.A.C,True,https://www.plazavea.com.pe/celular-honor-x5c-4gb-ram-64gb-negro-102089606/p
PlazaVea,Smartphones,XIAOMI,XIAOMI POCO X8 PRO 8GB 256GB NEGRO,1799.0,1399.0,Marketcell,True,https://www.plazavea.com.pe/xiaomi-poco-x8-pro-8gb-256gb-negro-102088873/p
PlazaVea,Smartphones,APPLE,iPhone 15 Pro Max 256 Gb Blue Titanium Reacondicionado A2849 - Condicion Excellent,3800.0,3800.0,STORE IMPORT,True,https://www.plazavea.com.pe/iphone-15-pro-max-256-gb-blue-titanium-reacondicionado-a2849-condicion-excellent-102088503/p
PlazaVea,Smartphones,HONOR,Celular Honor X5c Plus 4gb 256gb Azul,750.0,605.0,JA INNOVATION GROUP S.A.C,True,https://www.plazavea.com.pe/celular-honor-x5c-plus-4gb-256gb-azul-102088431/p
PlazaVea,Smartphones,APPLE,iPhone 17 PRO MAX 1TB ESIM - Cosmic Orange,8899.0,6879.0,Fox Móviles SAC,True,https://www.plazavea.com.pe/iphone-17-pro-max-1tb-esim-cosmic-orange-102088141/p
PlazaVea,Smartphones,SAMSUNG,S25 ULTRA 256GB 12GB RAM Titanium Black,7999.0,4200.0,GRUPO LINEA HOGAR,True,https://www.plazavea.com.pe/s25-ultra-256gb-12gb-ram-titanium-black-102087802/p
PlazaVea,Smartphones,SAMSUNG,S25 ULTRA 512GB 12GB RAM Titanium Black,8449.0,4500.0,GRUPO LINEA HOGAR,True,https://www.plazavea.com.pe/s25-ultra-512gb-12gb-ram-titanium-black-102087692/p
PlazaVea,Smartphones,XIAOMI,REDMI NOTE 15 6GB-128GB BLACK,899.0,719.0,PHONE SPOT PERU,True,https://www.plazavea.com.pe/redmi-note-15-6gb-128gb-black-102087630/p
PlazaVea,Smartphones,APPLE,iPhone 16 128GB Rosado,5999.0,3299.0,GRUPO LINEA HOGAR,True,https://www.plazavea.com.pe/iphone-16-128gb-rosado-102087092/p
PlazaVea,Smartphones,POCO,Poco F8 Pro 12Gb Ram 512Gb Rom con Mica Hidrogel Registrado Color Silver,3699.0,2529.0,TECH HUB,True,https://www.plazavea.com.pe/poco-f8-pro-12gb-ram-512gb-rom-con-mica-hidrogel-registrado-color-silver-102086400/p
PlazaVea,Smartphones,MOTOROLA,CELULAR MOTOROLA MOTO G15 4G LTE XT2521-2 4GB RAM 256GB DUAL SIM - NARANJA,1109.0,829.0,COMPRAFACIL USA,True,https://www.plazavea.com.pe/celular-motorola-moto-g15-4g-lte-xt2521-2-4gb-ram-256gb-dual-sim---naranja-102086345/p
PlazaVea,Smartphones,SAMSUNG,CELULAR SAMSUNG GALAXY A06 4G LTE SM-A065M-DS 4GB RAM 64GB DUAL SIM 6.7 CÁMARA DUAL - NEGRO,989.0,739.0,COMPRAFACIL USA,True,https://www.plazavea.com.pe/celular-samsung-galaxy-a06-4g-lte-sm-a065m-ds-4gb-ram-64gb-dual-sim-6-7-camara-dual-negro-102086344/p
PlazaVea,Smartphones,MOTOROLA,CELULAR MOTOROLA MOTO G15 4G LTE XT2521-2 4GB RAM 256GB DUAL SIM - GRIS,1119.0,835.0,COMPRAFACIL USA,True,https://www.plazavea.com.pe/celular-motorola-moto-g15-4g-lte-xt2521-2-4gb-ram-256gb-dual-sim---gris-102086335/p
PlazaVea,Smartphones,SAMSUNG,CELULAR SAMSUNG GALAXY A26 5G IA 8GB RAM 256GB DUAL SIM 6.7 120HZ AMOLED IP67 - BLANCO,2189.0,1639.0,COMPRAFACIL USA,True,https://www.plazavea.com.pe/celular-samsung-galaxy-a26-5g-ia-8gb-ram-256gb-dual-sim-6-7-120hz-amoled-ip67---blanco-102086327/p
PlazaVea,Smartphones,SAMSUNG,CELULAR SAMSUNG GALAXY A16 4G DUAL SIM 128GB 6.7 90HZ AMOLED 50MP - NEGRO,1189.0,889.0,COMPRAFACIL USA,True,https://www.plazavea.com.pe/celular-samsung-galaxy-a16-4g-dual-sim-128gb-6-7-90hz-amoled-50mp-negro-102086320/p
PlazaVea,Smartphones,POCO,Poco F8 Pro 12Gb Ram 512Gb Rom Silver con Mica Hidrogel Registrado,3699.0,2529.0,M&M CELULARES,True,https://www.plazavea.com.pe/poco-f8-pro-12gb-ram-512gb-rom-silver-con-mica-hidrogel-registrado-102086285/p
PlazaVea,Smartphones,REDMI,CELULAR XIAOMI REDMI NOTE 14 PRO 5G 8GB RAM 256GB DUAL SIM 6.67 - MIDNIGHT BLACK,1839.0,1599.0,COMPRAFACIL USA,True,https://www.plazavea.com.pe/celular-xiaomi-redmi-note-14-pro-5g-8gb-ram-256gb-dual-sim-6-67---midnight-black-102086123/p
PlazaVea,Smartphones,SAMSUNG,CELULAR SAMSUNG GALAXY A07 4G AI SM-A075-DS 4GB RAM 128GB DUAL SIM 6.7  CÁMARA DUAL - VIOLETA,1229.0,919.0,COMPRAFACIL USA,True,https://www.plazavea.com.pe/celular-samsung-galaxy-a07-4g-ai-sm-a075-ds-4gb-ram-128gb-dual-sim-6-7--camara-dual---violeta-102086107/p
PlazaVea,Smartphones,SAMSUNG,CELULAR SAMSUNG GALAXY A26 5G IA 8GB RAM 256GB DUAL SIM 6.7 120HZ AMOLED IP67,1379.0,1199.0,COMPRAFACIL USA,True,https://www.plazavea.com.pe/celular-samsung-galaxy-a26-5g-ia-8gb-ram-256gb-dual-sim-6-7-120hz-amoled-ip67-102086031/p
PlazaVea,Smartphones,SAMSUNG,CELULAR SAMSUNG GALAXY A07 4G AI SM-A075-DS 4GB RAM 128GB DUAL SIM 6.7 CÁMARA DUAL - NEGRO,1109.0,829.0,COMPRAFACIL USA,True,https://www.plazavea.com.pe/celular-samsung-galaxy-a07-4g-ai-sm-a075-ds-4gb-ram-128gb-dual-sim-6-7-camara-dual---negro-102086011/p
PlazaVea,Smartphones,SAMSUNG,CELULAR SAMSUNG GALAXY A26 5G 2025 IA 8GB RAM 256GB DUAL SIM 6.7 120HZ AMOLED IP67 - NEGRO,2029.0,1519.0,COMPRAFACIL USA,True,https://www.plazavea.com.pe/celular-samsung-galaxy-a26-5g-2025-ia-8gb-ram-256gb-dual-sim-6-7-120hz-amoled-ip67---negro-102086000/p
PlazaVea,Smartphones,SAMSUNG,CELULAR SAMSUNG GALAXY A07 4G AI SM-A075-DS 4GB RAM 128GB DUAL SIM 6.7 CÁMARA DUAL - VERDE,1099.0,819.0,COMPRAFACIL USA,True,https://www.plazavea.com.pe/celular-samsung-galaxy-a07-4g-ai-sm-a075-ds-4gb-ram-128gb-dual-sim-6-7-camara-dual---verde-102085997/p
PlazaVea,Smartphones,SAMSUNG,CELULAR SAMSUNG GALAXY A16 4G DUAL SIM 128GB 6.7 90HZ AMOLED 50MP - GRIS,1199.0,895.0,COMPRAFACIL USA,True,https://www.plazavea.com.pe/celular-samsung-galaxy-a16-4g-dual-sim-128gb-6-7-90hz-amoled-50mp---gris-102085995/p
PlazaVea,Smartphones,SAMSUNG,CELULAR SAMSUNG GALAXY A06 4G LTE SM-A065M-DS 4GB RAM 64GB DUAL SIM 6.7 CÁMARA DUAL - AZUL CLARO,989.0,739.0,COMPRAFACIL USA,True,https://www.plazavea.com.pe/celular-samsung-galaxy-a06-4g-lte-sm-a065m-ds-4gb-ram-64gb-dual-sim-6-7-camara-dual-azul-claro-102085993/p
PlazaVea,Smartphones,APPLE,Iphone 17 pro 256 GB ESIM - COSMIC ORANGE,5699.0,4799.0,MANZANA MIA,True,https://www.plazavea.com.pe/iphone-17-pro-256-gb-esim-cosmic-orange-102085641/p
PlazaVea,Smartphones,XIAOMI,CELULAR XIAOMI REDMI NOTE 15 256GB 8GB | NEGRO,1099.0,949.0,COMPRAFACIL USA,True,https://www.plazavea.com.pe/celular-xiaomi-redmi-note-15-256gb-8gb-|-negro-102085408/p
PlazaVea,Smartphones,XIAOMI,CELULAR XIAOMI POCO M3 128GB 4GB | AZUL,749.0,649.0,COMPRAFACIL USA,True,https://www.plazavea.com.pe/celular-xiaomi-poco-m3-128gb-4gb-|-azul-102085407/p
PlazaVea,Smartphones,XIAOMI,CELULAR XIAOMI REDMI NOTE 15 PRO 256GB 8GB | NEGRO,1379.0,1199.0,COMPRAFACIL USA,True,https://www.plazavea.com.pe/celular-xiaomi-redmi-note-15-pro-256gb-8gb-|-negro-102085404/p
PlazaVea,Smartphones,XIAOMI,CELULAR XIAOMI REDMI A5 64GB 3GB | NEGRO MEDIANOCHE,639.0,549.0,COMPRAFACIL USA,True,https://www.plazavea.com.pe/celular-xiaomi-redmi-a5-64gb-3gb-|-negro-medianoche-102085401/p
PlazaVea,Smartphones,XIAOMI,CELULAR XIAOMI REDMI NOTE 14 256GB 8GB | NEGRO,1239.0,929.0,COMPRAFACIL USA,True,https://www.plazavea.com.pe/celular-xiaomi-redmi-note-14-256gb-8gb-negro-102085396/p
PlazaVea,Smartphones,XIAOMI,CELULAR XIAOMI REDMI NOTE 15 PRO+ 5G 256GB 8GB | AZUL GLACIAR,2319.0,1739.0,COMPRAFACIL USA,True,https://www.plazavea.com.pe/celular-xiaomi-redmi-note-15-pro--5g-256gb-8gb-|-azul-glaciar-102085385/p
PlazaVea,Smartphones,XIAOMI,CELULAR XIAOMI REDMI 15 128GB 6GB | GRIS TITÁN,919.0,799.0,COMPRAFACIL USA,True,https://www.plazavea.com.pe/celular-xiaomi-redmi-15-128gb-6gb-gris-titan-102085380/p
PlazaVea,Smartphones,XIAOMI,CELULAR XIAOMI REDMI NOTE 11R 128GB 4GB | AZUL POLAR,689.0,599.0,COMPRAFACIL USA,True,https://www.plazavea.com.pe/celular-xiaomi-redmi-note-11r-128gb-4gb-azul-polar-102085376/p
PlazaVea,Smartphones,XIAOMI,CELULAR XIAOMI REDMI NOTE 15 5G 256GB 8GB | NEGRO,1379.0,1199.0,COMPRAFACIL USA,True,https://www.plazavea.com.pe/celular-xiaomi-redmi-note-15-5g-256gb-8gb-|-negro-102085374/p
PlazaVea,Smartphones,XIAOMI,CELULAR XIAOMI POCO X7 PRO 256GB 12GB | AMARILLO,2619.0,1959.0,COMPRAFACIL USA,True,https://www.plazavea.com.pe/celular-xiaomi-poco-x7-pro-256gb-12gb-|-amarillo-102085373/p
PlazaVea,Smartphones,XIAOMI,CELULAR XIAOMI REDMI 15C 256GB 8GB | NARANJA CREPUSCULAR,1349.0,1009.0,COMPRAFACIL USA,True,https://www.plazavea.com.pe/celular-xiaomi-redmi-15c-256gb-8gb-naranja-crepuscular-102085364/p
PlazaVea,Smartphones,XIAOMI,CELULAR XIAOMI REDMI NOTE 15 PRO 5G 512GB 8GB | TITANIO,1839.0,1599.0,COMPRAFACIL USA,True,https://www.plazavea.com.pe/celular-xiaomi-redmi-note-15-pro-5g-512gb-8gb-|-titanio-102085353/p
PlazaVea,Smartphones,XIAOMI,CELULAR XIAOMI REDMI NOTE 14 PRO+ 5G 256GB 8GB | LAVANDA PÚRPURA,2019.0,1749.0,COMPRAFACIL USA,True,https://www.plazavea.com.pe/celular-xiaomi-redmi-note-14-pro--5g-256gb-8gb-|-lavanda-purpura-102085350/p
PlazaVea,Smartphones,XIAOMI,CELULAR XIAOMI POCO M3 64GB 4GB | NEGRO,1059.0,789.0,COMPRAFACIL USA,True,https://www.plazavea.com.pe/celular-xiaomi-poco-m3-64gb-4gb-|-negro-102085349/p
PlazaVea,Smartphones,XIAOMI,CELULAR XIAOMI REDMI NOTE 14S 256GB 8GB | AURORA PÚRPURA,1269.0,1099.0,COMPRAFACIL USA,True,https://www.plazavea.com.pe/celular-xiaomi-redmi-note-14s-256gb-8gb-|-aurora-purpura-102085344/p
PlazaVea,Smartphones,XIAOMI,CELULAR XIAOMI REDMI NOTE 15 PRO+ 5G 512GB 12GB | MARRÓN MOCA,2839.0,2129.0,COMPRAFACIL USA,True,https://www.plazavea.com.pe/celular-xiaomi-redmi-note-15-pro--5g-512gb-12gb-|-marron-moca-102085340/p
PlazaVea,Smartphones,XIAOMI,CELULAR XIAOMI POCO F5 256GB 12GB | NEGRO,2399.0,1799.0,COMPRAFACIL USA,True,https://www.plazavea.com.pe/celular-xiaomi-poco-f5-256gb-12gb-|-negro-102085335/p
PlazaVea,Smartphones,XIAOMI,CELULAR XIAOMI REDMI NOTE 14 PRO 5G 256GB 8GB | NEGRO MEDIANOCHE,2229.0,1669.0,COMPRAFACIL USA,True,https://www.plazavea.com.pe/celular-xiaomi-redmi-note-14-pro-5g-256gb-8gb-|-negro-medianoche-102085325/p
PlazaVea,Smartphones,XIAOMI,CELULAR XIAOMI 15 512GB 12GB | VERDE,3679.0,3199.0,COMPRAFACIL USA,True,https://www.plazavea.com.pe/celular-xiaomi-15-512gb-12gb-|-verde-102085313/p
PlazaVea,Smartphones,XIAOMI,CELULAR XIAOMI REDMI NOTE 14 PRO 5G 256GB 8GB | LAVANDA PÚRPURA,1609.0,1399.0,COMPRAFACIL USA,True,https://www.plazavea.com.pe/celular-xiaomi-redmi-note-14-pro-5g-256gb-8gb-|-lavanda-purpura-102085302/p
PlazaVea,Smartphones,XIAOMI,CELULAR XIAOMI REDMI NOTE 15 128GB 6GB | NEGRO,1039.0,899.0,COMPRAFACIL USA,True,https://www.plazavea.com.pe/celular-xiaomi-redmi-note-15-128gb-6gb-|-negro-102085299/p
PlazaVea,Smartphones,XIAOMI,CELULAR XIAOMI REDMI NOTE 14 PRO+ 5G 256GB 8GB | NEGRO MEDIANOCHE,2299.0,1999.0,COMPRAFACIL USA,True,https://www.plazavea.com.pe/celular-xiaomi-redmi-note-14-pro--5g-256gb-8gb-|-negro-medianoche-102085296/p
PlazaVea,Smartphones,XIAOMI,CELULAR XIAOMI REDMI NOTE 15 PRO 256GB 8GB | AZUL GLACIAR,1379.0,1199.0,COMPRAFACIL USA,True,https://www.plazavea.com.pe/celular-xiaomi-redmi-note-15-pro-256gb-8gb-|-azul-glaciar-102085291/p
PlazaVea,Smartphones,XIAOMI,CELULAR XIAOMI REDMI 15C 128GB 4GB | NEGRO MEDIANOCHE,749.0,649.0,COMPRAFACIL USA,True,https://www.plazavea.com.pe/celular-xiaomi-redmi-15c-128gb-4gb-negro-medianoche-102085284/p
PlazaVea,Smartphones,XIAOMI,CELULAR XIAOMI REDMI 15 5G 256GB 8GB | GRIS TITÁN,1269.0,1099.0,COMPRAFACIL USA,True,https://www.plazavea.com.pe/celular-xiaomi-redmi-15-5g-256gb-8gb-gris-titan-102085263/p
PlazaVea,Smartphones,XIAOMI,CELULAR XIAOMI POCO F5 256GB 8GB | NEGRO,2659.0,1989.0,COMPRAFACIL USA,True,https://www.plazavea.com.pe/celular-xiaomi-poco-f5-256gb-8gb-|-negro-102085258/p
PlazaVea,Smartphones,XIAOMI,CELULAR XIAOMI REDMI NOTE 14S 256GB 8GB | NEGRO MEDIANOCHE,1539.0,1149.0,COMPRAFACIL USA,True,https://www.plazavea.com.pe/celular-xiaomi-redmi-note-14s-256gb-8gb-|-negro-medianoche-102085256/p
PlazaVea,Smartphones,XIAOMI,CELULAR XIAOMI REDMI NOTE 14 128GB 6GB | AZUL OCÉANO.,979.0,849.0,COMPRAFACIL USA,True,https://www.plazavea.com.pe/celular-xiaomi-redmi-note-14-128gb-6gb-|-azul-oceano--102085251/p
PlazaVea,Smartphones,XIAOMI,CELULAR XIAOMI REDMI NOTE 14 PRO 512GB 12GB | NEGRO MEDIANOCHE,1899.0,1419.0,COMPRAFACIL USA,True,https://www.plazavea.com.pe/celular-xiaomi-redmi-note-14-pro-512gb-12gb-|-negro-medianoche-102085250/p
PlazaVea,Smartphones,XIAOMI,CELULAR XIAOMI REDMI NOTE 14 256GB 8GB | AZUL OCÉANO,1149.0,999.0,COMPRAFACIL USA,True,https://www.plazavea.com.pe/celular-xiaomi-redmi-note-14-256gb-8gb-|-azul-oceano-102085212/p
PlazaVea,Smartphones,XIAOMI,CELULAR XIAOMI REDMI 15 256GB 8GB | PÚRPURA ARENA,1099.0,949.0,COMPRAFACIL USA,True,https://www.plazavea.com.pe/celular-xiaomi-redmi-15-256gb-8gb-purpura-arena-102085146/p
PlazaVea,Smartphones,XIAOMI,CELULAR XIAOMI REDMI NOTE 14 PRO+ 5G 512GB 12GB | NEGRO MEDIANOCHE,2419.0,2099.0,COMPRAFACIL USA,True,https://www.plazavea.com.pe/celular-xiaomi-redmi-note-14-pro--5g-512gb-12gb-|-negro-medianoche-102085138/p
PlazaVea,Smartphones,XIAOMI,CELULAR XIAOMI POCO C85 256GB 8GB | PÚRPURA,1359.0,1019.0,COMPRAFACIL USA,True,https://www.plazavea.com.pe/celular-xiaomi-poco-c85-256gb-8gb-purpura-102085127/p
PlazaVea,Smartphones,XIAOMI,CELULAR XIAOMI REDMI NOTE 14 PRO+ 5G 256GB 8GB | AZUL ESCARCHA,1899.0,1649.0,COMPRAFACIL USA,True,https://www.plazavea.com.pe/celular-xiaomi-redmi-note-14-pro--5g-256gb-8gb-|-azul-escarcha-102085123/p
PlazaVea,Smartphones,XIAOMI,CELULAR XIAOMI POCO F5 PRO 256GB 12GB | BLANCO,2419.0,2099.0,COMPRAFACIL USA,True,https://www.plazavea.com.pe/celular-xiaomi-poco-f5-pro-256gb-12gb-|-blanco-102085118/p
PlazaVea,Smartphones,XIAOMI,CELULAR XIAOMI REDMI 15C 256GB 8GB | VERDE MENTA,1039.0,899.0,COMPRAFACIL USA,True,https://www.plazavea.com.pe/celular-xiaomi-redmi-15c-256gb-8gb-verde-menta-102084968/p
PlazaVea,Smartphones,XIAOMI,XIAOMI REDMI A7 PRO 4GB-128GB BLACK - ENTREGA INMEDIATA,659.0,499.0,PHONE SPOT PERU,True,https://www.plazavea.com.pe/xiaomi-redmi-a7-pro-4gb-128gb-black-entrega-inmediata-102084076/p
PlazaVea,Smartphones,XIAOMI,REDMI NOTE 15 PRO 4G 8GB-256GB GLACIER BLUE,1399.0,1059.0,PHONE SPOT PERU,True,https://www.plazavea.com.pe/redmi-note-15-pro-4g-8gb-256gb-glacier-blue-102083977/p
PlazaVea,Smartphones,HONOR,HONOR X8D 8GB - 256GB AZUL - ENTREGA INMEDIATA,1199.0,1199.0,PHONE SPOT PERU,True,https://www.plazavea.com.pe/honor-x8d-8gb-256gb-azul-entrega-inmediata-102083919/p
PlazaVea,Smartphones,XIAOMI,XIAOMI REDMI A7 PRO 4GB-64GB MIST BLUE - ENTREGA INMEDIATA,599.0,469.0,PHONE SPOT PERU,True,https://www.plazavea.com.pe/xiaomi-redmi-a7-pro-4gb-64gb-mist-blue-entrega-inmediata-102083876/p
PlazaVea,Smartphones,XIAOMI,XIAOMI REDMI A7 PRO 4GB-128GB PALM GREEN - ENTREGA INMEDIATA,659.0,499.0,PHONE SPOT PERU,True,https://www.plazavea.com.pe/xiaomi-redmi-a7-pro-4gb-128gb-palm-green-entrega-inmediata-102083852/p
PlazaVea,Smartphones,XIAOMI,XIAOMI REDMI A7 PRO 4GB-128GB MIST BLUE - ENTREGA INMEDIATA,659.0,499.0,PHONE SPOT PERU,True,https://www.plazavea.com.pe/xiaomi-redmi-a7-pro-4gb-128gb-mist-blue-entrega-inmediata-102083829/p
PlazaVea,Smartphones,HONOR,HONOR X7D 4G 6GB-256GB VELVET BLACK - ENTREGA INMEDIATA,999.0,999.0,PHONE SPOT PERU,True,https://www.plazavea.com.pe/honor-x7d-4g-6gb-256gb-velvet-black-entrega-inmediata-102083804/p
PlazaVea,Smartphones,HONOR,HONOR X8D 8GB - 256GB GRIS - ENTREGA INMEDIATA,1199.0,1199.0,PHONE SPOT PERU,True,https://www.plazavea.com.pe/honor-x8d-8gb-256gb-gris-entrega-inmediata-102083395/p
PlazaVea,Smartphones,XIAOMI,XIAOMI REDMI A7 PRO 4GB-64GB BLACK - ENTREGA INMEDIATA,599.0,469.0,PHONE SPOT PERU,True,https://www.plazavea.com.pe/xiaomi-redmi-a7-pro-4gb-64gb-black-entrega-inmediata-102083376/p
PlazaVea,Smartphones,HONOR,HONOR X8D 8GB - 256GB NEGRO - ENTREGA INMEDIATA,1199.0,1199.0,PHONE SPOT PERU,True,https://www.plazavea.com.pe/honor-x8d-8gb-256gb-negro-entrega-inmediata-102083298/p
PlazaVea,Smartphones,APPLE,iPhone 13 256GB Rojo - Reacondicionado,3999.0,1729.0,SMARTLEBEN,True,https://www.plazavea.com.pe/iphone-13-256gb-rojo-reacondicionado-102081445/p
PlazaVea,Smartphones,SAMSUNG,SAMSUNG A07 128GB | 4GB,799.0,799.0,20 PRO,True,https://www.plazavea.com.pe/samsung-a07-128gb-4gb-102081444/p
PlazaVea,Smartphones,HONOR,HONOR X5C 4GB+128GB,599.0,599.0,20 PRO,True,https://www.plazavea.com.pe/honor-x5c-4gb-128gb-102081432/p
PlazaVea,Smartphones,HONOR,HONOR MAGIC 8 LITE 8GB - 256GB,1500.0,1500.0,20 PRO,True,https://www.plazavea.com.pe/honor-magic-8-lite-8gb-256gb-102081412/p
PlazaVea,Smartphones,HONOR,CELULAR HONOR X5D 128 GB + 4 GB RAM,720.0,720.0,20 PRO,True,https://www.plazavea.com.pe/celular-honor-x5d-128-gb-4-gb-ram-102081285/p
PlazaVea,Smartphones,APPLE,iPhone 13 Pro 512GB Grafito - Reacondicionado,4999.0,2299.0,SMARTLEBEN,True,https://www.plazavea.com.pe/iphone-13-pro-512gb-grafito-reacondicionado-102081174/p
PlazaVea,Smartphones,APPLE,iPhone 13 Pro 256GB Azul Sierra - Reacondicionado,4499.0,2049.0,SMARTLEBEN,True,https://www.plazavea.com.pe/iphone-13-pro-256gb-azul-sierra-reacondicionado-102081166/p
PlazaVea,Smartphones,APPLE,Apple iPhone 17 256GB,4099.0,4099.0,20 PRO,True,https://www.plazavea.com.pe/apple-iphone-17-256gb-102081068/p
PlazaVea,Smartphones,SAMSUNG,Samsung Galaxy A37 256GB 8GB Light Violet,1725.0,1597.0,CELULARESPERUSMARTSAC,True,https://www.plazavea.com.pe/samsung-galaxy-a37-256gb-8gb-light-violet-102080891/p
PlazaVea,Smartphones,APPLE,iPhone 13 Pro 256GB Grafito - Reacondicionado,4499.0,2049.0,SMARTLEBEN,True,https://www.plazavea.com.pe/iphone-13-pro-256gb-grafito-reacondicionado-102080607/p
PlazaVea,Smartphones,XIAOMI,Smartphone XIAOMI 17T PRO 6.8'' 12GB 512GB 50MP Negro,3499.0,3498.0,Plaza Vea,True,https://www.plazavea.com.pe/smartphone-xiaomi-17t-pro-6-8-12gb-512gb-50mp-negro-20633274/p
PlazaVea,Smartphones,XIAOMI,"Smartphone XIAOMI 17T 6.59"" 12GB 512GB 50MP Violeta",2799.0,2798.0,Plaza Vea,True,https://www.plazavea.com.pe/smartphone-xiaomi-17t-6-59--12gb-512gb-50mp-violeta-20633281/p
PlazaVea,Smartphones,XIAOMI,Smartphone XIAOMI 17T PRO 6.8'' 12GB 512GB 50MP Azul,3499.0,3498.0,Plaza Vea,True,https://www.plazavea.com.pe/smartphone-xiaomi-17t-pro-6-8-12gb-512gb-50mp-azul-20633279/p
PlazaVea,Smartphones,XIAOMI,"Smartphone XIAOMI 17T 6.59"" 12GB 512GB 50MP Negro",2799.0,2798.0,Plaza Vea,True,https://www.plazavea.com.pe/smartphone-xiaomi-17t-6-59--12gb-512gb-50mp-negro-20633275/p
PlazaVea,Smartphones,APPLE,iPhone 12 Pro 128GB Azul Pacifico - Reacondicionado,3299.0,1499.0,SMARTLEBEN,True,https://www.plazavea.com.pe/iphone-12-pro-128gb-azul-pacifico-reacondicionado-102080118/p
PlazaVea,Smartphones,APPLE,iPhone 12 Pro 128GB Grafito - Reacondicionado,3299.0,1499.0,SMARTLEBEN,True,https://www.plazavea.com.pe/iphone-12-pro-128gb-grafito-reacondicionado-102080108/p
PlazaVea,Smartphones,HONOR,CELULAR HONOR X5C PLUS 4GB 256GB AZUL,899.0,899.0,MILLENNIALS MOBILE,True,https://www.plazavea.com.pe/celular-honor-x5c-plus-4gb-256gb-azul-102078556/p
PlazaVea,Smartphones,HONOR,Celular Honor 600e 5G 8GB 512GB Verde brote - Batería 6520 mAh y Cámara 108MP,2599.0,1999.0,Mi Tienda,True,https://www.plazavea.com.pe/celular-honor-600e-5g-8gb-512gb-verde-brote-bateria-6520-mah-y-camara-108mp-102078539/p
PlazaVea,Smartphones,HONOR,Celular Honor 600 Pro 5G 12GB 512GB Negro - Snapdragon 8 Elite y 7000mah,3999.0,3399.0,Mi Tienda,True,https://www.plazavea.com.pe/celular-honor-600-pro-5g-12gb-512gb-negro-snapdragon-8-elite-y-7000mah-102078515/p
PlazaVea,Smartphones,HONOR,CELULAR HONOR X5C PLUS 4GB 256GB - GRIS,899.0,899.0,MILLENNIALS MOBILE,True,https://www.plazavea.com.pe/celular-honor-x5c-plus-4gb-256gb-gris-102078481/p
PlazaVea,Smartphones,XIAOMI,Smartphone Xiaomi Redmi Note 14 Pro Plus 8GB 256GB 5G Negro,2199.0,1799.0,THAIS HOGAR Y TECNOLOGIA,True,https://www.plazavea.com.pe/martphone-xiaomi-redmi-note-14-pro-plus-8gb-256gb-5g-negro-102078461/p
PlazaVea,Smartphones,XIAOMI,Xiaomi Redmi Note 14 Pro Plus 5G 256GB Diseno Moderno Negro,2199.0,1799.0,MEGA IMPORTACIONES SAC,True,https://www.plazavea.com.pe/xiaomi-redmi-note-14-pro-plus-5g-256gb-diseno-moderno-negro-102078460/p
PlazaVea,Smartphones,MOTOROLA,Moto G06 256Gb 4Gb Ram Naranja,859.0,549.0,Moviles Eirl,True,https://www.plazavea.com.pe/moto-g06-256gb-4gb-ram-naranja-102078439/p
PlazaVea,Smartphones,HONOR,CELULAR HONOR X5C 4RAM 128GB PLATA,699.0,489.0,RD HOME TECH,True,https://www.plazavea.com.pe/celular-honor-x5c-4ram-128gb-plata-102078437/p
PlazaVea,Smartphones,SAMSUNG,Celular Samsung Galaxy A07 128GB 4GB RAM Negro,799.0,449.0,Ofertec,True,https://www.plazavea.com.pe/celular-samsung-galaxy-a07-128gb-4gb-ram-negro-102078423/p
PlazaVea,Smartphones,XIAOMI,CELULAR REDMI A7 PRO 4RAM 64GB,599.0,489.0,RD HOME TECH,True,https://www.plazavea.com.pe/celular-redmi-a7-pro-4ram-64gb-102078421/p
PlazaVea,Smartphones,XIAOMI,Celular Xiaomi Redmi Note 14 Pro Plus 5G Negro Uso Diario,2199.0,1799.0,MUNDO ELECTRONICO,True,https://www.plazavea.com.pe/celular-xiaomi-redmi-note-14-pro-plus-5g-negro-uso-diario-102078420/p
PlazaVea,Smartphones,SAMSUNG,CELULAR GALAXY A06 4RAM 64GB VERDE,699.0,399.0,RD HOME TECH,True,https://www.plazavea.com.pe/celular-galaxy-a06-4ram-64gb-verde-102078417/p
PlazaVea,Smartphones,XIAOMI,CELULAR REDMI A5 4RAM 128GB DORADO,699.0,439.0,RD HOME TECH,True,https://www.plazavea.com.pe/celular-redmi-a5-4ram-128gb-dorado-102078383/p
PlazaVea,Smartphones,XIAOMI,Smartphone Xiaomi Redmi Note 14 Pro Plus 256GB 8GB Negro,2199.0,1799.0,MULTI OFERTAS PILLACA'S S.A.C,True,https://www.plazavea.com.pe/smartphone-xiaomi-redmi-note-14-pro-plus-256gb-8gb-negro-102078370/p
PlazaVea,Smartphones,HONOR,Celular Honor 600 Pro 5G 12GB 512GB Dorado - Snapdragon 8 Elite y 7000mah,3999.0,3399.0,Mi Tienda,True,https://www.plazavea.com.pe/celular-honor-600-pro-5g-12gb-512gb-dorado-snapdragon-8-elite-y-7000mah-102078285/p
PlazaVea,Smartphones,HONOR,Celular Honor 600e 5G 8GB 512GB Oro desierto - Batería 6520 mAh y Cámara 108MP,2599.0,1999.0,Mi Tienda,True,https://www.plazavea.com.pe/celular-honor-600e-5g-8gb-512gb-oro-desierto-bateria-6520-mah-y-camara-108mp-102078266/p
PlazaVea,Smartphones,SAMSUNG,CELULAR GALAXY A56 5G 8RAM 256GB,1799.0,1559.0,RD HOME TECH,True,https://www.plazavea.com.pe/celular-galaxy-a56-5g-8ram-256gb-102078045/p
PlazaVea,Smartphones,HONOR,CELULAR HONOR MAGIC 8 LITE 8RAM 256GB DORADO,1899.0,1459.0,RD HOME TECH,True,https://www.plazavea.com.pe/celular-honor-magic-8-lite-8ram-256gb-dorado-102078007/p
PlazaVea,Smartphones,HONOR,CELULAR HONOR X5C 4RAM 128GB NEGRO,699.0,489.0,RD HOME TECH,True,https://www.plazavea.com.pe/celular-honor-x5c-4ram-128gb-negro-102078002/p
PlazaVea,Smartphones,XIAOMI,CELULAR REDMI NOTE 15 PRO 4G 8RAM 256GB,1399.0,1069.0,RD HOME TECH,True,https://www.plazavea.com.pe/celular-redmi-note-15-pro-4g-8ram-256gb-102077998/p
PlazaVea,Smartphones,SAMSUNG,CELULAR GALAXY A56 5G 12RAM 256GB ROSADO,1999.0,1999.0,RD HOME TECH,True,https://www.plazavea.com.pe/celular-galaxy-a56-5g-12ram-256gb-rosado-102077991/p
PlazaVea,Smartphones,HONOR,HONOR X5C PLUS 4RAM 256GB NEGRO,799.0,549.0,RD HOME TECH,True,https://www.plazavea.com.pe/honor-x5c-plus-4ram-256gb-negro-102077985/p
PlazaVea,Smartphones,XIAOMI,CELULAR REDMI 15C 4RAM 256GB,699.0,529.0,RD HOME TECH,True,https://www.plazavea.com.pe/celular-redmi-15c-4ram-256gb-102077975/p
PlazaVea,Smartphones,HONOR,CELULAR HONOR X5C 4RAM 128GB CYAN,699.0,489.0,RD HOME TECH,True,https://www.plazavea.com.pe/celular-honor-x5c-4ram-128gb-cyan-102077951/p
PlazaVea,Smartphones,XIAOMI,CELULAR REDMI 15 8RAM 256GB,899.0,749.0,RD HOME TECH,True,https://www.plazavea.com.pe/celular-redmi-15-8ram-256gb-102077931/p
PlazaVea,Smartphones,HONOR,CELULAR HONOR PLAY 10 3RAM 64GB,550.0,409.0,RD HOME TECH,True,https://www.plazavea.com.pe/celular-honor-play-10-3ram-64gb-102077906/p
PlazaVea,Smartphones,SAMSUNG,CELULAR SAMSUNG GALAXY A07 4RAM 128GB,739.0,459.0,RD HOME TECH,True,https://www.plazavea.com.pe/celular-samsung-galaxy-a07-4ram-128gb-102077861/p
PlazaVea,Smartphones,MOTOROLA,Moto G06 256Gb 4Gb Ram Azul,859.0,549.0,TelcelperuExpress,True,https://www.plazavea.com.pe/moto-g06-256gb-4gb-ram-azul-102077849/p
PlazaVea,Smartphones,SAMSUNG,Samsung Galaxy A57 5g 256Gb 8Gb Awesome Navy,2099.0,2099.0,Moviles Eirl,True,https://www.plazavea.com.pe/samsung-galaxy-a57-5g-256gb-8gb-awesome-navy-102077840/p
PlazaVea,Smartphones,SAMSUNG,CELULAR SAMSUNG A06 4RAM 64GB BLANCO,599.0,399.0,RD HOME TECH,True,https://www.plazavea.com.pe/celular-samsung-a06-4ram-64gb-blanco-102077835/p
PlazaVea,Smartphones,HONOR,CELULAR MAGIC 8 LITE 8RAM 512GB NEGRO,1799.0,1599.0,RD HOME TECH,True,https://www.plazavea.com.pe/celular-magic-8-lite-8ram-512gb-negro-102077824/p
PlazaVea,Smartphones,XIAOMI,Xiaomi Redmi Note 14 Pro Plus 5G 256GB 8GB Negro,2199.0,1799.0,QUEVEDO IMPORTACIONES,True,https://www.plazavea.com.pe/xiaomi-redmi-note-14-pro-plus-5g-256gb-8gb-negro-102077815/p
PlazaVea,Smartphones,MOTOROLA,Moto G06 128Gb 4Gb Ram Verde,809.0,519.0,TelcelperuExpress,True,https://www.plazavea.com.pe/moto-g06-128gb-4gb-ram-verde-102077799/p
PlazaVea,Smartphones,MOTOROLA,Moto G06 128Gb 4Gb Ram Verde,809.0,519.0,Telcelperu,True,https://www.plazavea.com.pe/moto-g06-128gb-4gb-ram-verde-102077787/p
PlazaVea,Smartphones,HONOR,Celular Honor 600 5G 8GB 512GB Negro - Cámara 200 MP y Batería de 6400 mAh,2999.0,2349.0,Mi Tienda,True,https://www.plazavea.com.pe/celular-honor-600-5g-8gb-512gb-negro-camara-200-mp-y-bateria-de-6400-mah-102077779/p
PlazaVea,Smartphones,MOTOROLA,Moto G06 256Gb 4Gb Ram Naranja,859.0,549.0,Telcelperu,True,https://www.plazavea.com.pe/moto-g06-256gb-4gb-ram-naranja-102077743/p
PlazaVea,Smartphones,SAMSUNG,CELULAR SAMSUNG A06 4RAM 64GB,699.0,399.0,RD HOME TECH,True,https://www.plazavea.com.pe/celular-samsung-a06-4ram-64gb-102077738/p
PlazaVea,Smartphones,MOTOROLA,Moto G06 256Gb 4Gb Ram Naranja,859.0,549.0,TelcelperuExpress,True,https://www.plazavea.com.pe/moto-g06-256gb-4gb-ram-naranja-102077688/p
PlazaVea,Smartphones,XIAOMI,CELULAR REDMI 15C 4RAM 128GB VERDE,599.0,499.0,RD HOME TECH,True,https://www.plazavea.com.pe/celular-redmi-15c-4ram-128gb-verde-102077675/p
PlazaVea,Smartphones,XIAOMI,Smartphone Xiaomi Redmi Note 14 Pro Plus 5G 256GB Negro,2199.0,1799.0,OFERTAS UNICAS YELI,True,https://www.plazavea.com.pe/smartphone-xiaomi-redmi-note-14-pro-plus-5g-256gb-negro-102077673/p
PlazaVea,Smartphones,MOTOROLA,Moto G06 256Gb 4Gb Ram Azul,859.0,549.0,Telcelperu,True,https://www.plazavea.com.pe/moto-g06-256gb-4gb-ram-azul-102077666/p
PlazaVea,Smartphones,XIAOMI,CELULAR REDMI NOTE 15 4G 8RAM 256GB,999.0,929.0,RD HOME TECH,True,https://www.plazavea.com.pe/celular-redmi-note-15-4g-8ram-256gb-102077660/p
PlazaVea,Smartphones,XIAOMI,CELULAR REDMI A5 3RAM 64GB,499.0,399.0,RD HOME TECH,True,https://www.plazavea.com.pe/celular-redmi-a5-3ram-64gb-102077659/p
PlazaVea,Smartphones,HONOR,Celular Honor 600 5G 8GB 512GB Dorado - Cámara 200 MP y Batería de 6400 mAh,2999.0,2349.0,Mi Tienda,True,https://www.plazavea.com.pe/celular-honor-600-5g-8gb-512gb-dorado-camara-200-mp-y-bateria-de-6400-mah-102077639/p
PlazaVea,Smartphones,HONOR,CELULAR HONOR MAGIC 8 LITE 8RAM 256GB VERDE,1899.0,1459.0,RD HOME TECH,True,https://www.plazavea.com.pe/celular-honor-magic-8-lite-8ram-256gb-verde-102077618/p
PlazaVea,Smartphones,SAMSUNG,Samsung Galaxy A57 5g 256Gb 8Gb Awesome Navy,2099.0,1569.0,TelcelperuExpress,True,https://www.plazavea.com.pe/samsung-galaxy-a57-5g-256gb-8gb-awesome-navy-102077615/p
PlazaVea,Smartphones,XIAOMI,CELULAR REDMI 15C 4RAM 128GB,699.0,499.0,RD HOME TECH,True,https://www.plazavea.com.pe/celular-redmi-15c-4ram-128gb-102077596/p
PlazaVea,Smartphones,XIAOMI,CELULAR REDMI NOTE 15 4G 6RAM 128GB,999.0,789.0,RD HOME TECH,True,https://www.plazavea.com.pe/celular-redmi-note-15-4g-6ram-128gb-102077510/p
PlazaVea,Smartphones,XIAOMI,CELULAR REDMI A7 PRO 4GB 64GB - NEGRO,689.0,689.0,MILLENNIALS MOBILE,True,https://www.plazavea.com.pe/celular-redmi-a7-pro-4gb-64gb-negro-102077491/p
PlazaVea,Smartphones,MOTOROLA,Moto G06 256Gb 4Gb Ram Azul,859.0,549.0,Moviles Eirl,True,https://www.plazavea.com.pe/moto-g06-256gb-4gb-ram-azul-102077462/p
PlazaVea,Smartphones,XIAOMI,CELULAR REDMI A5 4RAM 128GB,599.0,469.0,RD HOME TECH,True,https://www.plazavea.com.pe/celular-redmi-a5-4ram-128gb-102076829/p
PlazaVea,Smartphones,XIAOMI,CELULAR REDMI NOTE 15 PRO 4G 8RAM 256GB AZUL,1299.0,1089.0,RD HOME TECH,True,https://www.plazavea.com.pe/celular-redmi-note-15-pro-4g-8ram-256gb-azul-102076557/p
PlazaVea,Smartphones,HONOR,CELULAR HONOR X5C 4RAM 64GB NEGRO,699.0,449.0,RD HOME TECH,True,https://www.plazavea.com.pe/celular-honor-x5c-4ram-64gb-negro-102076540/p
PlazaVea,Smartphones,XIAOMI,CELULAR REDMI A5 3RAM 64GB DORADO,499.0,409.0,RD HOME TECH,True,https://www.plazavea.com.pe/celular-redmi-a5-3ram-64gb-dorado-102076537/p
PlazaVea,Smartphones,XIAOMI,CELULAR REDMI 15 6RAM 128GB,799.0,639.0,RD HOME TECH,True,https://www.plazavea.com.pe/celular-redmi-15-6ram-128gb-102076533/p
PlazaVea,Smartphones,XIAOMI,CELULAR REDMI A7 PRO 4RAM 128GB,649.0,519.0,RD HOME TECH,True,https://www.plazavea.com.pe/celular-redmi-a7-pro-4ram-128gb-102076532/p
PlazaVea,Smartphones,SAMSUNG,CELULAR GALAXY A17 4G 8RAM 256GB,1099.0,919.0,RD HOME TECH,True,https://www.plazavea.com.pe/celular-galaxy-a17-4g-8ram-256gb-102076464/p
PlazaVea,Smartphones,SAMSUNG,CELULAR SAMSUNG A06 4RAM 64GB,699.0,399.0,SMART TECH RB,True,https://www.plazavea.com.pe/celular-samsung-a06-4ram-64gb-102075588/p
PlazaVea,Smartphones,HONOR,CELULAR HONOR X5C 4RAM 64GB NEGRO,699.0,469.0,SMART TECH RB,True,https://www.plazavea.com.pe/celular-honor-x5c-4ram-64gb-negro-102075580/p
PlazaVea,Smartphones,XIAOMI,CELULAR REDMI A5 4RAM 128GB DORADO,699.0,439.0,SMART TECH RB,True,https://www.plazavea.com.pe/celular-redmi-a5-4ram-128gb-dorado---102075569/p
PlazaVea,Smartphones,HONOR,CELULAR MAGIC 8 LITE 8RAM 512GB NEGRO,1799.0,1599.0,SMART TECH RB,True,https://www.plazavea.com.pe/celular-magic-8-lite-8ram-512gb-negro-102075564/p
PlazaVea,Smartphones,HONOR,CELULAR HONOR X5C PLUS 6RAM 256GB AZUL,799.0,599.0,SMART TECH RB,True,https://www.plazavea.com.pe/celular-honor-x5c-plus-6ram-256gb-azul-102075553/p
PlazaVea,Smartphones,HONOR,CELULAR HONOR X5C 4RAM 128GB NEGRO,699.0,489.0,SMART TECH RB,True,https://www.plazavea.com.pe/celular-honor-x5c-4ram-128gb-negro-102075545/p
PlazaVea,Smartphones,SAMSUNG,CELULAR GALAXY A56 5G 12RAM 256GB ROSADO,1999.0,1999.0,SMART TECH RB,True,https://www.plazavea.com.pe/celular-galaxy-a56-5g-12ram-256gb-rosado-102075542/p
PlazaVea,Smartphones,HONOR,CELULAR HONOR X5C PLUS 4RAM 256GB AZUL,799.0,549.0,SMART TECH RB,True,https://www.plazavea.com.pe/celular-honor-x5c-plus-4ram-256gb-azul-102075540/p
PlazaVea,Smartphones,XIAOMI,CELULAR REDMI A7 PRO 4RAM 128GB,649.0,519.0,SMART TECH RB,True,https://www.plazavea.com.pe/celular-redmi-a7-pro-4ram-128gb-102075538/p
PlazaVea,Smartphones,XIAOMI,CELULAR REDMI 15C 4RAM 128GB,699.0,499.0,SMART TECH RB,True,https://www.plazavea.com.pe/celular-redmi-15c-4ram-128gb-102075537/p
PlazaVea,Smartphones,XIAOMI,CELULAR REDMI 15C 8RAM 256GB AZUL,899.0,639.0,SMART TECH RB,True,https://www.plazavea.com.pe/celular-redmi-15c-8ram-256gb-azul-102075521/p
PlazaVea,Smartphones,XIAOMI,CELULAR XIAOMI 15T PRO 12RAM 512GB,3499.0,2949.0,SMART TECH RB,True,https://www.plazavea.com.pe/celular-xiaomi-15t-pro-12ram-512gb-102075519/p
PlazaVea,Smartphones,SAMSUNG,CELULAR GALAXY A06 4RAM 64GB VERDE,699.0,399.0,SMART TECH RB,True,https://www.plazavea.com.pe/celular-galaxy-a06-4ram-64gb-verde-102075500/p
PlazaVea,Smartphones,XIAOMI,CELULAR REDMI 15C 4RAM 128GB VERDE,599.0,499.0,SMART TECH RB,True,https://www.plazavea.com.pe/celular-redmi-15c-4ram-128gb-verde-102075489/p
PlazaVea,Smartphones,XIAOMI,CELULAR REDMI NOTE 15 PRO PLUS 12RAM 512GB,2199.0,1899.0,SMART TECH RB,True,https://www.plazavea.com.pe/celular-redmi-note-15-pro-plus-12ram-512gb-102075488/p
PlazaVea,Smartphones,SAMSUNG,CELULAR GALAXY A56 5G 8RAM 256GB,1799.0,1559.0,SMART TECH RB,True,https://www.plazavea.com.pe/celular-galaxy-a56-5g-8ram-256gb-102075486/p
PlazaVea,Smartphones,HONOR,CELULAR HONOR X5C 4RAM 128GB PLATA,699.0,489.0,SMART TECH RB,True,https://www.plazavea.com.pe/celular-honor-x5c-4ram-128gb-plata-102075482/p
PlazaVea,Smartphones,XIAOMI,CELULAR REDMI A7 PRO 4RAM 64GB,599.0,489.0,SMART TECH RB,True,https://www.plazavea.com.pe/celular-redmi-a7-pro-4ram-64gb-102075477/p
PlazaVea,Smartphones,XIAOMI,CELULAR REDMI NOTE 15 PRO 4G 8RAM 256GB AZUL,1299.0,1069.0,SMART TECH RB,True,https://www.plazavea.com.pe/celular-redmi-note-15-pro-4g-8ram-256gb-azul-102075462/p
PlazaVea,Smartphones,SAMSUNG,CELULAR GALAXY A17 4G 8RAM 256GB,1099.0,919.0,SMART TECH RB,True,https://www.plazavea.com.pe/celular-galaxy-a17-4g-8ram-256gb-102075446/p
PlazaVea,Smartphones,XIAOMI,CELULAR REDMI A5 3RAM 64GB,499.0,399.0,SMART TECH RB,True,https://www.plazavea.com.pe/celular-redmi-a5-3ram-64gb-102075439/p
PlazaVea,Smartphones,XIAOMI,CELULAR REDMI NOTE 14 6RAM 128GB AZUL,899.0,899.0,SMART TECH RB,True,https://www.plazavea.com.pe/celular-redmi-note-14-6ram-128gb-azul-102075436/p
PlazaVea,Smartphones,SAMSUNG,CELULAR GALAXY A17 4G 6RAM 128GB AZUL,899.0,749.0,SMART TECH RB,True,https://www.plazavea.com.pe/celular-galaxy-a17-4g-6ram-128gb-azul-102075435/p
PlazaVea,Smartphones,XIAOMI,CELULAR REDMI A5 4RAM 128GB,599.0,469.0,SMART TECH RB,True,https://www.plazavea.com.pe/celular-redmi-a5-4ram-128gb-102075430/p
PlazaVea,Smartphones,XIAOMI,CELULAR XIAOMI 15T 12RAM 512GB,2599.0,2199.0,SMART TECH RB,True,https://www.plazavea.com.pe/celular-xiaomi-15t-12ram-512gb-102075425/p
PlazaVea,Smartphones,XIAOMI,CELULAR REDMI NOTE 15 4G 8RAM 256GB,999.0,929.0,SMART TECH RB,True,https://www.plazavea.com.pe/celular-redmi-note-15-4g-8ram-256gb-102075421/p
PlazaVea,Smartphones,HONOR,CELULAR HONOR 400 LITE 12RAM 256GB NEGRO,1499.0,1269.0,SMART TECH RB,True,https://www.plazavea.com.pe/celular-honor-400-lite-12ram-256gb-negro-102075399/p
PlazaVea,Smartphones,XIAOMI,CELULAR REDMI NOTE 15 PRO 4G 8RAM 256GB,1399.0,1049.0,SMART TECH RB,True,https://www.plazavea.com.pe/celular-redmi-note-15-pro-4g-8ram-256gb-102075398/p
PlazaVea,Smartphones,XIAOMI,CELULAR REDMI 15 6RAM 128GB,799.0,639.0,SMART TECH RB,True,https://www.plazavea.com.pe/celular-redmi-15-6ram-128gb-102075391/p
PlazaVea,Smartphones,HONOR,CELULAR HONOR MAGIC 8 LITE 8RAM 256GB VERDE,1899.0,1459.0,SMART TECH RB,True,https://www.plazavea.com.pe/celular-honor-magic-8-lite-8ram-256gb-verde-102075385/p
PlazaVea,Smartphones,XIAOMI,CELULAR REDMI NOTE 15 4G 6RAM 128GB,999.0,789.0,SMART TECH RB,True,https://www.plazavea.com.pe/celular-redmi-note-15-4g-6ram-128gb-102075367/p
PlazaVea,Smartphones,SAMSUNG,CELULAR SAMSUNG GALAXY A07 4RAM 128GB,739.0,459.0,SMART TECH RB,True,https://www.plazavea.com.pe/celular-samsung-galaxy-a07-4ram-128gb-102075355/p
PlazaVea,Smartphones,HONOR,CELULAR HONOR X5C 4RAM 128GB CYAN,699.0,489.0,SMART TECH RB,True,https://www.plazavea.com.pe/celular-honor-x5c-4ram-128gb-cyan-102075352/p
PlazaVea,Smartphones,XIAOMI,CELULAR REDMI NOTE 15 4G 6RAM 128GB MORADO,999.0,769.0,SMART TECH RB,True,https://www.plazavea.com.pe/celular-redmi-note-15-4g-6ram-128gb-morado-102075350/p
PlazaVea,Smartphones,HONOR,HONOR X5C PLUS 4RAM 256GB NEGRO,799.0,549.0,SMART TECH RB,True,https://www.plazavea.com.pe/honor-x5c-plus-4ram-256gb-negro-102075349/p
PlazaVea,Smartphones,HONOR,CELULAR HONOR MAGIC 8 LITE 8RAM 256GB DORADO,1899.0,1459.0,SMART TECH RB,True,https://www.plazavea.com.pe/celular-honor-magic-8-lite-8ram-256gb-dorado-102075345/p
PlazaVea,Smartphones,XIAOMI,CELULAR REDMI 15C 4RAM 256GB,699.0,529.0,SMART TECH RB,True,https://www.plazavea.com.pe/celular-redmi-15c-4ram-256gb-102075337/p
PlazaVea,Smartphones,XIAOMI,CELULAR REDMI 15 8RAM 256GB,899.0,749.0,SMART TECH RB,True,https://www.plazavea.com.pe/celular-redmi-15-8ram-256gb-102075333/p
PlazaVea,Smartphones,HONOR,CELULAR HONOR PLAY 10 3RAM 64GB,550.0,409.0,SMART TECH RB,True,https://www.plazavea.com.pe/celular-honor-play-10-3ram-64gb-102075329/p
PlazaVea,Smartphones,SAMSUNG,CELULAR SAMSUNG A06 4RAM 64GB BLANCO,599.0,399.0,SMART TECH RB,True,https://www.plazavea.com.pe/celular-samsung-a06-4ram-64gb-blanco-102075318/p
PlazaVea,Smartphones,HONOR,Celular Honor 600 8GB + 512GB Black,2499.0,2399.0,oechsle,True,https://www.plazavea.com.pe/celular-honor-600-8gb---512gb-black-102074285/p
PlazaVea,Smartphones,HONOR,Celular Honor 600 8GB + 512GB Golden,2499.0,2399.0,oechsle,True,https://www.plazavea.com.pe/celular-honor-600-8gb---512gb-golden-102074281/p
PlazaVea,Smartphones,HONOR,Celular Honor 600 Pro 12GB + 512GB Black + Choice Watch 2i,3599.0,3499.0,oechsle,True,https://www.plazavea.com.pe/celular-honor-600-pro-12gb---512gb-black---choice-watch-2i-102074280/p
PlazaVea,Smartphones,HONOR,Celular Honor X8D 8GB + 256GB Silver,1149.0,959.0,oechsle,True,https://www.plazavea.com.pe/celular-honor-x8d-8gb---256gb-silver-102074276/p
PlazaVea,Smartphones,HONOR,Celular Honor X8D 8GB + 256GB Blue,1149.0,959.0,oechsle,True,https://www.plazavea.com.pe/celular-honor-x8d-8gb---256gb-blue-102074271/p
PlazaVea,Smartphones,HONOR,Celular Honor Magic 8 Lite 8 + 512Gb Red + Headphones Pro,1899.0,1699.0,oechsle,True,https://www.plazavea.com.pe/celular-honor-magic-8-lite-8---512gb-red---headphones-pro-102074270/p
PlazaVea,Smartphones,HONOR,Celular Honor Magic 8 Lite 8 + 512GB Black,1899.0,1699.0,oechsle,True,https://www.plazavea.com.pe/celular-honor-magic-8-lite-8---512gb-black-102074269/p
PlazaVea,Smartphones,HONOR,Celular Honor Magic 8 Lite 8 + 512GB Sunrise Gold,1899.0,1699.0,oechsle,True,https://www.plazavea.com.pe/celular-honor-magic-8-lite-8---512gb-sunrise-gold-102074268/p
PlazaVea,Smartphones,HONOR,Celular Honor X8D 8GB + 256GB Black,1149.0,959.0,oechsle,True,https://www.plazavea.com.pe/celular-honor-x8d-8gb---256gb-black-102074267/p
PlazaVea,Smartphones,APPLE,Apple iPhone 17 Pro Max 512GB CHIP FISICO - Silver,8299.0,6589.0,Fox Móviles SAC,True,https://www.plazavea.com.pe/apple-iphone-17-pro-max-512gb-chip-fisico-silver-102073185/p
PlazaVea,Smartphones,SAMSUNG,Celular Samsung Galaxy A16 128GB 4GB Negro y Adaptador USB-C Samsung Original 15W,1049.0,649.0,INFOTECSHOPExpress,True,https://www.plazavea.com.pe/celular-samsung-galaxy-a16-128gb-4gb-negro-y-adaptador-usb-c-samsung-original-15w-102072921/p
PlazaVea,Smartphones,HONOR,Honor X5c 64GB 4GB Ram Negro,649.0,449.0,INFOTECSHOPExpress,True,https://www.plazavea.com.pe/honor-x5c-64gb-4gb-ram-negro-102072917/p
PlazaVea,Smartphones,SAMSUNG,Samsung Galaxy A07 64GB 4GB Negro y Adaptador USB-C Samsung Original 15W,799.0,569.0,INFOTECSHOPExpress,True,https://www.plazavea.com.pe/samsung-galaxy-a07-64gb-4gb-negro-y-adaptador-usb-c-samsung-original-15w-102072916/p
PlazaVea,Smartphones,HONOR,Honor X5c 128GB 4GB Ram Plata,799.0,509.0,INFOTECSHOPExpress,True,https://www.plazavea.com.pe/honor-x5c-128gb-4gb-ram-plata-102072914/p
PlazaVea,Smartphones,XIAOMI,Xiaomi Redmi 15C 256GB 8GB Ram Color Verde - Smartwatch y Audifonos,1099.0,799.0,INFOTECSHOPExpress,True,https://www.plazavea.com.pe/xiaomi-redmi-15c-256gb-8gb-ram-color-verde-smartwatch-y-audifonos-102072908/p
PlazaVea,Smartphones,XIAOMI,Xiaomi Redmi 15C 128GB 4GB Ram Color Verde,899.0,529.0,INFOTECSHOPExpress,True,https://www.plazavea.com.pe/xiaomi-redmi-15c-128gb-4gb-ram-color-verde-102072907/p
PlazaVea,Smartphones,XIAOMI,Xiaomi Redmi 15C 128GB 4GB Ram Color Verde - Smartwatch y Audifonos,949.0,649.0,INFOTECSHOPExpress,True,https://www.plazavea.com.pe/xiaomi-redmi-15c-128gb-4gb-ram-color-verde-smartwatch-y-audifonos-102072901/p
PlazaVea,Smartphones,XIAOMI,Xiaomi Redmi 15C 256GB 4GB Ram Color Verde - Smartwatch y Audifonos,999.0,669.0,INFOTECSHOPExpress,True,https://www.plazavea.com.pe/xiaomi-redmi-15c-256gb-4gb-ram-color-verde-smartwatch-y-audifonos-102072900/p
PlazaVea,Smartphones,XIAOMI,Xiaomi Redmi 15C 128GB 4GB Ram Color Azul - Smartwatch y Audifonos,999.0,649.0,INFOTECSHOPExpress,True,https://www.plazavea.com.pe/xiaomi-redmi-15c-128gb-4gb-ram-color-azul-smartwatch-y-audifonos-102072894/p
PlazaVea,Smartphones,XIAOMI,Xiaomi Redmi 15C 256GB 4GB Ram Color Verde,899.0,569.0,INFOTECSHOPExpress,True,https://www.plazavea.com.pe/xiaomi-redmi-15c-256gb-4gb-ram-color-verde-102072889/p
PlazaVea,Smartphones,SAMSUNG,Samsung Galaxy A07 128GB 4GB Negro y Adaptador USB-C Samsung Original 15W,999.0,629.0,INFOTECSHOPExpress,True,https://www.plazavea.com.pe/samsung-galaxy-a07-128gb-4gb-negro-y-adaptador-usb-c-samsung-original-15w-102072887/p
PlazaVea,Smartphones,XIAOMI,Xiaomi Redmi 15C 256GB 8GB Ram Color Verde,999.0,699.0,INFOTECSHOPExpress,True,https://www.plazavea.com.pe/xiaomi-redmi-15c-256gb-8gb-ram-color-verde-102072879/p
PlazaVea,Smartphones,XIAOMI,Xiaomi Redmi A5 4G 64GB 3GB Negro - Smartwatch y Audífonos,799.0,489.0,INFOTECSHOPExpress,True,https://www.plazavea.com.pe/xiaomi-redmi-a5-4g-64gb-3gb-negro-smartwatch-y-audifonos-102072873/p
PlazaVea,Smartphones,XIAOMI,Xiaomi Redmi Note 15 4g 128gb 6gb Ram Verde Bosque,1329.0,849.0,TelcelperuExpress,True,https://www.plazavea.com.pe/xiaomi-redmi-note-15-4g-128gb-6gb-ram-verde-bosque-102072869/p
PlazaVea,Smartphones,SAMSUNG,Samsung Galaxy A56 5G 256GB 8GB Ram Color Negro,2499.0,1599.0,INFOTECSHOPExpress,True,https://www.plazavea.com.pe/samsung-galaxy-a56-5g-256gb-8gb-ram-color-negro-102071955/p
PlazaVea,Smartphones,XIAOMI,Xiaomi Redmi 15C 128GB 4GB Ram Azul,899.0,529.0,INFOTECSHOPExpress,True,https://www.plazavea.com.pe/xiaomi-redmi-15c-128gb-4gb-ram-azul-102071945/p
PlazaVea,Smartphones,SAMSUNG,Samsung Galaxy A07 64GB 4GB Negro,699.0,469.0,INFOTECSHOPExpress,True,https://www.plazavea.com.pe/samsung-galaxy-a07-64gb-4gb-negro-102071943/p
PlazaVea,Smartphones,SAMSUNG,Samsung Galaxy A16 128GB 4GB Ram Color Negro,949.0,549.0,INFOTECSHOPExpress,True,https://www.plazavea.com.pe/samsung-galaxy-a16-128gb-4gb-ram-color-negro-102071891/p
PlazaVea,Smartphones,HONOR,SMARTPHONE HONOR 400 12GB 512GB DUAL SIM,2699.0,2099.0,ELECTRODOMESTICOS GALEXA,True,https://www.plazavea.com.pe/smartphone-honor-400-12gb-512gb-dual-sim-102071676/p
PlazaVea,Smartphones,XIAOMI,CELULAR REDMI 15C 4RAM 128GB NEGRO,799.0,479.0,COMERCIAL RRJ EIRL,True,https://www.plazavea.com.pe/celular-redmi-15c-4ram-128gb-negro-102071671/p
PlazaVea,Smartphones,MOTOROLA,Celular Moto Edge 60 Fusion 8GB 256GB,1799.0,1194.0,ELECTRODOMESTICOS GALEXA,True,https://www.plazavea.com.pe/celular-moto-edge-60-fusion-8gb-256gb-102071634/p
PlazaVea,Smartphones,MOTOROLA,CELULAR MOTOROLA MOTO G06 4 128GB,799.0,439.0,ELECTRODOMESTICOS GALEXA,True,https://www.plazavea.com.pe/celular-motorola-moto-g06-4-128gb-102071545/p
PlazaVea,Smartphones,HONOR,Honor X7d 256gb 6gb Ram Negro Nocturno,1299.0,899.0,Moviles Eirl,True,https://www.plazavea.com.pe/honor-x7d-256gb-6gb-ram-negro-nocturno-102070251/p
PlazaVea,Smartphones,XIAOMI,CELULAR XIAOMI POCO X7 PRO 512GB 12GB RAM NEGRO,1999.0,1539.0,ELECTRODOMESTICOS GALEXA,True,https://www.plazavea.com.pe/celular-xiaomi-poco-x7-pro-512gb-12gb-ram-negro-102070223/p
PlazaVea,Smartphones,HONOR,Honor X7d 256gb 6gb Ram Azul Cian,1299.0,1299.0,Telcelperu,True,https://www.plazavea.com.pe/honor-x7d-256gb-6gb-ram-azul-cian-102070208/p
PlazaVea,Smartphones,MOTOROLA,Celular Motorola Edge 70 Fusion 8GB 256GB Azul,2099.0,1449.0,ELECTRODOMESTICOS GALEXA,True,https://www.plazavea.com.pe/celular-motorola-edge-70-fusion-8gb-256gb-azul-102070204/p
PlazaVea,Smartphones,XIAOMI,Celular Redmi Note 14 4G 6GB RAM 128GB Negro,1049.0,729.0,ELECTRODOMESTICOS GALEXA,True,https://www.plazavea.com.pe/celular-redmi-note-14-4g-6gb-ram-128gb-negro-102070203/p
PlazaVea,Smartphones,HONOR,Celular Honor Play 10 4G 3GB 64GB Negro,799.0,449.0,ELECTRODOMESTICOS GALEXA,True,https://www.plazavea.com.pe/celular-honor-play-10-4g-3gb-64gb-negro-102070179/p
PlazaVea,Smartphones,HONOR,Honor X7d 256gb 6gb Ram Negro Nocturno,1299.0,899.0,Telcelperu,True,https://www.plazavea.com.pe/honor-x7d-256gb-6gb-ram-negro-nocturno-102070175/p
PlazaVea,Smartphones,HONOR,HONOR MAGIC 8 LITE 256GB 8GB RAM FOREST GREEN,1899.0,1649.0,ELECTRODOMESTICOS GALEXA,True,https://www.plazavea.com.pe/honor-magic-8-lite-256gb-8gb-ram-forest-green-102070152/p
PlazaVea,Smartphones,HONOR,Honor X7d 256gb 6gb Ram Azul Cian,1299.0,899.0,Moviles Eirl,True,https://www.plazavea.com.pe/honor-x7d-256gb-6gb-ram-azul-cian-102070151/p
PlazaVea,Smartphones,SAMSUNG,Celular Samsung Galaxy A36 5G 6.7 Pulg. 8GB RAM 256GB Android 15 Negro,1699.0,1389.0,ELECTRODOMESTICOS GALEXA,True,https://www.plazavea.com.pe/celular-samsung-galaxy-a36-5g-6-7-pulg-8gb-ram-256gb-android-15-negro-102070130/p
PlazaVea,Smartphones,HONOR,Honor X7d 256gb 6gb Ram Negro Nocturno,1299.0,899.0,TelcelperuExpress,True,https://www.plazavea.com.pe/honor-x7d-256gb-6gb-ram-negro-nocturno-102069880/p
PlazaVea,Smartphones,XIAOMI,XIAOMI CELULAR REDMI 15C 8GB RAM 256GB ROM COLOR NEGRO,999.0,679.0,ELECTRODOMESTICOS GALEXA,True,https://www.plazavea.com.pe/xiaomi-celular-redmi-15c-8gb-ram-256gb-rom-color-negro-102069879/p
PlazaVea,Smartphones,HONOR,Honor X7d 256gb 6gb Ram Azul Cian,1299.0,899.0,TelcelperuExpress,True,https://www.plazavea.com.pe/honor-x7d-256gb-6gb-ram-azul-cian-102069876/p
PlazaVea,Smartphones,SAMSUNG,Celular Samsung A17 4G 6GB RAM 128GB 6.7 Android 14 - Negro,1249.0,719.0,ELECTRODOMESTICOS GALEXA,True,https://www.plazavea.com.pe/celular-samsung-a17-4g-6gb-ram-128gb-6-7-android-14-negro-102069789/p
PlazaVea,Smartphones,SAMSUNG,Celular Samsung A17 8GB RAM 256GB 6.7 Pulg. Android 15 - Negro,1499.0,999.0,ELECTRODOMESTICOS GALEXA,True,https://www.plazavea.com.pe/celular-samsung-a17-8gb-ram-256gb-6-7-pulg-android-15-negro-102069784/p
PlazaVea,Smartphones,SAMSUNG,Celular Samsung Galaxy A16 4GB 128GB NEGRO,999.0,539.0,ELECTRODOMESTICOS GALEXA,True,https://www.plazavea.com.pe/celular-samsung-galaxy-a16-4gb-128gb-negro-102069760/p
PlazaVea,Smartphones,APPLE,iPhone 12 Mini 256GB Morado - Reacondicionado,2599.0,1199.0,SMARTLEBEN,True,https://www.plazavea.com.pe/iphone-12-mini-256gb-morado-reacondicionado-102069757/p
PlazaVea,Smartphones,XIAOMI,Xiaomi Redmi Note 15 Pro 5G 256GB 8GB Negro,1725.0,1597.0,CELULARESPERUSMARTSAC,True,https://www.plazavea.com.pe/xiaomi-redmi-note-15-pro-5g-256gb-8gb-negro-102069330/p
PlazaVea,Smartphones,HONOR,Honor X6d 256GB 4GB Black,808.0,673.0,CELULARESPERUSMARTSAC,True,https://www.plazavea.com.pe/honor-x6d-256gb-4gb-black-102068948/p
PlazaVea,Smartphones,XIAOMI,Xiaomi Poco C85 128GB 6GB Morado,703.0,586.0,CELULARESPERUSMARTSAC,True,https://www.plazavea.com.pe/xiaomi-poco-c85-128gb-6gb-morado-102068947/p
PlazaVea,Smartphones,XIAOMI,Xiaomi Poco C85 256GB 8GB Verde,821.0,684.0,CELULARESPERUSMARTSAC,True,https://www.plazavea.com.pe/xiaomi-poco-c85-256gb-8gb-verde-102068945/p
PlazaVea,Smartphones,XIAOMI,Xiaomi Redmi Note 15 Pro Plus 5G 512GB 12GB Mocha Brown,2171.0,2010.0,CELULARESPERUSMARTSAC,True,https://www.plazavea.com.pe/xiaomi-redmi-note-15-pro-plus-5g-512gb-12gb-mocha-brown-102068943/p
PlazaVea,Smartphones,HONOR,Honor X6d 256GB 4GB Cian,859.0,716.0,CELULARESPERUSMARTSAC,True,https://www.plazavea.com.pe/honor-x6d-256gb-4gb-cian-102068940/p
PlazaVea,Smartphones,XIAOMI,Xiaomi Poco X8 Pro 512gb 8gb Black,2128.0,1599.0,Moviles Eirl,True,https://www.plazavea.com.pe/xiaomi-poco-x8-pro-512gb-8gb-black-102067526/p
PlazaVea,Smartphones,XIAOMI,Xiaomi Poco X8 Pro 512gb 12gb White,2299.0,1739.0,TelcelperuExpress,True,https://www.plazavea.com.pe/xiaomi-poco-x8-pro-512gb-12gb-white-102067512/p
PlazaVea,Smartphones,SAMSUNG,Samsung Galaxy A37 5g 256gb 8gb Charcoal,2149.0,1599.0,TelcelperuExpress,True,https://www.plazavea.com.pe/samsung-galaxy-a37-5g-256gb-8gb-charcoal-102067430/p
PlazaVea,Smartphones,XIAOMI,Xiaomi Poco X8 Pro 512gb 8gb Black,2128.0,1599.0,Telcelperu,True,https://www.plazavea.com.pe/xiaomi-poco-x8-pro-512gb-8gb-black-102067341/p
PlazaVea,Smartphones,XIAOMI,Xiaomi Poco X8 Pro 512gb 12gb White,2299.0,2299.0,Moviles Eirl,True,https://www.plazavea.com.pe/xiaomi-poco-x8-pro-512gb-12gb-white-102067317/p
PlazaVea,Smartphones,XIAOMI,Xiaomi Poco X8 Pro 256gb 8gb Green,1999.0,1999.0,Moviles Eirl,True,https://www.plazavea.com.pe/xiaomi-poco-x8-pro-256gb-8gb-green-102067303/p
PlazaVea,Smartphones,XIAOMI,Xiaomi Poco X8 Pro 512gb 8gb Black,2128.0,1599.0,TelcelperuExpress,True,https://www.plazavea.com.pe/xiaomi-poco-x8-pro-512gb-8gb-black-102067300/p
PlazaVea,Smartphones,XIAOMI,Xiaomi Poco X8 Pro 512gb 12gb White,2299.0,1739.0,Telcelperu,True,https://www.plazavea.com.pe/xiaomi-poco-x8-pro-512gb-12gb-white-102067291/p
PlazaVea,Smartphones,SAMSUNG,Samsung Galaxy A37 5g 256gb 8gb Charcoal,2149.0,2149.0,Moviles Eirl,True,https://www.plazavea.com.pe/samsung-galaxy-a37-5g-256gb-8gb-charcoal-102067281/p
PlazaVea,Smartphones,SAMSUNG,Samsung Galaxy A37 5g 256gb 8gb Charcoal,2149.0,1499.0,Telcelperu,True,https://www.plazavea.com.pe/samsung-galaxy-a37-5g-256gb-8gb-charcoal-102067276/p
PlazaVea,Smartphones,XIAOMI,Xiaomi Poco X8 Pro 256gb 8gb Black,1999.0,1499.0,TelcelperuExpress,True,https://www.plazavea.com.pe/xiaomi-poco-x8-pro-256gb-8gb-black-102067264/p
PlazaVea,Smartphones,XIAOMI,Xiaomi Poco X8 Pro 256gb 8gb Black,1999.0,1399.0,Telcelperu,True,https://www.plazavea.com.pe/xiaomi-poco-x8-pro-256gb-8gb-black-102067262/p
PlazaVea,Smartphones,XIAOMI,Xiaomi Poco X8 Pro 256gb 8gb Black,1999.0,1999.0,Moviles Eirl,True,https://www.plazavea.com.pe/xiaomi-poco-x8-pro-256gb-8gb-black-102067235/p
PlazaVea,Smartphones,XIAOMI,Xiaomi Poco X8 Pro 256gb 8gb Green,1999.0,1499.0,TelcelperuExpress,True,https://www.plazavea.com.pe/xiaomi-poco-x8-pro-256gb-8gb-green-102067233/p
PlazaVea,Smartphones,XIAOMI,Xiaomi Poco X8 Pro 256gb 8gb White,1999.0,1999.0,Moviles Eirl,True,https://www.plazavea.com.pe/xiaomi-poco-x8-pro-256gb-8gb-white-102067227/p
PlazaVea,Smartphones,XIAOMI,Xiaomi Poco X8 Pro 256gb 8gb White,1999.0,1499.0,TelcelperuExpress,True,https://www.plazavea.com.pe/xiaomi-poco-x8-pro-256gb-8gb-white-102067225/p
PlazaVea,Smartphones,APPLE,IPhone 16 Pro Max 256gb Desert Titanium  Condición EXCELENTE A3084 - Batería 100,4799.0,4799.0,IAN STORE,True,https://www.plazavea.com.pe/iphone-16-pro-max-256gb-desert-titanium-condicion-open-box-a3084-bateria-100-102065866/p
PlazaVea,Smartphones,XIAOMI,CELULAR REDMI 15C 4RAM 128GB VERDE,799.0,549.0,COMERCIAL RRJ EIRL,True,https://www.plazavea.com.pe/celular-redmi-15c-4ram-128gb-verde-102063487/p
PlazaVea,Smartphones,HONOR,Honor Play 10 128GB 4GB Cian,534.0,445.0,CELULARESPERUSMARTSAC,True,https://www.plazavea.com.pe/honor-play-10-128gb-4gb-cian-102062013/p
PlazaVea,Smartphones,XIAOMI,Xiaomi Redmi note 15 5g 256GB 8GB Black,1337.0,1238.0,CELULARESPERUSMARTSAC,True,https://www.plazavea.com.pe/xiaomi-redmi-note-15-5g-256gb-8gb-black-102062012/p
PlazaVea,Smartphones,SAMSUNG,Samsung A57 5G 256GB 8GB Dark Blue,2111.0,1955.0,CELULARESPERUSMARTSAC,True,https://www.plazavea.com.pe/samsung-a57-5g-256gb-8gb-dark-blue-102061994/p
PlazaVea,Smartphones,MOTOROLA,Moto G06 128gb 4gb Azul,849.0,519.0,Telcelperu,True,https://www.plazavea.com.pe/moto-g06-128gb-4gb-azul-102060927/p
PlazaVea,Smartphones,HONOR,Honor X5c Plus 256gb 6gb Azul Cian,859.0,639.0,Telcelperu,True,https://www.plazavea.com.pe/honor-x5c-plus-256gb-6gb-azul-cian-102060915/p
PlazaVea,Smartphones,XIAOMI,Xiaomi Poco X8 Pro Max 512gb 12gb Black,2699.0,2279.0,Telcelperu,True,https://www.plazavea.com.pe/xiaomi-poco-x8-pro-max-512gb-12gb-black-102060914/p
PlazaVea,Smartphones,XIAOMI,Xiaomi Poco X8 Pro Max 256gb 12gb Azul,2499.0,2099.0,Telcelperu,True,https://www.plazavea.com.pe/xiaomi-poco-x8-pro-max-256gb-12gb-azul-102060900/p
PlazaVea,Smartphones,SAMSUNG,Samsung Galaxy A06 64gb 4gb Light Green,739.0,399.0,Telcelperu,True,https://www.plazavea.com.pe/samsung-galaxy-a06-64gb-4gb-light-green-102060872/p
PlazaVea,Smartphones,XIAOMI,Xiaomi Poco X8 Pro Max 256gb 12gb Black,2499.0,2099.0,Telcelperu,True,https://www.plazavea.com.pe/xiaomi-poco-x8-pro-max-256gb-12gb-black-102060849/p
PlazaVea,Smartphones,MOTOROLA,Moto G06 256gb 4gb Verde,857.0,549.0,Telcelperu,True,https://www.plazavea.com.pe/moto-g06-256gb-4gb-verde-102060823/p
PlazaVea,Smartphones,XIAOMI,Xiaomi 17 Ultra Dual Sim 512gb 16gb Ram Negro,6799.0,6299.0,Telcelperu,True,https://www.plazavea.com.pe/xiaomi-17-ultra-dual-sim-512gb-16gb-ram-negro-102060816/p
PlazaVea,Smartphones,HONOR,Honor X5c Plus 256gb 6gb Negro Medianoche,859.0,639.0,Telcelperu,True,https://www.plazavea.com.pe/honor-x5c-plus-256gb-6gb-negro-medianoche-102060801/p
PlazaVea,Smartphones,HONOR,Honor X5c Plus 256gb 6gb Plata Meteoro,859.0,639.0,Telcelperu,True,https://www.plazavea.com.pe/honor-x5c-plus-256gb-6gb-plata-meteoro-102060692/p
PlazaVea,Smartphones,XIAOMI,Xiaomi Redmi A7 Pro 128GB 4GB Ram Negro,899.0,489.0,INFOTECSHOPExpress,True,https://www.plazavea.com.pe/xiaomi-redmi-a7-pro-128gb-4gb-ram-negro-102059979/p
PlazaVea,Smartphones,HONOR,Honor Magic 8 Lite 5G 512GB 8GB Ram Verde,2899.0,1869.0,INFOTECSHOPExpress,True,https://www.plazavea.com.pe/honor-magic-8-lite-5g-512gb-8gb-ram-verde-102059962/p
PlazaVea,Smartphones,XIAOMI,Xiaomi Redmi Note 15 4G 256GB 8GB Ram Azul,1499.0,889.0,INFOTECSHOPExpress,True,https://www.plazavea.com.pe/xiaomi-redmi-note-15-4g-256gb-8gb-ram-azul-102059934/p
PlazaVea,Smartphones,XIAOMI,Xiaomi Redmi A7 Pro 128GB 4GB Ram Negro y Smartwatch - Audífonos,999.0,599.0,INFOTECSHOPExpress,True,https://www.plazavea.com.pe/xiaomi-redmi-a7-pro-128gb-4gb-ram-negro-y-smartwatch-audifonos-102059929/p
PlazaVea,Smartphones,HONOR,Honor Magic 8 Lite 5G 256GB 8GB Ram Dorado,2499.0,1589.0,INFOTECSHOPExpress,True,https://www.plazavea.com.pe/honor-magic-8-lite-5g-256gb-8gb-ram-dorado-102059924/p
PlazaVea,Smartphones,XIAOMI,Xiaomi Redmi A7 Pro 128GB 4GB Ram Azul y Smartwatch - Audífonos,999.0,599.0,INFOTECSHOPExpress,True,https://www.plazavea.com.pe/xiaomi-redmi-a7-pro-128gb-4gb-ram-azul-y-smartwatch-audifonos-102059923/p
PlazaVea,Smartphones,HONOR,Honor X8d 256GB 8GB Ram Negro,1799.0,1089.0,INFOTECSHOPExpress,True,https://www.plazavea.com.pe/honor-x8d-256gb-8gb-ram-negro-102059916/p
PlazaVea,Smartphones,HONOR,Honor X6c 256GB 6GB Ram Blanco,999.0,999.0,INFOTECSHOPExpress,True,https://www.plazavea.com.pe/honor-x6c-256gb-6gb-ram-blanco-102059889/p
PlazaVea,Smartphones,XIAOMI,Xiaomi Redmi A7 Pro 128GB 4GB Ram Azul,899.0,489.0,INFOTECSHOPExpress,True,https://www.plazavea.com.pe/xiaomi-redmi-a7-pro-128gb-4gb-ram-azul-102059886/p
PlazaVea,Smartphones,SAMSUNG,Samsung Galaxy A37 5G 256GB 8GB Ram Gris Oscuro,2499.0,1569.0,INFOTECSHOPExpress,True,https://www.plazavea.com.pe/samsung-galaxy-a37-5g-256gb-8gb-ram-gris-oscuro-102059884/p
PlazaVea,Smartphones,HONOR,Honor X7d 256GB 8GB Ram Negro,1499.0,869.0,INFOTECSHOPExpress,True,https://www.plazavea.com.pe/honor-x7d-256gb-8gb-ram-negro-102059876/p
PlazaVea,Smartphones,SAMSUNG,Samsung Galaxy A37 5G 256GB 8GB Ram Gris Oscuro + Adaptador USB-C Samsung Original 25W,2599.0,1669.0,INFOTECSHOPExpress,True,https://www.plazavea.com.pe/samsung-galaxy-a37-5g-256gb-8gb-ram-gris-oscuro-adaptador-usb-c-samsung-original-25w-102059678/p
PlazaVea,Smartphones,HONOR,Honor Magic 8 Lite 5G 256GB 8GB Ram Verde,2499.0,1589.0,INFOTECSHOPExpress,True,https://www.plazavea.com.pe/honor-magic-8-lite-5g-256gb-8gb-ram-verde-102059605/p
PlazaVea,Smartphones,HONOR,Honor X6c 256GB 6GB Ram Azul,999.0,999.0,INFOTECSHOPExpress,True,https://www.plazavea.com.pe/honor-x6c-256gb-6gb-ram-azul-102059600/p
PlazaVea,Smartphones,HONOR,Honor Magic 8 Lite 5G 512GB 8GB Ram Negro,2899.0,1869.0,INFOTECSHOPExpress,True,https://www.plazavea.com.pe/honor-magic-8-lite-5g-512gb-8gb-ram-negro-102059596/p
PlazaVea,Smartphones,XIAOMI,Xiaomi Redmi Note 15 Pro Plus 5G 512GB 12GB Ram Negro y Smartwatch - Audífonos,3099.0,2149.0,INFOTECSHOPExpress,True,https://www.plazavea.com.pe/xiaomi-redmi-note-15-pro-plus-5g-512gb-12gb-ram-negro-y-smartwatch-audifonos-102059564/p
PlazaVea,Smartphones,XIAOMI,Xiaomi Redmi Note 15 4G 128GB 6GB Ram Azul y Smartwatch - Audífonos,1499.0,869.0,INFOTECSHOPExpress,True,https://www.plazavea.com.pe/xiaomi-redmi-note-15-4g-128gb-6gb-ram-azul-y-smartwatch-audifonos-102059546/p
PlazaVea,Smartphones,HONOR,Honor X5c Plus 256gb 6gb Plata Meteoro,859.0,639.0,TelcelperuExpress,True,https://www.plazavea.com.pe/honor-x5c-plus-256gb-6gb-plata-meteoro-102059495/p
PlazaVea,Smartphones,HONOR,Honor X5c Plus 256gb 6gb Negro Medianoche,859.0,639.0,Moviles Eirl,True,https://www.plazavea.com.pe/honor-x5c-plus-256gb-6gb-negro-medianoche-102059444/p
PlazaVea,Smartphones,MOTOROLA,Moto G06 256gb 4gb Verde,859.0,549.0,Moviles Eirl,True,https://www.plazavea.com.pe/moto-g06-256gb-4gb-verde-102059439/p
PlazaVea,Smartphones,XIAOMI,Xiaomi 17 Ultra Dual Sim 512gb 16gb Ram Negro,6799.0,6299.0,Moviles Eirl,True,https://www.plazavea.com.pe/xiaomi-17-ultra-dual-sim-512gb-16gb-ram-negro-102059438/p
PlazaVea,Smartphones,XIAOMI,Xiaomi Poco X8 Pro Max 256gb 12gb Azul,2499.0,2499.0,Moviles Eirl,True,https://www.plazavea.com.pe/xiaomi-poco-x8-pro-max-256gb-12gb-azul-102059434/p
PlazaVea,Smartphones,XIAOMI,Xiaomi Poco X8 Pro Max 512gb 12gb Black,2699.0,2699.0,Moviles Eirl,True,https://www.plazavea.com.pe/xiaomi-poco-x8-pro-max-512gb-12gb-black-102059426/p
PlazaVea,Smartphones,MOTOROLA,Moto G06 128gb 4gb Azul,849.0,519.0,Moviles Eirl,True,https://www.plazavea.com.pe/moto-g06-128gb-4gb-azul-102059412/p
PlazaVea,Smartphones,SAMSUNG,Samsung Galaxy A06 64gb 4gb Light Green,739.0,739.0,Moviles Eirl,True,https://www.plazavea.com.pe/samsung-galaxy-a06-64gb-4gb-light-green-102059393/p
PlazaVea,Smartphones,MOTOROLA,Moto G06 128gb 4gb Azul,849.0,519.0,TelcelperuExpress,True,https://www.plazavea.com.pe/moto-g06-128gb-4gb-azul-102059385/p
PlazaVea,Smartphones,HONOR,Honor X5c Plus 256gb 6gb Plata Meteoro,859.0,639.0,Moviles Eirl,True,https://www.plazavea.com.pe/honor-x5c-plus-256gb-6gb-plata-meteoro-102059375/p
PlazaVea,Smartphones,HONOR,Honor X5c Plus 256gb 6gb Negro Medianoche,859.0,639.0,TelcelperuExpress,True,https://www.plazavea.com.pe/honor-x5c-plus-256gb-6gb-negro-medianoche-102059371/p
PlazaVea,Smartphones,XIAOMI,Xiaomi 17 Ultra Dual Sim 512gb 16gb Ram Negro,6799.0,6299.0,TelcelperuExpress,True,https://www.plazavea.com.pe/xiaomi-17-ultra-dual-sim-512gb-16gb-ram-negro-102059354/p
PlazaVea,Smartphones,XIAOMI,Xiaomi Poco X8 Pro Max 256gb 12gb Azul,2499.0,2099.0,TelcelperuExpress,True,https://www.plazavea.com.pe/xiaomi-poco-x8-pro-max-256gb-12gb-azul-102059337/p
PlazaVea,Smartphones,HONOR,Honor X5c Plus 256gb 6gb Azul Cian,859.0,639.0,TelcelperuExpress,True,https://www.plazavea.com.pe/honor-x5c-plus-256gb-6gb-azul-cian-102059336/p
PlazaVea,Smartphones,XIAOMI,Xiaomi Poco X8 Pro Max 256gb 12gb Black,2499.0,2499.0,Moviles Eirl,True,https://www.plazavea.com.pe/xiaomi-poco-x8-pro-max-256gb-12gb-black-102059324/p
PlazaVea,Smartphones,XIAOMI,Xiaomi Poco X8 Pro Max 512gb 12gb Black,2699.0,2279.0,TelcelperuExpress,True,https://www.plazavea.com.pe/xiaomi-poco-x8-pro-max-512gb-12gb-black-102059321/p
PlazaVea,Smartphones,MOTOROLA,Moto G06 256gb 4gb Verde,859.0,549.0,TelcelperuExpress,True,https://www.plazavea.com.pe/moto-g06-256gb-4gb-verde-102059314/p
PlazaVea,Smartphones,XIAOMI,Xiaomi Poco X8 Pro Max 256gb 12gb Black,2499.0,2099.0,TelcelperuExpress,True,https://www.plazavea.com.pe/xiaomi-poco-x8-pro-max-256gb-12gb-black-102059309/p
PlazaVea,Smartphones,HONOR,Honor X5c Plus 256gb 6gb Azul Cian,859.0,639.0,Moviles Eirl,True,https://www.plazavea.com.pe/honor-x5c-plus-256gb-6gb-azul-cian-102059295/p
PlazaVea,Smartphones,XIAOMI,Honor 600E 5g 256gb 8gb Dorado Desierto Con Earbuds X7 Lite,2199.0,1779.0,Telcelperu,True,https://www.plazavea.com.pe/honor-600e-5g-256gb-8gb-dorado-desierto-con-earbuds-x7-lite-102057869/p
PlazaVea,Smartphones,XIAOMI,Honor 600E 5g 256gb 8gb Verde Vital Con Earbuds X7 Lite,2199.0,1779.0,Telcelperu,True,https://www.plazavea.com.pe/honor-600e-5g-256gb-8gb-verde-vital-con-earbuds-x7-lite-102057821/p
PlazaVea,Smartphones,XIAOMI,Honor 600E 5g 256gb 8gb Gris Con Earbuds X7 Lite,2199.0,1779.0,Telcelperu,True,https://www.plazavea.com.pe/honor-600e-5g-256gb-8gb-gris-con-earbuds-x7-lite-102057792/p
PlazaVea,Smartphones,XIAOMI,Honor 600E 5g 256gb 8gb Verde Vital Con Earbuds X7 Lite,2199.0,1779.0,TelcelperuExpress,True,https://www.plazavea.com.pe/honor-600e-5g-256gb-8gb-verde-vital-con-earbuds-x7-lite-102056647/p
PlazaVea,Smartphones,XIAOMI,Honor 600E 5g 256gb 8gb Dorado Desierto Con Earbuds X7 Lite,2199.0,1779.0,Moviles Eirl,True,https://www.plazavea.com.pe/honor-600e-5g-256gb-8gb-dorado-desierto-con-earbuds-x7-lite-102056641/p
PlazaVea,Smartphones,XIAOMI,Honor 600E 5g 256gb 8gb Gris Con Earbuds X7 Lite,2199.0,1779.0,Moviles Eirl,True,https://www.plazavea.com.pe/honor-600e-5g-256gb-8gb-gris-con-earbuds-x7-lite-102056629/p
PlazaVea,Smartphones,XIAOMI,Honor 600E 5g 256gb 8gb Verde Vital Con Earbuds X7 Lite,2199.0,1779.0,Moviles Eirl,True,https://www.plazavea.com.pe/honor-600e-5g-256gb-8gb-verde-vital-con-earbuds-x7-lite-102056523/p
PlazaVea,Smartphones,XIAOMI,Honor 600E 5g 256gb 8gb Gris Con Earbuds X7 Lite,2199.0,1779.0,TelcelperuExpress,True,https://www.plazavea.com.pe/honor-600e-5g-256gb-8gb-gris-con-earbuds-x7-lite-102056421/p
PlazaVea,Smartphones,XIAOMI,Honor 600E 5g 256gb 8gb Dorado Desierto Con Earbuds X7 Lite,2199.0,1779.0,TelcelperuExpress,True,https://www.plazavea.com.pe/honor-600e-5g-256gb-8gb-dorado-desierto-con-earbuds-x7-lite-102056420/p
PlazaVea,Smartphones,XIAOMI,Smartphone XIAOMI 17 Ultra 6.9'' 16GB 512GB 50MP Black,5999.0,5299.0,Plaza Vea,True,https://www.plazavea.com.pe/smartphone-xiaomi-17-ultra-6-9-16gb-512gb-50mp-black-20632577/p
PlazaVea,Smartphones,HONOR,Celular Honor X7d 8GB 256GB 6.7 Meteor Silver,899.0,719.0,CITY TEC PERÚ TIENDA OFICIAL,True,https://www.plazavea.com.pe/celular-honor-x7d-8gb-256gb-6-7-meteor-silver-102055452/p
PlazaVea,Smartphones,XIAOMI,Celular Xiaomi Redmi A7 PRO 4GB - 64GB,789.0,789.0,MILLENNIALS MOBILE,True,https://www.plazavea.com.pe/celular-xiaomi-redmi-a7-pro-4gb-64gb-102054894/p
PlazaVea,Smartphones,XIAOMI,Celular Xiaomi 15T Pro 5G 12GB RAM 512GB ROM Negro - Cámara Leica,3299.0,2899.0,Mi Tienda,True,https://www.plazavea.com.pe/celular-xiaomi-15t-pro-5g-12gb-ram-512gb-rom-negro-camara-leica-102054805/p
PlazaVea,Smartphones,HONOR,CELULAR HONOR MAGIC 8 LITE 8RAM 256GB VERDE,1899.0,1899.0,RRJ ELECTRONICS,True,https://www.plazavea.com.pe/celular-honor-magic-8-lite-8ram-256gb-verde-102054400/p
PlazaVea,Smartphones,XIAOMI,Smartphone Xiaomi Poco C71 4GB RAM 128GB Color Negro,699.0,499.0,OFERTAS UNICAS YELI,True,https://www.plazavea.com.pe/smartphone-xiaomi-poco-c71-4gb-ram-128gb-color-negro-102053837/p
PlazaVea,Smartphones,XIAOMI,Smartphone Xiaomi Poco C71 128GB Negro Diseno Moderno,699.0,499.0,MULTI OFERTAS PILLACA'S S.A.C,True,https://www.plazavea.com.pe/smartphone-xiaomi-poco-c71-128gb-negro-diseno-moderno-102053805/p
PlazaVea,Smartphones,XIAOMI,Xiaomi Poco C71 4GB RAM 128GB Negro Gran Capacidad,699.0,499.0,MUNDO ELECTRONICO,True,https://www.plazavea.com.pe/xiaomi-poco-c71-4gb-ram-128gb-negro-gran-capacidad-102053787/p
PlazaVea,Smartphones,XIAOMI,Celular Xiaomi Poco C71 4GB RAM 128GB Negro,699.0,499.0,QUEVEDO IMPORTACIONES,True,https://www.plazavea.com.pe/celular-xiaomi-poco-c71-4gb-ram-128gb-negro-102053775/p
PlazaVea,Smartphones,HONOR,CELULAR HONOR MAGIC 8 LITE 8RAM 256GB DORADO,1899.0,1899.0,RRJ ELECTRONICS,True,https://www.plazavea.com.pe/celular-honor-magic-8-lite-8ram-256gb-dorado-102052930/p
PlazaVea,Smartphones,XIAOMI,Xiaomi POCO C71 128GB 4GB Black,529.0,441.0,CELULARESPERUSMARTSAC,True,https://www.plazavea.com.pe/xiaomi-poco-c71-128gb-4gb-black-102052829/p
PlazaVea,Smartphones,HONOR,CELULAR HONOR X5C PLUS 4RAM 256GB AZUL,799.0,799.0,RRJ ELECTRONICS,True,https://www.plazavea.com.pe/celular-honor-x5c-plus-4ram-256gb-azul-102052065/p
PlazaVea,Smartphones,HONOR,CELULAR HONOR X5C PLUS 6RAM 256GB AZUL,799.0,599.0,RRJ ELECTRONICS,True,https://www.plazavea.com.pe/celular-honor-x5c-plus-6ram-256gb-azul-102052021/p
PlazaVea,Smartphones,HONOR,HONOR X5C PLUS 4RAM 256GB NEGRO,799.0,799.0,RRJ ELECTRONICS,True,https://www.plazavea.com.pe/honor-x5c-plus-4ram-256gb-negro-102051877/p
PlazaVea,Smartphones,HONOR,CELULAR HONOR X5C 4RAM 128GB CYAN,699.0,699.0,RRJ ELECTRONICS,True,https://www.plazavea.com.pe/celular-honor-x5c-4ram-128gb-cyan-102051834/p
PlazaVea,Smartphones,HONOR,CELULAR HONOR X5C 4RAM 64GB NEGRO,699.0,699.0,RRJ ELECTRONICS,True,https://www.plazavea.com.pe/celular-honor-x5c-4ram-64gb-negro-102051811/p
PlazaVea,Smartphones,HONOR,CELULAR HONOR X5C 4RAM 128GB PLATA,699.0,699.0,RRJ ELECTRONICS,True,https://www.plazavea.com.pe/celular-honor-x5c-4ram-128gb-plata-102051805/p
PlazaVea,Smartphones,HONOR,CELULAR HONOR PLAY 10 3RAM 64GB,550.0,550.0,RRJ ELECTRONICS,True,https://www.plazavea.com.pe/celular-honor-play-10-3ram-64gb-102051803/p
PlazaVea,Smartphones,XIAOMI,Celular Xiaomi Redmi 15C 4GB 256GB Verde Menta - Cámara 50MP,699.0,599.0,Mi Tienda,True,https://www.plazavea.com.pe/celular-xiaomi-redmi-15c-4gb-256gb-verde-menta-camara-50mp-102051629/p
PlazaVea,Smartphones,MOTOROLA,4546782739,699.0,419.0,Renation  Yurico EIRL,True,https://www.plazavea.com.pe/celular-motorola-moto-g06-rom-128gb-ram-4gb-camara-50mp-xt2535-2-azul-102051596/p
PlazaVea,Smartphones,HONOR,Honor 600e 5G 8RAM 256GB Verde,2179.0,1609.0,F MOBILE TECH,True,https://www.plazavea.com.pe/honor-600e-5g-8ram-256gb-verde-102050955/p
PlazaVea,Smartphones,HONOR,Honor 600e 5G 8RAM 256GB Dorado,2179.0,1619.0,F MOBILE TECH,True,https://www.plazavea.com.pe/honor-600e-5g-8ram-256gb-dorado-102050919/p
PlazaVea,Smartphones,HONOR,Honor 600e 5G 8RAM 256GB Gris,2179.0,1609.0,F MOBILE TECH,True,https://www.plazavea.com.pe/honor-600e-5g-8ram-256gb-gris-102050802/p
PlazaVea,Smartphones,SAMSUNG,Samsung Galaxy A37 5G 256GB 8GB Ram Gris Oscuro y Adaptador USB-C Samsung Original 25W,2599.0,1669.0,INFOTECSHOP,True,https://www.plazavea.com.pe/samsung-galaxy-a37-5g-256gb-8gb-ram-gris-oscuro-adaptador-usb-c-samsung-original-25w-102050210/p
PlazaVea,Smartphones,SAMSUNG,Samsung Galaxy A37 5G 256GB 8GB Ram Gris Oscuro,2499.0,1569.0,INFOTECSHOP,True,https://www.plazavea.com.pe/samsung-galaxy-a37-5g-256gb-8gb-ram-gris-oscuro-102050150/p
PlazaVea,Smartphones,HONOR,CELULAR MAGIC 8 LITE 8RAM 512GB NEGRO,1799.0,1799.0,RRJ ELECTRONICS,True,https://www.plazavea.com.pe/celular-magic-8-lite-8ram-512gb-negro-102049011/p
PlazaVea,Smartphones,HONOR,CELULAR HONOR X7 6GB 128GB PLATA,859.9,721.0,JA INNOVATION GROUP S.A.C,True,https://www.plazavea.com.pe/celular-honor-x7-6gb-128gb-plata-102047988/p
PlazaVea,Smartphones,XIAOMI,Smartwatch Xiaomi Redmi Watch 5 Active Negro,199.0,159.0,MULTICENTRO EXPRESS,True,https://www.plazavea.com.pe/smartwatch-xiaomi-redmi-watch-5-active-negro-102030330/p
PlazaVea,Smartphones,MOTOROLA,CELULAR MOTOROLA G17 4GB 128GB ARANDANO,899.0,899.0,MILLENNIALS MOBILE,True,https://www.plazavea.com.pe/celular-motorola-g17-4gb-128gb-arandano-102029637/p
PlazaVea,Smartphones,MOTOROLA,CELULAR MOTOROLA G17 4GB 128GB ROSA,899.0,899.0,MILLENNIALS MOBILE,True,https://www.plazavea.com.pe/celular-motorola-g17-4gb-128gb-rosa-102029603/p
PlazaVea,Smartphones,XIAOMI,REDMI NOTE 15 PRO 4G 8RAM 256GB TITANIO,1299.0,1089.0,RRJ ELECTRONICS,True,https://www.plazavea.com.pe/redmi-note-15-pro-4g-8ram-256gb-titanio-102029422/p
PlazaVea,Smartphones,XIAOMI,CELULAR REDMI NOTE 15 PRO 4G 8RAM 256GB AZUL,1299.0,1089.0,RRJ ELECTRONICS,True,https://www.plazavea.com.pe/celular-redmi-note-15-pro-4g-8ram-256gb-azul-102029408/p
PlazaVea,Smartphones,XIAOMI,CELULAR REDMI NOTE 15 4G 6RAM 128GB MORADO,999.0,769.0,RRJ ELECTRONICS,True,https://www.plazavea.com.pe/celular-redmi-note-15-4g-6ram-128gb-morado-102029393/p
PlazaVea,Smartphones,XIAOMI,CELULAR REDMI 15C 4RAM 128GB VERDE,599.0,599.0,RRJ ELECTRONICS,True,https://www.plazavea.com.pe/celular-redmi-15c-4ram-128gb-verde-102026751/p
PlazaVea,Smartphones,XIAOMI,CELULAR REDMI 15C 4RAM 256GB,799.0,799.0,RRJ ELECTRONICS,True,https://www.plazavea.com.pe/celular-redmi-15c-4ram-256gb-102026749/p
PlazaVea,Smartphones,XIAOMI,CELULAR REDMI A5 4RAM 128GB DORADO,699.0,699.0,RRJ ELECTRONICS,True,https://www.plazavea.com.pe/celular-redmi-a5-4ram-128gb-dorado-102026293/p
PlazaVea,Smartphones,SAMSUNG,CELULAR GALAXY A17 4G 6RAM 128GB AZUL,899.0,899.0,RRJ ELECTRONICS,True,https://www.plazavea.com.pe/celular-galaxy-a17-4g-6ram-128gb-azul-102026260/p
PlazaVea,Smartphones,XIAOMI,CELULAR REDMI A5 3RAM 64GB DORADO,499.0,499.0,RRJ ELECTRONICS,True,https://www.plazavea.com.pe/celular-redmi-a5-3ram-64gb-dorado-102026219/p
PlazaVea,Smartphones,SAMSUNG,CELULAR GALAXY A06 4RAM 64GB VERDE,699.0,399.0,RRJ ELECTRONICS,True,https://www.plazavea.com.pe/celular-galaxy-a06-4ram-64gb-verde-102026215/p
PlazaVea,Smartphones,SAMSUNG,CELULAR SAMSUNG A06 4RAM 64GB BLANCO,599.0,399.0,RRJ ELECTRONICS,True,https://www.plazavea.com.pe/celular-samsung-a06-4ram-64gb-blanco-102025154/p
PlazaVea,Smartphones,SAMSUNG,CELULAR GALAXY S25 ULTRA 12RAM 256GB,4899.0,4159.0,RRJ ELECTRONICS,True,https://www.plazavea.com.pe/celular-galaxy-s25-ultra-12ram-256gb-102019892/p
PlazaVea,Smartphones,APPLE,IPHONE 17 DE 256GB ESIM - AZUL,5600.0,3449.0,MarketcellExpress,True,https://www.plazavea.com.pe/iphone-17-de-256gb-esim-azul-102016886/p
PlazaVea,Smartphones,APPLE,IPHONE 17 DE 256GB ESIM - VERDE,5600.0,3499.0,MarketcellExpress,True,https://www.plazavea.com.pe/iphone-17-de-256gb-esim-verde-102016796/p
PlazaVea,Smartphones,APPLE,CEL000027,3150.0,1899.0,KPDM,True,https://www.plazavea.com.pe/iphone-12-pro-256gb-azul-pacifico-reacondicionado-grado-a-102006447/p
PlazaVea,Smartphones,SAMSUNG,SAMSUNG GALAXY A56 5G 8RAM 256GB NEGRO,1900.0,1389.0,MarketcellExpress,True,https://www.plazavea.com.pe/samsung-galaxy-a56-5g-8ram-256gb-negro-102004208/p
PlazaVea,Smartphones,SAMSUNG,SAMSUNG GALAXY A56 5G 8RAM 256GB ROSA,1900.0,1900.0,MarketcellExpress,True,https://www.plazavea.com.pe/samsung-galaxy-a56-5g-8ram-256gb-rosa-102004207/p
PlazaVea,Smartphones,MOTOROLA,Celular Motorola Moto Edge 40 Neo 6.5 256GB 8GB RAM Negro,1699.0,1499.0,ELECTRODOMESTICOS GALEXA,True,https://www.plazavea.com.pe/celular-libre-motorola-moto-edge-40-neo-6-5-256gb-8gb-ram-negro-102003886/p
PlazaVea,Smartphones,HONOR,HONOR MAGIC 8 LITE 5G 8GB RAM 256GB VERDE,1559.0,1409.0,MarketcellExpress,True,https://www.plazavea.com.pe/honor-magic-8-lite-5g-8gb-ram-256gb-verde-101999999/p
PlazaVea,Smartphones,HONOR,HONOR PLAY 10A 4RAM 128GB - AZUL,599.0,599.0,MarketcellExpress,True,https://www.plazavea.com.pe/honor-play-10a-4ram-128gb-azul-101999970/p
PlazaVea,Smartphones,XIAOMI,REDMI NOTE 15 PRO PLUS 5G 12 RAM 512GB NEGRO,1899.0,1709.0,MarketcellExpress,True,https://www.plazavea.com.pe/redmi-note-15-pro-plus-5g-12-ram-512gb-negro-101999966/p
PlazaVea,Smartphones,HONOR,HONOR X5C PLUS 4G 256GB 4GB RAM OCEANO,599.0,479.0,MarketcellExpress,True,https://www.plazavea.com.pe/honor-x5c-plus-4g-256gb-4gb-ram-oceano-101999932/p
PlazaVea,Smartphones,SAMSUNG,SAMSUNG S26 ULTRA 12RAM 256GB BLANCO,5900.0,3569.0,MarketcellExpress,True,https://www.plazavea.com.pe/samsung-s26-ultra-12ram-256gb-blanco-101999881/p
PlazaVea,Smartphones,XIAOMI,NOTE 15 4G 8GB RAM 256GB - PURPURA,1059.0,779.0,MarketcellExpress,True,https://www.plazavea.com.pe/note-15-4g-8gb-ram-256gb-purpura-101999875/p
PlazaVea,Smartphones,XIAOMI,REDMI NOTE 15 8GB RAM 256GB AZUL,1059.0,779.0,MarketcellExpress,True,https://www.plazavea.com.pe/redmi-note-15-8gb-ram-256gb-azul-101999871/p
PlazaVea,Smartphones,HONOR,HONOR X5C PLUS 4G 256GB 4GB RAM SILVER,599.0,479.0,MarketcellExpress,True,https://www.plazavea.com.pe/honor-x5c-plus-4g-256gb-4gb-ram-silver-101999812/p
PlazaVea,Smartphones,SAMSUNG,SAMSUNG S26 ULTRA 12RAM 256GB NEGRO,5900.0,3569.0,MarketcellExpress,True,https://www.plazavea.com.pe/samsung-s26-ultra-12ram-256gb-negro-101999773/p
PlazaVea,Smartphones,SAMSUNG,SAMSUNG GALAXY S26 ULTRA 12RAM 512GB NEGRO,5900.0,4059.0,MarketcellExpress,True,https://www.plazavea.com.pe/samsung-galaxy-s26-ultra-12ram-512gb-negro-101999770/p
PlazaVea,Smartphones,XIAOMI,REDMI NOTE 15 PRO PLUS 5G 12 RAM 512GB MARRON,1899.0,1749.0,MarketcellExpress,True,https://www.plazavea.com.pe/redmi-note-15-pro-plus-5g-12-ram-512gb-marron-101999710/p
PlazaVea,Smartphones,XIAOMI,REDMI NOTE 15 4G 8GB RAM 256GB NEGRO,1059.0,779.0,MarketcellExpress,True,https://www.plazavea.com.pe/redmi-note-15-4g-8gb-ram-256gb-negro-101999508/p
PlazaVea,Smartphones,XIAOMI,REDMI NOTE 15 PRO PLUS 5G 8 RAM 256GB MARRON,1759.0,1449.0,MarketcellExpress,True,https://www.plazavea.com.pe/redmi-note-15-pro-plus-5g-8-ram-256gb-marron-101999486/p
PlazaVea,Smartphones,HONOR,HONOR MAGIC 8 LITE 5G 8GB RAM 256GB DORADO,1559.0,1369.0,MarketcellExpress,True,https://www.plazavea.com.pe/honor-magic-8-lite-5g-8gb-ram-256gb-dorado-101999431/p
PlazaVea,Smartphones,XIAOMI,CELULAR REDMI NOTE 15 PRO PLUS 12RAM 512GB,2199.0,1899.0,RRJ ELECTRONICS,True,https://www.plazavea.com.pe/celular-redmi-note-15-pro-plus-12ram-512gb-101996979/p
PlazaVea,Smartphones,XIAOMI,CELULAR XIAOMI 15T 12RAM 512GB,2599.0,2599.0,RRJ ELECTRONICS,True,https://www.plazavea.com.pe/celular-xiaomi-15t-12ram-512gb-101996965/p
PlazaVea,Smartphones,XIAOMI,CELULAR REDMI A7 PRO 4RAM 128GB,649.0,649.0,RRJ ELECTRONICS,True,https://www.plazavea.com.pe/celular-redmi-a7-pro-4ram-128gb-101996950/p
PlazaVea,Smartphones,XIAOMI,CELULAR XIAOMI 15T PRO 12RAM 512GB,3499.0,3499.0,RRJ ELECTRONICS,True,https://www.plazavea.com.pe/celular-xiaomi-15t-pro-12ram-512gb-101996942/p
PlazaVea,Smartphones,XIAOMI,CELULAR REDMI A7 PRO 4RAM 64GB,599.0,599.0,RRJ ELECTRONICS,True,https://www.plazavea.com.pe/celular-redmi-a7-pro-4ram-64gb-101996929/p
PlazaVea,Smartphones,SAMSUNG,Celular 5G Samsung Galaxy S26 Plus 512GB 12GB RAM 50MP Cobalt Violet,7699.0,3799.0,CARSA,True,https://www.plazavea.com.pe/celular-5g-samsung-galaxy-s26-plus-512gb-12gb-ram-50mp-cobalt-violet-101996590/p
PlazaVea,Smartphones,XIAOMI,CELULAR REDMI NOTE 15 PRO 4G 8RAM 256GB,1399.0,1049.0,RRJ ELECTRONICS,True,https://www.plazavea.com.pe/celular-redmi-note-15-pro-4g-8ram-256gb-101996561/p
PlazaVea,Smartphones,SAMSUNG,Celular 5G Samsung Galaxy S26 Ultra 512GB 12GB RAM 200MP Black,8779.0,5199.0,CARSA,True,https://www.plazavea.com.pe/celular-5g-samsung-galaxy-s26-ultra-512gb-12gb-ram-200mp-black-101996453/p
PlazaVea,Smartphones,SAMSUNG,Celular 5G Samsung Galaxy S26 512GB 12GB RAM 50MP Cobalt Violet,6979.0,4499.0,CARSA,True,https://www.plazavea.com.pe/celular-5g-samsung-galaxy-s26-512gb-12gb-ram-50mp-cobalt-violet-101996452/p
PlazaVea,Smartphones,SAMSUNG,Celular 5G Samsung Galaxy S26 512GB 12GB RAM 50MP Black,6979.0,4659.0,CARSA,True,https://www.plazavea.com.pe/celular-5g-samsung-galaxy-s26-512gb-12gb-ram-50mp-black-101996441/p
PlazaVea,Smartphones,XIAOMI,CELULAR REDMI NOTE 15 4G 8RAM 256GB,999.0,929.0,RRJ ELECTRONICS,True,https://www.plazavea.com.pe/celular-redmi-note-15-4g-8ram-256gb-101996301/p
PlazaVea,Smartphones,XIAOMI,CELULAR REDMI 15 6RAM 128GB,799.0,799.0,RRJ ELECTRONICS,True,https://www.plazavea.com.pe/celular-redmi-15-6ram-128gb-101996135/p
PlazaVea,Smartphones,XIAOMI,CELULAR REDMI NOTE 15 4G 6RAM 128GB,999.0,789.0,RRJ ELECTRONICS,True,https://www.plazavea.com.pe/celular-redmi-note-15-4g-6ram-128gb-101996103/p
PlazaVea,Smartphones,XIAOMI,CELULAR REDMI 15 8RAM 256GB,899.0,899.0,RRJ ELECTRONICS,True,https://www.plazavea.com.pe/celular-redmi-15-8ram-256gb-101996098/p
PlazaVea,Smartphones,SAMSUNG,CELULAR GALAXY S26 ULTRA 5G 12RAM 256GB,6799.0,5599.0,RRJ ELECTRONICS,True,https://www.plazavea.com.pe/celular-galaxy-s26-ultra-5g-12ram-256gb-101995498/p
PlazaVea,Smartphones,SAMSUNG,"Smartphone SAMSUNG Galaxy A57 6.7"" 8GB 256GB 50 MP Violet",2099.0,1999.0,Plaza Vea,True,https://www.plazavea.com.pe/smartphone-samsung-galaxy-a57-67-8gb-256gb-50-mp-violet-20621951/p
PlazaVea,Smartphones,XIAOMI,POCO X8 Pro Negro 12GB RAM 512GB Almacenamiento - Potente y Rápido,2599.0,2219.0,FULL HOGAR SHOP,True,https://www.plazavea.com.pe/poco-x8-pro-negro-12gb-ram-512gb-almacenamiento-potente-y-rapido-101994921/p
PlazaVea,Smartphones,XIAOMI,POCO X8 Pro Negro 12GB RAM 512GB Almacenamiento - Potente y Rápido,2599.0,2199.0,MULTICENTRO EXPRESS,True,https://www.plazavea.com.pe/poco-x8-pro-negro-12gb-ram-512gb-almacenamiento-potente-y-rapido-101994910/p
PlazaVea,Smartphones,XIAOMI,POCO X8 Pro Negro 12GB RAM 512GB Almacenamiento - Potente y Rápido,2599.0,2199.0,FULL HOGAR SHOP,True,https://www.plazavea.com.pe/poco-x8-pro-negro-12gb-ram-512gb-almacenamiento-potente-y-rapido-101994909/p
PlazaVea,Smartphones,SAMSUNG,SAMSUNG GALAXY S26 ULTRA 256GB 12GB - CELESTE,5899.0,3729.0,ROCICELL CELULARES,True,https://www.plazavea.com.pe/samsung-galaxy-s26-ultra-256gb-12gb-celeste-101994908/p
PlazaVea,Smartphones,XIAOMI,POCO X8 Pro Negro 12GB RAM 512GB Almacenamiento - Potente y Rápido,2599.0,2229.0,ELECTRO EXPRESS PERU,True,https://www.plazavea.com.pe/poco-x8-pro-negro-12gb-ram-512gb-almacenamiento-potente-y-rapido-101994896/p
PlazaVea,Smartphones,SAMSUNG,SAMSUNG GALAXY S26 ULTRA 256GB 12GB - NEGRO,5899.0,3729.0,ROCICELL CELULARES,True,https://www.plazavea.com.pe/samsung-galaxy-s26-ultra-256gb-12gb-negro-101994893/p
PlazaVea,Smartphones,XIAOMI,POCO X8 Pro Negro 12GB RAM 512GB Almacenamiento - Potente y Rápido,2599.0,2199.0,MULTI COMMERCE PERÚ,True,https://www.plazavea.com.pe/poco-x8-pro-negro-12gb-ram-512gb-almacenamiento-potente-y-rapido-101994890/p
PlazaVea,Smartphones,XIAOMI,POCO X8 Pro Negro 12GB RAM 512GB Almacenamiento - Potente y Rápido,2599.0,2199.0,COMERZIA.PE,True,https://www.plazavea.com.pe/poco-x8-pro-negro-12gb-ram-512gb-almacenamiento-potente-y-rapido-101994887/p
PlazaVea,Smartphones,SAMSUNG,SAMSUNG GALAXY S26 ULTRA 256GB 12GB - VIOLETA,5899.0,3729.0,ROCICELL CELULARES,True,https://www.plazavea.com.pe/samsung-galaxy-s26-ultra-256gb-12gb-violeta-101994863/p
PlazaVea,Smartphones,SAMSUNG,SAMSUNG GALAXY S26 ULTRA 256GB 12GB - BLANCO,5899.0,3729.0,ROCICELL CELULARES,True,https://www.plazavea.com.pe/samsung-galaxy-s26-ultra-256gb-12gb-blanco-101994847/p
PlazaVea,Smartphones,XIAOMI,Celular Xiaomi Redmi A7 Pro 64GB Negro 4GB Más 4GB RAM,899.0,479.0,Ofertec,True,https://www.plazavea.com.pe/celular-xiaomi-redmi-a7-pro-64gb-negro-4gb-mas-4gb-ram-101994713/p
PlazaVea,Smartphones,XIAOMI,Celular Xiaomi Redmi A7 Pro DUAL SIM 64GB Verde 4GB Más 4GB RAM,899.0,479.0,Ofertec,True,https://www.plazavea.com.pe/celular-xiaomi-redmi-a7-pro-dual-sim-64gb-verde-4gb-mas-4gb-ram-101994701/p
PlazaVea,Smartphones,XIAOMI,Celular Xiaomi Redmi A7 Pro DUAL SIM 64GB Azul 4GB Más 4GB RAM,899.0,479.0,Ofertec,True,https://www.plazavea.com.pe/celular-xiaomi-redmi-a7-pro-dual-sim-64gb-azul-4gb-mas-4gb-ram-101994606/p
PlazaVea,Smartphones,XIAOMI,XIAOMI 17 ULTRA 16GB RAM 512GB BLANCO,5900.0,5109.0,Marketcell,True,https://www.plazavea.com.pe/xiaomi-17-ultra-16gb-ram-512gb-blanco-101994198/p
PlazaVea,Smartphones,XIAOMI,XIAOMI 17 ULTRA 16GB RAM 512GB VERDE ESTRELLADO,6299.0,5019.0,Marketcell,True,https://www.plazavea.com.pe/xiaomi-17-ultra-16gb-ram-512gb-verde-estrellado-101994158/p
PlazaVea,Smartphones,XIAOMI,XIAOMI 17 ULTRA 16GB RAM 512GB NEGRO,6999.0,5109.0,Marketcell,True,https://www.plazavea.com.pe/xiaomi-17-ultra-16gb-ram-512gb-negro-101994105/p
PlazaVea,Smartphones,HONOR,Honor X5C Plus 256GB 4GB Negro,650.0,542.0,CELULARESPERUSMARTSAC,True,https://www.plazavea.com.pe/honor-x5c-plus-256gb-4gb-negro-101993696/p
PlazaVea,Smartphones,MOTOROLA,Motorola G17 256GB 4GB Rosa,872.0,727.0,CELULARESPERUSMARTSAC,True,https://www.plazavea.com.pe/motorola-g17-256gb-4gb-rosa-101993694/p
PlazaVea,Smartphones,SAMSUNG,Samsung s26 512GB 12GB Black,4447.0,4118.0,CELULARESPERUSMARTSAC,True,https://www.plazavea.com.pe/samsung-s26-512gb-12gb-black-101993688/p
PlazaVea,Smartphones,MOTOROLA,Motorola G17 256GB 4GB Arandano,859.0,716.0,CELULARESPERUSMARTSAC,True,https://www.plazavea.com.pe/motorola-g17-256gb-4gb-arandano-101993626/p
PlazaVea,Smartphones,MOTOROLA,"Smartphone MOTOROLA G67 6.8"" 4GB 256GB 50MP+8MP Gris",899.0,749.0,Plaza Vea,True,https://www.plazavea.com.pe/smartphone-motorola-g67-6-8--4gb-256gb-50mp8mp-gris-20571422/p
PlazaVea,Smartphones,XIAOMI,Celular Xiaomi POCO X8 Pro 5G 8GB 512GB Negro - Procesador MediaTek 8500-Ultra,1999.0,1699.0,Mi Tienda,True,https://www.plazavea.com.pe/celular-xiaomi-poco-x8-pro-5g-8gb-512gb-negro-procesador-mediatek-8500-ultra-101991785/p
PlazaVea,Smartphones,HONOR,Celular Honor X7d 6GB RAM 256GB - Azul Cian,949.0,799.0,MadBox,True,https://www.plazavea.com.pe/celular-honor-x7d-6gb-ram-256gb-azul-cian-101991656/p
PlazaVea,Smartphones,XIAOMI,Xiaomi Redmi A7 Pro 128GB 4GB Ram Negro,899.0,489.0,INFOTECSHOP,True,https://www.plazavea.com.pe/xiaomi-redmi-a7-pro-128gb-4gb-ram-negro-101990742/p
PlazaVea,Smartphones,XIAOMI,Xiaomi Redmi A7 Pro 64GB 4GB Ram Negro y Smartwatch - Audífonos,949.0,949.0,INFOTECSHOP,True,https://www.plazavea.com.pe/xiaomi-redmi-a7-pro-64gb-4gb-ram-negro-y-smartwatch-audifonos-101990733/p
PlazaVea,Smartphones,XIAOMI,Xiaomi Redmi A7 Pro 128GB 4GB Ram Negro y Smartwatch - Audífonos,999.0,599.0,INFOTECSHOP,True,https://www.plazavea.com.pe/xiaomi-redmi-a7-pro-128gb-4gb-ram-negro-y-smartwatch-audifonos-101990730/p
PlazaVea,Smartphones,XIAOMI,Xiaomi Redmi A7 Pro 128GB 4GB Ram Azul y Smartwatch - Audífonos,999.0,599.0,INFOTECSHOP,True,https://www.plazavea.com.pe/xiaomi-redmi-a7-pro-128gb-4gb-ram-azul-y-smartwatch-audifonos-101990723/p
PlazaVea,Smartphones,XIAOMI,Xiaomi Redmi A7 Pro 64GB 4GB Ram Negro,849.0,399.0,INFOTECSHOP,True,https://www.plazavea.com.pe/xiaomi-redmi-a7-pro-64gb-4gb-ram-negro-101990698/p
PlazaVea,Smartphones,XIAOMI,Xiaomi Redmi A7 Pro 128GB 4GB Ram Azul,899.0,449.0,INFOTECSHOP,True,https://www.plazavea.com.pe/xiaomi-redmi-a7-pro-128gb-4gb-ram-azul-101990676/p
PlazaVea,Smartphones,XIAOMI,Xiaomi Poco X8 Pro 512gb 8gb Verde Menta,2128.0,1599.0,Moviles Eirl,True,https://www.plazavea.com.pe/xiaomi-poco-x8-pro-512gb-8gb-verde-menta-101990573/p
PlazaVea,Smartphones,APPLE,iPhone 17 PRO MAX 1TB ESIM - AZUL,8899.0,6879.0,Fox Móviles SAC,True,https://www.plazavea.com.pe/iphone-17-pro-max-1tb-esim-azul-101990568/p
PlazaVea,Smartphones,XIAOMI,Xiaomi Poco X8 Pro 512gb 8gb Verde Menta,2128.0,1599.0,Telcelperu,True,https://www.plazavea.com.pe/xiaomi-poco-x8-pro-512gb-8gb-verde-menta-101990408/p
PlazaVea,Smartphones,HONOR,Celular Honor Magic 8 Lite 8GB 512GB Negro - Cámara 108MP y Pantalla Ultra Resistente,1999.0,1739.0,Mi Tienda,True,https://www.plazavea.com.pe/celular-honor-magic-8-lite-8gb-512gb-negro-camara-108mp-y-pantalla-ultra-resistente-101990376/p
PlazaVea,Smartphones,HONOR,Celular Honor Magic 8 Lite 8GB 512GB Verde - Cámara 108MP y Pantalla Ultra Resistente,1999.0,1739.0,Mi Tienda,True,https://www.plazavea.com.pe/celular-honor-magic-8-lite-8gb-512gb-verde-camara-108mp-y-pantalla-ultra-resistente-101990369/p
PlazaVea,Smartphones,APPLE,iPhone 17 PRO MAX 1TB ESIM - Silver,8899.0,6879.0,Fox Móviles SAC,True,https://www.plazavea.com.pe/iphone-17-pro-max-1tb-esim-silver-101990334/p
PlazaVea,Smartphones,MOTOROLA,"Smartphone MOTOROLA Edge 70 6.7"" 12GB 512GB 50MP+50MP Gris",2199.0,1899.0,Plaza Vea,True,https://www.plazavea.com.pe/smartphone-motorola-edge-70-6-7--12gb-512gb-50mp50mp-gris-20571423/p
PlazaVea,Smartphones,MOTOROLA,"Smartphone MOTOROLA Edge 70 Fusion 6.8"" 8GB 256GB 50MP+13MP Celeste",1599.0,1419.0,Plaza Vea,True,https://www.plazavea.com.pe/smartphone-motorola-edge-70-fusion-6-8--8gb-256gb-50mp13mp-celeste-20571424/p
PlazaVea,Smartphones,XIAOMI,CELULAR REDMI 15C 4RAM 256GB,699.0,699.0,RRJ ELECTRONICS,True,https://www.plazavea.com.pe/celular-redmi-15c-4ram-256gb-101990103/p
PlazaVea,Smartphones,APPLE,IPHONE 17 ESIM 256GB Black - REGALO Mica y Case 360,4959.0,3479.0,ROCICELL CELULARES,True,https://www.plazavea.com.pe/iphone-17-esim-256gb-black-regalo-mica-y-case-360-101989909/p
PlazaVea,Smartphones,XIAOMI,CELULAR REDMI A5 4RAM 128GB,599.0,599.0,RRJ ELECTRONICS,True,https://www.plazavea.com.pe/celular-redmi-a5-4ram-128gb-101989820/p
PlazaVea,Smartphones,APPLE,IPHONE 17 ESIM 256GB Mist Blue - REGALO Mica y Case 360,4959.0,3599.0,ROCICELL CELULARES,True,https://www.plazavea.com.pe/iphone-17-esim-256gb-mist-blue-regalo-mica-y-case-360-101989632/p
PlazaVea,Smartphones,XIAOMI,CELULAR REDMI A5 3RAM 64GB,499.0,499.0,RRJ ELECTRONICS,True,https://www.plazavea.com.pe/celular-redmi-a5-3ram-64gb-101989536/p
PlazaVea,Smartphones,XIAOMI,CELULAR REDMI 15C 4RAM 128GB,699.0,699.0,RRJ ELECTRONICS,True,https://www.plazavea.com.pe/celular-redmi-15c-4ram-128gb-101989455/p
PlazaVea,Smartphones,APPLE,IPHONE 17 ESIM 256GB Sage - REGALO Mica y Case 360,4959.0,3599.0,ROCICELL CELULARES,True,https://www.plazavea.com.pe/iphone-17-esim-256gb-sage-regalo-mica-y-case-360-101989454/p
PlazaVea,Smartphones,XIAOMI,Xiaomi Redmi A7 Pro 4RAM 64GB Azul,699.0,539.0,F MOBILE TECH,True,https://www.plazavea.com.pe/xiaomi-redmi-a7-pro-4ram-64gb-azul-101989128/p
PlazaVea,Smartphones,SAMSUNG,CELULAR GALAXY A56 5G 12RAM 256GB VERDE,1999.0,1999.0,RRJ ELECTRONICS,True,https://www.plazavea.com.pe/celular-galaxy-a56-5g-12ram-256gb-verde-101989114/p
PlazaVea,Smartphones,XIAOMI,Xiaomi Poco F8 Ultra 16Gb Ram 512Gb Rom Negro con Mica Hidrogel REGISTRADO,4999.0,3349.0,M&M CELULARES,True,https://www.plazavea.com.pe/xiaomi-poco-f8-ultra-16gb-ram-512gb-rom-negro-con-mica-hidrogel-registrado-101989100/p
PlazaVea,Smartphones,XIAOMI,Xiaomi Poco F8 Ultra 16Gb Ram 512Gb Rom Negro con Mica Hidrogel REGISTRADO,4999.0,3349.0,TECH HUB,True,https://www.plazavea.com.pe/xiaomi-poco-f8-ultra-16gb-ram-512gb-rom-negro-con-mica-hidrogel-registrado-101989085/p
PlazaVea,Smartphones,HONOR,Honor X5C 4RAM 64GB Plata,599.0,479.0,F MOBILE TECH,True,https://www.plazavea.com.pe/honor-x5c-4ram-64gb-plata-101988868/p
PlazaVea,Smartphones,SAMSUNG,CELULAR GALAXY A56 5G 12RAM 256GB ROSADO,1999.0,1999.0,RRJ ELECTRONICS,True,https://www.plazavea.com.pe/celular-galaxy-a56-5g-12ram-256gb-rosado-101988857/p
PlazaVea,Smartphones,APPLE,Celular 5G Apple iPhone 17 256GB 8GB 48MP Mist Blue,5419.0,3449.0,CARSA,True,https://www.plazavea.com.pe/celular-5g-apple-iphone-17-256gb-8gb-48mp-mist-blue-101988849/p
PlazaVea,Smartphones,APPLE,Celular 5G Apple iPhone 17 Pro 256GB 8GB 48MP Cosmic Orange,7939.0,4949.0,CARSA,True,https://www.plazavea.com.pe/celular-5g-apple-iphone-17-pro-256gb-8gb-48mp-cosmic-orange-101988844/p
PlazaVea,Smartphones,APPLE,Celular 5G Apple iPhone 17 Pro 256GB 8GB 48MP Silver,6999.0,4949.0,CARSA,True,https://www.plazavea.com.pe/celular-5g-apple-iphone-17-pro-256gb-8gb-48mp-silver-101988843/p
PlazaVea,Smartphones,XIAOMI,Celular 4G Redmi Note 15 256GB 8GB RAM Azul Glaciar,1239.0,849.0,CARSA,True,https://www.plazavea.com.pe/celular-4g-redmi-note-15-256gb-8gb-ram-azul-glaciar-101988840/p
PlazaVea,Smartphones,HONOR,Xiaomi Redmi 15C 4RAM 128GB Negro,789.0,599.0,F MOBILE TECH,True,https://www.plazavea.com.pe/xiaomi-redmi-15c-4ram-128gb-negro-101988829/p
PlazaVea,Smartphones,HONOR,Samsung Galaxy A07 4RAM 128GB Black,699.0,559.0,F MOBILE TECH,True,https://www.plazavea.com.pe/samsung-galaxy-a07-4ram-128gb-black-101988828/p
PlazaVea,Smartphones,HONOR,Honor X5C 4RAM 128GB Plata,689.0,519.0,F MOBILE TECH,True,https://www.plazavea.com.pe/honor-x5c-4ram-128gb-plata-101988827/p
PlazaVea,Smartphones,HONOR,Honor X7D 8RAM 256GB Azul,1259.0,969.0,F MOBILE TECH,True,https://www.plazavea.com.pe/honor-x7d-8ram-256gb-azul-101988487/p
PlazaVea,Smartphones,SAMSUNG,CELULAR GALAXY A17 4G 8RAM 256GB,1099.0,919.0,RRJ ELECTRONICS,True,https://www.plazavea.com.pe/celular-galaxy-a17-4g-8ram-256gb-101988485/p
PlazaVea,Smartphones,SAMSUNG,CELULAR SAMSUNG GALAXY A07 4RAM 128GB,739.0,739.0,RRJ ELECTRONICS,True,https://www.plazavea.com.pe/celular-samsung-galaxy-a07-4ram-128gb-101988329/p
PlazaVea,Smartphones,SAMSUNG,CELULAR SAMSUNG A06 4RAM 64GB,699.0,699.0,RRJ ELECTRONICS,True,https://www.plazavea.com.pe/celular-samsung-a06-4ram-64gb-101988319/p
PlazaVea,Smartphones,XIAOMI,Xiaomi REDMI A7 Pro 128GB 4GB Negro,586.0,488.0,CELULARESPERUSMARTSAC,True,https://www.plazavea.com.pe/xiaomi-redmi-a7-pro-128gb-4gb-negro-101987896/p
PlazaVea,Smartphones,HONOR,Honor Magic 7 Lite 512GB 8GB Jade Cyan,1643.0,1521.0,CELULARESPERUSMARTSAC,True,https://www.plazavea.com.pe/honor-magic-7-lite-512gb-8gb-jade-cyan-101987895/p
PlazaVea,Smartphones,HONOR,Honor X9D 256GB 8GB Dorado,1513.0,1401.0,CELULARESPERUSMARTSAC,True,https://www.plazavea.com.pe/honor-x9d-256gb-8gb-dorado-101987894/p
PlazaVea,Smartphones,XIAOMI,Xiaomi REDMI A7 Pro 64GB 4GB Black,476.0,397.0,CELULARESPERUSMARTSAC,True,https://www.plazavea.com.pe/xiaomi-redmi-a7-pro-64gb-4gb-black-101987891/p
PlazaVea,Smartphones,XIAOMI,Xiaomi REDMI A7 Pro 128GB 4GB Mist Blue,625.0,521.0,CELULARESPERUSMARTSAC,True,https://www.plazavea.com.pe/xiaomi-redmi-a7-pro-128gb-4gb-mist-blue-101987889/p
PlazaVea,Smartphones,XIAOMI,Xiaomi REDMI A7 Pro 64GB 4GB Verde Palmera,529.0,441.0,CELULARESPERUSMARTSAC,True,https://www.plazavea.com.pe/xiaomi-redmi-a7-pro-64gb-4gb-verde-palmera-101987878/p
PlazaVea,Smartphones,XIAOMI,Xiaomi REDMI A7 Pro 64GB 4GB Azul Bruma,534.0,445.0,CELULARESPERUSMARTSAC,True,https://www.plazavea.com.pe/xiaomi-redmi-a7-pro-64gb-4gb-azul-bruma-101987877/p
PlazaVea,Smartphones,SAMSUNG,SAMSUNG GALAXY S26 ULTRA 256GB 12GB - CELESTE,5099.0,3749.0,Fox Móviles SAC,True,https://www.plazavea.com.pe/samsung-galaxy-s26-ultra-256gb-12gb-celeste-101987827/p
PlazaVea,Smartphones,SAMSUNG,SAMSUNG GALAXY S26 ULTRA 256GB 12GB - NEGRO,5099.0,3749.0,Fox Móviles SAC,True,https://www.plazavea.com.pe/samsung-galaxy-s26-ultra-256gb-12gb-negro-101987812/p
PlazaVea,Smartphones,HONOR,Honor Magic 8 Pro 5G 12Gb Ram Negro 512Gb Rom con Mica Hidrogel,5999.0,4749.0,TECH HUB,True,https://www.plazavea.com.pe/honor-magic-8-pro-5g-12gb-ram-negro-512gb-rom-con-mica-hidrogel-registrado-101987802/p
PlazaVea,Smartphones,SAMSUNG,SAMSUNG GALAXY S26 ULTRA 256GB 12GB - VIOLETA,5099.0,4969.0,Fox Móviles SAC,True,https://www.plazavea.com.pe/samsung-galaxy-s26-ultra-256gb-12gb-violeta-101987789/p
PlazaVea,Smartphones,SAMSUNG,SAMSUNG GALAXY S26 ULTRA 256GB 12GB - BLANCO,5099.0,3749.0,Fox Móviles SAC,True,https://www.plazavea.com.pe/samsung-galaxy-s26-ultra-256gb-12gb-blanco-101987769/p
PlazaVea,Smartphones,XIAOMI,Xiaomi Redmi Note 15 Pro Plus 5G 12Gb Ram 512Gb Rom Black Registrado,2999.0,1795.0,M&M CELULARES,True,https://www.plazavea.com.pe/xiaomi-redmi-note-15-pro-plus-5g-12gb-ram-512gb-rom-moca-brown-registrado-101987628/p
PlazaVea,Smartphones,HONOR,Honor Magic 8 Pro 5G 12Gb Ram Negro 512Gb Rom con Mica Hidrogel,5999.0,4749.0,M&M CELULARES,True,https://www.plazavea.com.pe/honor-magic-8-pro-5g-12gb-ram-negro-512gb-rom-con-mica-hidrogel-registrado-101987622/p
PlazaVea,Smartphones,XIAOMI,Poco X8 Pro Telefono Inteligente Alto Rendimiento,2899.0,2289.0,THAIS HOGAR Y TECNOLOGIA,True,https://www.plazavea.com.pe/poco-x8-pro-telefono-inteligente-alto-rendimiento-101987131/p
PlazaVea,Smartphones,HONOR,Honor X8d 256GB 8GB Grey,1197.0,1108.0,CELULARESPERUSMARTSAC,True,https://www.plazavea.com.pe/honor-x8d-256gb-8gb-grey-101985096/p
PlazaVea,Smartphones,HONOR,Honor Play 10 128GB 4GB Negro,559.0,466.0,CELULARESPERUSMARTSAC,True,https://www.plazavea.com.pe/honor-play-10-128gb-4gb-negro-101985044/p
PlazaVea,Smartphones,APPLE,Apple iPhone 17 Pro Max 256GB eSIM - Deep Blue,8599.0,5599.0,GRUPO LINEA HOGAR,True,https://www.plazavea.com.pe/apple-iphone-17-pro-max-256gb-esim-deep-blue-101984723/p
PlazaVea,Smartphones,SAMSUNG,Celular Samsung Galaxy A35 5G Negro 128GB 6GB RAM Negro Negro,1899.0,1299.0,ELECTROSHOP LV,True,https://www.plazavea.com.pe/celular-samsung-galaxy-a35-5g-negro-128gb-6gb-ram-negro-101984704/p
PlazaVea,Smartphones,APPLE,Apple iPhone 17 Pro Max 256GB eSIM - Silver,8799.0,5599.0,GRUPO LINEA HOGAR,True,https://www.plazavea.com.pe/apple-iphone-17-pro-max-256gb-esim-silver-101984648/p
PlazaVea,Smartphones,APPLE,IPHONE 14 CHIP FÍSICO 128GB AMARILLO,2907.19,2907.19,AKANA TECHNOLOGY,True,https://www.plazavea.com.pe/iphone-14-chip-fisico-128gb-amarillo-101984325/p
PlazaVea,Smartphones,SAMSUNG,Samsung Galaxy S25 Ultra 512GB 12GB RAM Titanium Gris,6800.0,3199.0,MAXICOMPRA,True,https://www.plazavea.com.pe/samsung-galaxy-s25-ultra-512gb-12gb-ram-titanium-gris-101984324/p
PlazaVea,Smartphones,APPLE,iPhone 13 CHIP FÍSICO 128GB Midnight,2796.19,2796.19,AKANA TECHNOLOGY,True,https://www.plazavea.com.pe/iphone-13-chip-fisico-128gb-midnight-101984300/p
PlazaVea,Smartphones,SAMSUNG,Samsung Galaxy S25 Ultra 512GB 12GB RAM Titanium Negro,6800.0,3199.0,MAXICOMPRA,True,https://www.plazavea.com.pe/samsung-galaxy-s25-ultra-512gb-12gb-ram-titanium-negro-101984295/p
PlazaVea,Smartphones,APPLE,iPhone 15 CHIP FÍSICO 128GB 6GB Azul,3428.89,3428.89,AKANA TECHNOLOGY,True,https://www.plazavea.com.pe/iphone-15-chip-fisico-128gb-6gb-azul-101984283/p
PlazaVea,Smartphones,APPLE,CEL000017,5650.0,3299.0,KPDM Express,True,https://www.plazavea.com.pe/iphone-15-pro-128gb-titanio-negro-reacondicionado-grado-a-101984206/p
PlazaVea,Smartphones,APPLE,CEL000010,4700.0,2799.0,KPDM Express,True,https://www.plazavea.com.pe/iphone-14-pro-128gb-morado-oscuro-reacondicionado-grado-a-101984146/p
PlazaVea,Smartphones,APPLE,CEL000016,5150.0,3099.0,KPDM Express,True,https://www.plazavea.com.pe/iphone-14-pro-max-128gb-morado-oscuro-reacondicionado-grado-a-101984128/p
PlazaVea,Smartphones,APPLE,CEL000023,4150.0,2499.0,KPDM Express,True,https://www.plazavea.com.pe/iphone-13-pro-128gb-grafito-reacondicionado-grado-a-101984106/p
PlazaVea,Smartphones,XIAOMI,Poco X8 Pro Telefono Inteligente Alto Rendimiento,2899.0,2299.0,MEGA IMPORTACIONES SAC,True,https://www.plazavea.com.pe/poco-x8-pro-telefono-inteligente-alto-rendimiento-101984042/p
PlazaVea,Smartphones,XIAOMI,Smartphone Poco X8 Pro Pantalla Fluida y Potente,2899.0,2249.0,MULTI OFERTAS PILLACA'S S.A.C,True,https://www.plazavea.com.pe/smartphone-poco-x8-pro-pantalla-fluida-y-potente-101984036/p
PlazaVea,Smartphones,XIAOMI,Smartphone Poco X8 Pro Alto Rendimiento,2899.0,2199.0,QUEVEDO IMPORTACIONES,True,https://www.plazavea.com.pe/smartphone-poco-x8-pro-alto-rendimiento-101984023/p
PlazaVea,Smartphones,XIAOMI,Celular Poco X8 Pro Gran Desempeno y Velocidad,2899.0,2299.0,MUNDO ELECTRONICO,True,https://www.plazavea.com.pe/celular-poco-x8-pro-gran-desempeno-y-velocidad-101984016/p
PlazaVea,Smartphones,APPLE,CEL000027,3150.0,1899.0,KPDM Express,True,https://www.plazavea.com.pe/iphone-12-pro-256gb-azul-pacifico-reacondicionado-grado-a-101983936/p
PlazaVea,Smartphones,MOTOROLA,Motorola Moto G77 256GB 8GB Esmeralda,1091.0,1010.0,CELULARESPERUSMARTSAC,True,https://www.plazavea.com.pe/motorola-moto-g77-256gb-8gb-esmeralda-101983590/p
PlazaVea,Smartphones,MOTOROLA,Motorola Moto G77 256GB 8GB Cafe,1137.0,1053.0,CELULARESPERUSMARTSAC,True,https://www.plazavea.com.pe/motorola-moto-g77-256gb-8gb-cafe-101983417/p
PlazaVea,Smartphones,MOTOROLA,Motorola G06 256GB 4GB Azul,612.0,510.0,CELULARESPERUSMARTSAC,True,https://www.plazavea.com.pe/motorola-g06-256gb-4gb-azul-101983396/p
PlazaVea,Smartphones,APPLE,Iphone 17 Pro Max 256GB Edición ESIM Azul,9999.0,5899.0,MEGACEL PERU,True,https://www.plazavea.com.pe/iphone-17-pro-max-256gb-edicion-esim-azul-101982574/p
PlazaVea,Smartphones,APPLE,CEL000008,3000.0,1699.0,KPDM Express,True,https://www.plazavea.com.pe/iphone-12-pro-128gb-grafito-reacondicionado-grado-a-101982547/p
PlazaVea,Smartphones,APPLE,iPhone 16 Pro eSIM 256GB 8GB Titanio OPEN BOX,3994.89,3994.89,AKANA TECHNOLOGY,True,https://www.plazavea.com.pe/iphone-16-pro-esim-256gb-8gb-titanio-open-box-101981269/p
PlazaVea,Smartphones,XIAOMI,CELULAR REDMI NOTE 15 4G 8RAM-256GB,1099.0,815.0,EXCLUSIVA OFICIAL,True,https://www.plazavea.com.pe/celular-redmi-note-15-4g-8ram-256gb-101981267/p
PlazaVea,Smartphones,XIAOMI,Celular Redmi Note 15 Pro Plus 5G 12ram-512gb,2999.0,1739.0,EXCLUSIVA OFICIAL,True,https://www.plazavea.com.pe/redmi-note-15-pro-plus-5g-101981218/p
PlazaVea,Smartphones,HONOR,HONOR X8D 4G 8RAM 256GB - NEGRO,1399.0,919.0,Marketcell,True,https://www.plazavea.com.pe/honor-x8d-4g-8ram-256gb-negro-101981155/p
PlazaVea,Smartphones,HONOR,HONOR X8D 4G 8RAM 256GB - GRIS,1399.0,979.0,Marketcell,True,https://www.plazavea.com.pe/honor-x8d-4g-8ram-256gb-gris-101980983/p
PlazaVea,Smartphones,HONOR,HONOR X8D 4G 8RAM 256GB - AZUL,1399.0,999.0,Marketcell,True,https://www.plazavea.com.pe/honor-x8d-4g-8ram-256gb-azul-101980973/p
PlazaVea,Smartphones,XIAOMI,Xiaomi Redmi Note 15 Pro Plus 5G 512GB 12GB Negro,2229.0,2064.0,CELULARESPERUSMARTSAC,True,https://www.plazavea.com.pe/xiaomi-redmi-note-15-pro-plus-5g-512gb-12gb-negro-101979075/p
PlazaVea,Smartphones,HONOR,Honor X9D 256GB 8GB Negro,1537.0,1423.0,CELULARESPERUSMARTSAC,True,https://www.plazavea.com.pe/honor-x9d-256gb-8gb-negro-101978981/p
PlazaVea,Smartphones,HONOR,Honor Magic 8 Lite 512GB 8GB Verde,1819.0,1684.0,CELULARESPERUSMARTSAC,True,https://www.plazavea.com.pe/honor-magic-8-lite-512gb-8gb-verde-101978950/p
PlazaVea,Smartphones,HONOR,Honor Magic 8 Lite 512GB 8GB Dorado,1725.0,1597.0,CELULARESPERUSMARTSAC,True,https://www.plazavea.com.pe/honor-magic-8-lite-512gb-8gb-dorado-101978921/p
PlazaVea,Smartphones,XIAOMI,Celular Redmi Note 15 PRO 4G,1349.0,1019.0,EXCLUSIVA OFICIAL,True,https://www.plazavea.com.pe/redmi-note-15-pro-4g-101978683/p
PlazaVea,Smartphones,XIAOMI,CELULAR XIAOMI REDMI NOTE 15 PRO 4G 8GB RAM 256GB ROM COLOR BLACK,1999.0,1064.9,GRUPO LINEA HOGAR,True,https://www.plazavea.com.pe/celular-xiaomi-redmi-note-15-pro-4g-8gb-ram-256gb-rom-color-black-101977688/p
PlazaVea,Smartphones,SAMSUNG,Samsung Galaxy A16 4RAM 128GB Negro,799.0,589.0,F MOBILE TECH,True,https://www.plazavea.com.pe/samsung-galaxy-a16-4ram-128gb-negro-101977558/p
PlazaVea,Smartphones,SAMSUNG,SAMSUNG S26 ULTRA 12RAM 256GB CELESTE,5900.0,3569.0,Marketcell,True,https://www.plazavea.com.pe/samsung-s26-ultra-12ram-256gb-celeste-101974450/p
PlazaVea,Smartphones,SAMSUNG,SAMSUNG S26 ULTRA 12RAM 256GB LILA,5900.0,3569.0,Marketcell,True,https://www.plazavea.com.pe/samsung-s26-ultra-12ram-256gb-lila-101974449/p
PlazaVea,Smartphones,XIAOMI,"Smartphone XIAOMI Redmi A7 PRO 6.9"" 4GB 128GB 13MP Azul",549.0,449.0,Plaza Vea,True,https://www.plazavea.com.pe/smartphone-xiaomi-redmi-a7-pro-6-9--4gb-128gb-13mp-azul-20585395/p
PlazaVea,Smartphones,XIAOMI,"Smartphone XIAOMI Redmi A7 PRO 6.9"" 4GB 128GB 13MP Negro",549.0,449.0,Plaza Vea,True,https://www.plazavea.com.pe/smartphone-xiaomi-redmi-a7-pro-6-9--4gb-128gb-13mp-negro-20585403/p
PlazaVea,Smartphones,HONOR,Honor X8d 256GB 8GB Ram Negro,1799.0,1089.0,INFOTECSHOP,True,https://www.plazavea.com.pe/honor-x8d-256gb-8gb-ram-negro-101971674/p
PlazaVea,Smartphones,HONOR,Honor X7d 256GB 8GB Ram Negro,1499.0,869.0,INFOTECSHOP,True,https://www.plazavea.com.pe/honor-x7d-256gb-8gb-ram-negro-101971359/p
PlazaVea,Smartphones,SAMSUNG,Samsung Galaxy S26 ULTRA 12GB RAM 512GB Negro,6808.9,6808.9,AKANA TECHNOLOGY,True,https://www.plazavea.com.pe/samsung-galaxy-s26-ultra-12gb-ram-512gb-negro-101969763/p
PlazaVea,Smartphones,SAMSUNG,Samsung Galaxy S25 ULTRA 12GB RAM 512GB Negro,4828.9,4828.9,AKANA TECHNOLOGY,True,https://www.plazavea.com.pe/samsung-galaxy-s25-ultra-12gb-ram-512gb-negro-101969758/p
PlazaVea,Smartphones,SAMSUNG,Samsung Galaxy S25 FE 8GB RAM 256GB Negro,3070.0,3070.0,AKANA TECHNOLOGY,True,https://www.plazavea.com.pe/samsung-galaxy-s25-fe-8gb-ram-256gb-negro-101969757/p
PlazaVea,Smartphones,SAMSUNG,Samsung Galaxy S23 FE 8GB RAM 128GB Negro,2078.9,2078.9,AKANA TECHNOLOGY,True,https://www.plazavea.com.pe/samsung-galaxy-s23-fe-8gb-ram-128gb-negro-101969749/p
PlazaVea,Smartphones,SAMSUNG,Celular SAMSUNG Galaxy S26 Ultra 5G 12GB 512GB Violeta,9999.0,4369.0,MEGACEL PERU,True,https://www.plazavea.com.pe/celular-samsung-galaxy-s26-ultra-5g-12gb-512gb-violeta-101969724/p
PlazaVea,Smartphones,SAMSUNG,Celular SAMSUNG Galaxy S26 Ultra 5G 12GB 512GB Blanco,9999.0,4369.0,MEGACEL PERU,True,https://www.plazavea.com.pe/celular-samsung-galaxy-s26-ultra-5g-12gb-512gb-blanco-101969720/p
PlazaVea,Smartphones,SAMSUNG,Celular SAMSUNG Galaxy S26 Ultra 5G 12GB 512GB Negro,9999.0,4369.0,MEGACEL PERU,True,https://www.plazavea.com.pe/celular-samsung-galaxy-s26-ultra-5g-12gb-512gb-negro-101969717/p
PlazaVea,Smartphones,SAMSUNG,Celular SAMSUNG Galaxy S26 Ultra 5G 12GB 512GB Violeta,9999.0,4579.0,GI ALPACA PERU,True,https://www.plazavea.com.pe/celular-samsung-galaxy-s26-ultra-5g-12gb-512gb-violeta-101969577/p
PlazaVea,Smartphones,SAMSUNG,Celular SAMSUNG Galaxy S26 Ultra 5G 12GB 512GB Negro,9999.0,4579.0,GI ALPACA PERU,True,https://www.plazavea.com.pe/celular-samsung-galaxy-s26-ultra-5g-12gb-512gb-negro-101969572/p
PlazaVea,Smartphones,XIAOMI,Celular 5G Redmi Note 15 Pro mas 512GB 12GB RAM Negro,2679.0,1639.0,CARSA,True,https://www.plazavea.com.pe/celular-5g-redmi-note-15-pro-mas-512gb-12gb-ram-negro-101968919/p
PlazaVea,Smartphones,SAMSUNG,SAMSUNG GALAXY S26 ULTRA 12RAM 512GB NEGRO,9000.0,4729.0,MAXICOMPRA,True,https://www.plazavea.com.pe/samsung-galaxy-s26-ultra-12ram-512gb-negro-101968872/p
PlazaVea,Smartphones,SAMSUNG,Samsung Galaxy S25 ULTRA 5G 1TB 12GB - Gris,5599.0,4299.0,ROCICELL CELULARES,True,https://www.plazavea.com.pe/samsung-galaxy-s25-ultra-5g-1tb-12gb-gris-101968866/p
PlazaVea,Smartphones,APPLE,iPhone 17 Pro 256gb ESIM- Cosmic Orange,6399.0,4499.0,ROCICELL CELULARES,True,https://www.plazavea.com.pe/iphone-17-pro-256gb-esim-cosmic-orange-101968535/p
PlazaVea,Smartphones,SAMSUNG,Samsung Galaxy S25 ULTRA 5G 1TB 12GB - Azul,6899.0,4299.0,ROCICELL CELULARES,True,https://www.plazavea.com.pe/samsung-galaxy-s25-ultra-5g-1tb-12gb-azul-101968323/p
PlazaVea,Smartphones,APPLE,iPhone 17 Pro 256gb ESIM- SILVER,6399.0,4519.0,ROCICELL CELULARES,True,https://www.plazavea.com.pe/iphone-17-pro-256gb-esim-silver-101968294/p
PlazaVea,Smartphones,APPLE,iPhone 17 Pro 256gb ESIM- Deep Blue,6399.0,4519.0,ROCICELL CELULARES,True,https://www.plazavea.com.pe/iphone-17-pro-256gb-esim-deep-blue-101968154/p
PlazaVea,Smartphones,APPLE,REACONDICIONADO iPhone 15 Pro 256gb I Grado B I color Azul ESIM,3899.0,3241.0,Lolotec,True,https://www.plazavea.com.pe/reacondicionado-iphone-15-pro-256gb-i-grado-a-i-color-azul-esim-101968152/p
PlazaVea,Smartphones,APPLE,IPHONE 17 CHIP FISICO 256GB - Azul,4999.0,3719.0,ROCICELL CELULARES,True,https://www.plazavea.com.pe/iphone-17-chip-fisico-256gb-azul-101966618/p
PlazaVea,Smartphones,MOTOROLA,Motorola G86 256GB 8GB Cereza,1219.0,1129.0,CELULARESPERUSMARTSAC,True,https://www.plazavea.com.pe/motorola-g86-256gb-8gb-cereza-101966319/p
PlazaVea,Smartphones,APPLE,iPhone 17 Pro C-CHIP 256GB 12GB Silver,6173.0,5716.0,CELULARESPERUSMARTSAC,True,https://www.plazavea.com.pe/iphone-17-pro-c-chip-256gb-12gb-silver-101966308/p
PlazaVea,Smartphones,APPLE,iPhone 17 Pro Max 512gb ESIM - Deep Blue,7899.0,5859.0,ROCICELL CELULARES,True,https://www.plazavea.com.pe/iphone-17-pro-max-512gb-esim-deep-blue-101966291/p
PlazaVea,Smartphones,SAMSUNG,Samsung Galaxy S26 ULTRA 256GB 12GB Black,5751.0,5325.0,CELULARESPERUSMARTSAC,True,https://www.plazavea.com.pe/samsung-galaxy-s26-ultra-256gb-12gb-black-101966226/p
PlazaVea,Smartphones,SAMSUNG,iPhone 17 Pro Max 256gb CHIP FISICO - Cosmic Orange,7599.0,5529.0,ROCICELL CELULARES,True,https://www.plazavea.com.pe/iphone-17-pro-max-256gb-chip-fisico-cosmic-orange-101966219/p
PlazaVea,Smartphones,APPLE,iPhone 17 Pro Max 512gb CHIP FISICO - Silver,8699.0,6579.0,ROCICELL CELULARES,True,https://www.plazavea.com.pe/iphone-17-pro-max-512gb-chip-fisico-silver-101966214/p
PlazaVea,Smartphones,APPLE,IPHONE 17 PRO 256GB CHIP FISICO - NARANJA,6599.0,5169.0,ROCICELL CELULARES,True,https://www.plazavea.com.pe/iphone-17-pro-256gb-chip-fisico-naranja-101965832/p
PlazaVea,Smartphones,SAMSUNG,SAMSUNG GALAXY S26 ULTRA 512GB 12GB - BLANCO,6899.0,4249.0,ROCICELL CELULARES,True,https://www.plazavea.com.pe/samsung-galaxy-s26-ultra-512gb-12gb-blanco-101965828/p
PlazaVea,Smartphones,SAMSUNG,SAMSUNG GALAXY S26 ULTRA 512GB 12GB - NEGRO,6899.0,4249.0,ROCICELL CELULARES,True,https://www.plazavea.com.pe/samsung-galaxy-s26-ultra-512gb-12gb-negro-101965822/p
PlazaVea,Smartphones,SAMSUNG,SAMSUNG GALAXY S26 ULTRA 512GB 12GB - CELESTE,6899.0,4249.0,ROCICELL CELULARES,True,https://www.plazavea.com.pe/samsung-galaxy-s26-ultra-512gb-12gb-celeste-101965812/p
PlazaVea,Smartphones,SAMSUNG,SAMSUNG GALAXY S26 ULTRA 512GB 12GB - VIOLETA,6899.0,4399.0,ROCICELL CELULARES,True,https://www.plazavea.com.pe/samsung-galaxy-s26-ultra-512gb-12gb-violeta-101965769/p
PlazaVea,Smartphones,SAMSUNG,Samsung Galaxy A06 64gb 4gb Ram Black,889.0,399.0,Telcelperu,True,https://www.plazavea.com.pe/samsung-galaxy-a06-64gb-4gb-ram-black-101964778/p
PlazaVea,Smartphones,SAMSUNG,Celular SAMSUNG Galaxy S26 Ultra 5G 12GB 512GB Sky Blue,9999.0,4579.0,GI ALPACA PERU,True,https://www.plazavea.com.pe/celular-samsung-galaxy-s26-ultra-5g-12gb-512gb-sky-blue-101964276/p
PlazaVea,Smartphones,SAMSUNG,Celular SAMSUNG Galaxy S26 Ultra 5G 12GB 256GB Negro,9999.0,4009.0,MEGACEL PERU,True,https://www.plazavea.com.pe/celular-samsung-galaxy-s26-ultra-5g-12gb-256gb-negro-101964235/p
PlazaVea,Smartphones,SAMSUNG,Celular SAMSUNG Galaxy S26 Ultra 5G 12GB 512GB Sky Blue,9999.0,4369.0,MEGACEL PERU,True,https://www.plazavea.com.pe/celular-samsung-galaxy-s26-ultra-5g-12gb-512gb-sky-blue-101964199/p
PlazaVea,Smartphones,APPLE,IPHONE 17 PRO 256GB CHIP FISICO - NARANJA,6499.0,5179.0,Fox Móviles SAC,True,https://www.plazavea.com.pe/iphone-17-pro-256gb-chip-fisico-naranja-101964155/p
PlazaVea,Smartphones,SAMSUNG,SAMSUNG GALAXY S26 ULTRA 512GB 12GB - BLANCO,6499.0,4399.0,Fox Móviles SAC,True,https://www.plazavea.com.pe/samsung-galaxy-s26-ultra-512gb-12gb-blanco-101963596/p
PlazaVea,Smartphones,SAMSUNG,SAMSUNG GALAXY S26 ULTRA 512GB 12GB - NEGRO,6499.0,4399.0,Fox Móviles SAC,True,https://www.plazavea.com.pe/samsung-galaxy-s26-ultra-512gb-12gb-negro-101963582/p
PlazaVea,Smartphones,SAMSUNG,SAMSUNG GALAXY S26 ULTRA 512GB 12GB - CELESTE,6499.0,4399.0,Fox Móviles SAC,True,https://www.plazavea.com.pe/samsung-galaxy-s26-ultra-512gb-12gb-celeste-101963542/p
PlazaVea,Smartphones,HONOR,"Smartphone HONOR X8D  6.78"" 8GB 256GB 108MP+5MP Velvet Grey",1149.0,949.0,Plaza Vea,True,https://www.plazavea.com.pe/smartphone-honor-x8d6-78--8gb-256gb-108mp5mp-velvet-grey-20571421/p
PlazaVea,Smartphones,HONOR,"Smartphone HONOR X8D 6.78"" 8GB 256GB 108MP+5MP Velvet Black",1149.0,949.0,Plaza Vea,True,https://www.plazavea.com.pe/smartphone-honor-x8d-6-78--8gb-256gb-108mp5mp-velvet-black-20571412/p
PlazaVea,Smartphones,HONOR,"Smartphone HONOR X8D 6.78"" 8GB 256GB 108MP+5MP Light Blue",1149.0,949.0,Plaza Vea,True,https://www.plazavea.com.pe/smartphone-honor-x8d-6-78--8gb-256gb-108mp5mp-light-blue-20571417/p
PlazaVea,Smartphones,HONOR,Smartphone Honor Magic 8 Lite 512GB 8GB 5G Dorado,2099.0,2099.0,SanyPeru,True,https://www.plazavea.com.pe/smartphone-honor-magic-8-lite-512gb-8gb-5g-dorado-101959698/p
PlazaVea,Smartphones,HONOR,Smartphone Honor Magic 8 Lite 512GB 8GB Negro 5G,2099.0,2099.0,SanyPeru,True,https://www.plazavea.com.pe/smartphone-honor-magic-8-lite-512gb-8gb-negro-5g-101959682/p
PlazaVea,Smartphones,SAMSUNG,Samsung Galaxy S26 Ultra 256gb 12gb Cobalt Violet,6299.0,4499.0,Telcelperu,True,https://www.plazavea.com.pe/samsung-galaxy-s26-ultra-256gb-12gb-cobalt-violet-101959605/p
PlazaVea,Smartphones,SAMSUNG,Samsung Galaxy A07 128gb 4gb Ram Black,889.0,479.0,Telcelperu,True,https://www.plazavea.com.pe/samsung-galaxy-a07-128gb-4gb-ram-black-101959604/p
PlazaVea,Smartphones,SAMSUNG,Samsung Galaxy A07 128gb 4gb Ram Black,889.0,479.0,TelcelperuExpress,True,https://www.plazavea.com.pe/samsung-galaxy-a07-128gb-4gb-ram-black-101959507/p
PlazaVea,Smartphones,SAMSUNG,Samsung Galaxy A06 64gb 4gb Ram Black,889.0,399.0,TelcelperuExpress,True,https://www.plazavea.com.pe/samsung-galaxy-a06-64gb-4gb-ram-black-101959479/p
PlazaVea,Smartphones,XIAOMI,Xiaomi Redmi Note 15 Pro Plus 5g 512gb 12gb Ram Black,2499.0,1799.0,Telcelperu,True,https://www.plazavea.com.pe/xiaomi-redmi-note-15-pro-plus-5g-512gb-12gb-ram-black-101959216/p
PlazaVea,Smartphones,SAMSUNG,Samsung Galaxy A07 128gb 4gb Ram Black,889.0,889.0,Moviles Eirl,True,https://www.plazavea.com.pe/samsung-galaxy-a07-128gb-4gb-ram-black-101959197/p
PlazaVea,Smartphones,XIAOMI,Xiaomi Redmi Note 15 Pro Plus 5g 512gb 12gb Ram Black,2499.0,2499.0,Moviles Eirl,True,https://www.plazavea.com.pe/xiaomi-redmi-note-15-pro-plus-5g-512gb-12gb-ram-black-101959116/p
PlazaVea,Smartphones,SAMSUNG,Samsung Galaxy S26 Ultra 256gb 12gb Cobalt Violet,6299.0,5489.0,TelcelperuExpress,True,https://www.plazavea.com.pe/samsung-galaxy-s26-ultra-256gb-12gb-cobalt-violet-101958996/p
PlazaVea,Smartphones,SAMSUNG,CELULAR SAMSUNG GALAXY S26 512GB | SKY BLUE,5749.0,4999.0,COMPRAFACIL USA,True,https://www.plazavea.com.pe/celular-samsung-galaxy-s26-512gb-sky-blue-101956132/p
PlazaVea,Smartphones,XIAOMI,Xiaomi REDMI NOTE 15 4G 256GB 8GB Azul,1091.0,1010.0,CELULARESPERUSMARTSAC,True,https://www.plazavea.com.pe/xiaomi-redmi-note-15-4g-256gb-8gb-azul-101956130/p
PlazaVea,Smartphones,XIAOMI,Xiaomi REDMI NOTE 15 4G 128GB 6GB Negro,1016.0,847.0,CELULARESPERUSMARTSAC,True,https://www.plazavea.com.pe/xiaomi-redmi-note-15-4g-128gb-6gb-negro-101956127/p
PlazaVea,Smartphones,SAMSUNG,CELULAR SAMSUNG GALAXY S26 256GB | BLANCO,4829.0,4199.0,COMPRAFACIL USA,True,https://www.plazavea.com.pe/celular-samsung-galaxy-s26-256gb-|-blanco-101956121/p
PlazaVea,Smartphones,SAMSUNG,CELULAR SAMSUNG GALAXY S26+ 256GB | VIOLETA COBALTO,6439.0,4829.0,COMPRAFACIL USA,True,https://www.plazavea.com.pe/celular-samsung-galaxy-s26--256gb-|-violeta-cobalto-101956069/p
PlazaVea,Smartphones,SAMSUNG,CELULAR SAMSUNG GALAXY S26+ 256GB | BLANCO,6439.0,4829.0,COMPRAFACIL USA,True,https://www.plazavea.com.pe/celular-samsung-galaxy-s26-256gb-|-blanco-101956065/p
PlazaVea,Smartphones,SAMSUNG,CELULAR SAMSUNG GALAXY S26+ 512GB | SKY BLUE,6669.0,5799.0,COMPRAFACIL USA,True,https://www.plazavea.com.pe/celular-samsung-galaxy-s26-512gb-|-sky-blue-101956064/p
PlazaVea,Smartphones,SAMSUNG,CELULAR SAMSUNG GALAXY S26+ 256GB | NEGRO,6439.0,4829.0,COMPRAFACIL USA,True,https://www.plazavea.com.pe/celular-samsung-galaxy-s26-256gb-|-negro-101956061/p
PlazaVea,Smartphones,SAMSUNG,CELULAR SAMSUNG GALAXY S26+ 512GB | VIOLETA COBALTO,6669.0,5799.0,COMPRAFACIL USA,True,https://www.plazavea.com.pe/celular-samsung-galaxy-s26--512gb-|-violeta-cobalto-101956049/p
PlazaVea,Smartphones,SAMSUNG,CELULAR SAMSUNG GALAXY S26+ 512GB | NEGRO,6669.0,5799.0,COMPRAFACIL USA,True,https://www.plazavea.com.pe/celular-samsung-galaxy-s26-512gb-|-negro-101956031/p
PlazaVea,Smartphones,XIAOMI,Xiaomi REDMI NOTE 15 4G 256GB 8GB Negro,1121.0,934.0,CELULARESPERUSMARTSAC,True,https://www.plazavea.com.pe/xiaomi-redmi-note-15-4g-256gb-8gb-negro-101956018/p
PlazaVea,Smartphones,SAMSUNG,CELULAR SAMSUNG GALAXY S26+ 512GB | BLANCO,6669.0,5799.0,COMPRAFACIL USA,True,https://www.plazavea.com.pe/celular-samsung-galaxy-s26-512gb-|-blanco-101956013/p
PlazaVea,Smartphones,XIAOMI,Xiaomi REDMI NOTE 15 4G 128GB 6GB Morado,1003.0,836.0,CELULARESPERUSMARTSAC,True,https://www.plazavea.com.pe/xiaomi-redmi-note-15-4g-128gb-6gb-morado-101956008/p
PlazaVea,Smartphones,SAMSUNG,CELULAR SAMSUNG GALAXY S26 256GB | NEGRO,5549.0,4159.0,COMPRAFACIL USA,True,https://www.plazavea.com.pe/celular-samsung-galaxy-s26-256gb-|-negro-101956006/p
PlazaVea,Smartphones,SAMSUNG,CELULAR SAMSUNG GALAXY S26 512GB | BLANCO,5749.0,4999.0,COMPRAFACIL USA,True,https://www.plazavea.com.pe/celular-samsung-galaxy-s26-512gb-|-blanco-101956005/p
PlazaVea,Smartphones,SAMSUNG,CELULAR SAMSUNG GALAXY S26 256GB | SKY BLUE,4829.0,4199.0,COMPRAFACIL USA,True,https://www.plazavea.com.pe/celular-samsung-galaxy-s26-256gb-sky-blue-101955997/p
PlazaVea,Smartphones,SAMSUNG,CELULAR SAMSUNG GALAXY S26 256GB | VIOLETA COBALTO,4949.0,4299.0,COMPRAFACIL USA,True,https://www.plazavea.com.pe/celular-samsung-galaxy-s26-256gb-violeta-cobalto-101955969/p
PlazaVea,Smartphones,XIAOMI,Xiaomi REDMI NOTE 15 4G 256GB 8GB Morado,1172.0,977.0,CELULARESPERUSMARTSAC,True,https://www.plazavea.com.pe/xiaomi-redmi-note-15-4g-256gb-8gb-morado-101955945/p
PlazaVea,Smartphones,SAMSUNG,CELULAR SAMSUNG GALAXY S26 512GB | VIOLETA COBALTO,5749.0,4999.0,COMPRAFACIL USA,True,https://www.plazavea.com.pe/celular-samsung-galaxy-s26-512gb-violeta-cobalto-101955922/p
PlazaVea,Smartphones,SAMSUNG,CELULAR SAMSUNG GALAXY S26+ 256GB | SKY BLUE,6439.0,4829.0,COMPRAFACIL USA,True,https://www.plazavea.com.pe/celular-samsung-galaxy-s26-256gb-|-sky-blue-101955905/p
PlazaVea,Smartphones,XIAOMI,Xiaomi REDMI 15C 128GB 4GB Azul,599.0,499.0,CELULARESPERUSMARTSAC,True,https://www.plazavea.com.pe/xiaomi-redmi-15c-128gb-4gb-azul-101955809/p
PlazaVea,Smartphones,SAMSUNG,CELULAR SAMSUNG GALAXY S26 512GB | NEGRO,5749.0,4999.0,COMPRAFACIL USA,True,https://www.plazavea.com.pe/celular-samsung-galaxy-s26-512gb-|-negro-101955808/p
PlazaVea,Smartphones,SAMSUNG,CELULAR SAMSUNG GALAXY S26 ULTRA 512 GB 12GB RAM  NEGRO,6999.0,6999.0,ZYNC PERU,True,https://www.plazavea.com.pe/celular-samsung-galaxy-s26-ultra-negro-101955211/p
PlazaVea,Smartphones,SAMSUNG,Celular Samsung Galaxy S26 Ultra 512GB Cobalt Violet SM-S948BZVMLTP,6899.0,4999.0,oechsle,True,https://www.plazavea.com.pe/celular-samsung-galaxy-s26-ultra-512gb-cobalt-violet-sm-s948bzvmltp-101953352/p
PlazaVea,Smartphones,SAMSUNG,Celular Samsung Galaxy S26 Ultra 512GB Black SM-S948BZKMLTP,6899.0,4999.0,oechsle,True,https://www.plazavea.com.pe/celular-samsung-galaxy-s26-ultra-512gb-black-sm-s948bzkmltp-101953350/p
PlazaVea,Smartphones,SAMSUNG,Samsung Galaxy S26 Ultra  Potencia Innovación y Fotografía de Nivel Profesion,6979.9,6979.9,GRUPO LINEA HOGAR,True,https://www.plazavea.com.pe/samsung-galaxy-s26-ultra--potencia-innovacion-y-fotografia-de-nivel-profesion-101953331/p
PlazaVea,Smartphones,HONOR,Honor Magic 8 Lite 8RAM 256GB Verde,1869.0,1499.0,F MOBILE TECH,True,https://www.plazavea.com.pe/honor-magic-8-lite-8ram-256gb-verde-101953288/p
PlazaVea,Smartphones,REDMI,CELULAR REDMI NOTE 15 PRO 4G 8GB RAM 256GB GRIS TITANIO,1699.0,1179.0,SL TECNOLOGÍA SMART,True,https://www.plazavea.com.pe/celular-redmi-note-15-pro-4g-8gb-ram-256gb-gris-titanio-101953265/p
PlazaVea,Smartphones,HONOR,Honor Magic 8 Lite 8RAM 256GB Negro,1869.0,1499.0,F MOBILE TECH,True,https://www.plazavea.com.pe/honor-magic-8-lite-8ram-256gb-negro-101953236/p
PlazaVea,Smartphones,SAMSUNG,SAMSUNG GALAXY S26 ULTRA 12RAM 512GB NEGRO,5900.0,3849.0,Marketcell,True,https://www.plazavea.com.pe/samsung-galaxy-s26-ultra-negro-101951655/p
PlazaVea,Smartphones,HONOR,Celular Honor Play 10 4G 3GB 64GB Negro,719.0,439.0,GI ALPACA PERU,True,https://www.plazavea.com.pe/celular-honor-play-10-4g-3gb-64gb-negro-101951647/p
PlazaVea,Smartphones,SAMSUNG,Samsung Galaxy S26 Ultra 256gb 12gb Black,6299.0,4499.0,Telcelperu,True,https://www.plazavea.com.pe/samsung-galaxy-s26-ultra-256gb-12gb-black-101951627/p
PlazaVea,Smartphones,XIAOMI,Xiaomi Redmi Note 15 4g 128gb 6gb Ram Verde Bosque,1329.0,849.0,Telcelperu,True,https://www.plazavea.com.pe/xiaomi-redmi-note-15-4g-128gb-6gb-ram-verde-bosque-101951620/p
PlazaVea,Smartphones,XIAOMI,Xiaomi Redmi Note 15 4g 128gb 6gb Ram Purple,1329.0,849.0,Moviles Eirl,True,https://www.plazavea.com.pe/xiaomi-redmi-note-15-4g-128gb-6gb-ram-purple-101951601/p
PlazaVea,Smartphones,XIAOMI,Xiaomi Redmi Note 15 4g 128gb 6gb Ram Purple,1329.0,849.0,Telcelperu,True,https://www.plazavea.com.pe/xiaomi-redmi-note-15-4g-128gb-6gb-ram-purple-101951583/p
PlazaVea,Smartphones,HONOR,Celular Honor 400 5G 12GB 512GB Negro,2899.0,1999.0,GI ALPACA PERU,True,https://www.plazavea.com.pe/celular-honor-400-5g-12gb-512gb-negro-101951566/p
PlazaVea,Smartphones,XIAOMI,Xiaomi Redmi Note 15 Pro 4g 256gb 8gb Ram Gris Titanio,1729.0,1049.0,TelcelperuExpress,True,https://www.plazavea.com.pe/xiaomi-redmi-note-15-pro-4g-256gb-8gb-ram-gris-titanio-101951564/p
PlazaVea,Smartphones,XIAOMI,Xiaomi Redmi Note 15 4g 128gb 6gb Ram Purple,1329.0,849.0,TelcelperuExpress,True,https://www.plazavea.com.pe/xiaomi-redmi-note-15-4g-128gb-6gb-ram-purple-101951558/p
PlazaVea,Smartphones,SAMSUNG,Samsung Galaxy S26 Ultra 256gb 12gb Black,6299.0,4499.0,TelcelperuExpress,True,https://www.plazavea.com.pe/samsung-galaxy-s26-ultra-256gb-12gb-black-101951555/p
PlazaVea,Smartphones,XIAOMI,Xiaomi Redmi Note 15 Pro 4g 256gb 8gb Ram Gris Titanio,1729.0,1009.0,Telcelperu,True,https://www.plazavea.com.pe/xiaomi-redmi-note-15-pro-4g-256gb-8gb-ram-gris-titanio-101951554/p
PlazaVea,Smartphones,HONOR,Celular Honor 200 PRO 5G 12GB 512GB Negro,3099.0,2199.0,MEGACEL PERU,True,https://www.plazavea.com.pe/celular-honor-200-pro-5g-12gb-512gb-negro-101951543/p
PlazaVea,Smartphones,HONOR,Celular Honor 400 5G 12GB 512GB Negro,2899.0,1999.0,MEGACEL PERU,True,https://www.plazavea.com.pe/celular-honor-400-5g-12gb-512gb-negro-101951540/p
PlazaVea,Smartphones,HONOR,Celular Honor MAGIC 8 LITE 5G 8GB 256GB Verde,2299.0,1549.0,MEGACEL PERU,True,https://www.plazavea.com.pe/celular-honor-magic-8-lite-5g-8gb-256gb-verde-101951529/p
PlazaVea,Smartphones,SAMSUNG,SAMSUNG GALAXY S26 ULTRA 12RAM 512GB BLANCO,5900.0,3999.0,Marketcell,True,https://www.plazavea.com.pe/samsung-galaxy-s26-ultra-blanco-101951508/p
PlazaVea,Smartphones,APPLE,Iphone 17 Pro max 2TB ESIM - Silver,10049.0,8999.0,MANZANA MIA,True,https://www.plazavea.com.pe/iphone-17-pro-max-2tb-esim-orange-101951506/p
PlazaVea,Smartphones,HONOR,Celular Honor Play 10 4G 3GB 64GB Negro,719.0,439.0,MEGACEL PERU,True,https://www.plazavea.com.pe/celular-honor-play-10-4g-3gb-64gb-negro-101951501/p
PlazaVea,Smartphones,HONOR,Celular Honor MAGIC 8 LITE 5G 8GB 256GB Dorado,2299.0,1549.0,MEGACEL PERU,True,https://www.plazavea.com.pe/celular-honor-magic-8-lite-5g-8gb-256gb-dorado-101951499/p
PlazaVea,Smartphones,HONOR,Celular Honor MAGIC 8 LITE 5G 8GB 256GB Verde,2299.0,1549.0,GI ALPACA PERU,True,https://www.plazavea.com.pe/celular-honor-magic-8-lite-5g-8gb-256gb-verde-101951498/p
PlazaVea,Smartphones,APPLE,Iphone 17 Pro max 2TB ESIM - Cosmic Orange,10049.0,8999.0,MANZANA MIA,True,https://www.plazavea.com.pe/iphone-17-pro-max-2tb-esim-silver-101951494/p
PlazaVea,Smartphones,HONOR,Celular Honor MAGIC 8 LITE 5G 8GB 256GB Dorado,2299.0,1549.0,GI ALPACA PERU,True,https://www.plazavea.com.pe/celular-honor-magic-8-lite-5g-8gb-256gb-dorado-101951492/p
PlazaVea,Smartphones,APPLE,Iphone 17 Pro max  1TB ESIM - Silver,8499.0,7350.0,MANZANA MIA,True,https://www.plazavea.com.pe/iphone-17-pro-max-1tb-esim-silver-101951472/p
PlazaVea,Smartphones,SAMSUNG,SAMSUNG GALAXY S26 ULTRA 12RAM 512GB CELESTE,5900.0,3999.0,Marketcell,True,https://www.plazavea.com.pe/samsung-galaxy-s26-ultra-celeste-101951433/p
PlazaVea,Smartphones,XIAOMI,Xiaomi Redmi Note 15 Pro 4g 256gb 8gb Ram Gris Titanio,1729.0,1729.0,Moviles Eirl,True,https://www.plazavea.com.pe/xiaomi-redmi-note-15-pro-4g-256gb-8gb-ram-gris-titanio-101951343/p
PlazaVea,Smartphones,MOTOROLA,Celular Motorola Moto G06 4GB RAM 256GB - Azul,999.0,479.0,GRUPO LINEA HOGAR,True,https://www.plazavea.com.pe/smartphone-motorola-moto-g06-256gb-4gb-ram-pantalla-amplia-camara-avanzada-101948084/p
PlazaVea,Smartphones,XIAOMI,Xiaomi Redmi Note 15 4g 256gb 8gb Verde Bosque,1429.0,919.0,TelcelperuExpress,True,https://www.plazavea.com.pe/xiaomi-redmi-note-15-4g-256gb-8gb-verde-bosque-101947783/p
PlazaVea,Smartphones,APPLE,Iphone 17 Pro max 1TB ESIM - Cosmic Orange,8499.0,7350.0,MANZANA MIA,True,https://www.plazavea.com.pe/iphone-17-pro-max-1tb-esim-cosmic-orange-101946202/p
PlazaVea,Smartphones,APPLE,Iphone 17 Pro max 1TB ESIM - Deep Blue,8499.0,7350.0,MANZANA MIA,True,https://www.plazavea.com.pe/iphone-17-pro-max-1tb-esim-deep-blue-101946056/p
PlazaVea,Smartphones,APPLE,Iphone 17 Pro max 512GB ESIM - Silver,7799.0,7799.0,MANZANA MIA,True,https://www.plazavea.com.pe/iphone-17-pro-max-512gb-esim-silver-101946016/p
PlazaVea,Smartphones,APPLE,Iphone 17 Pro 256GB Edición ESIM Naranja Naranja,9499.0,5049.0,MEGACEL PERU,True,https://www.plazavea.com.pe/iphone-17-pro-256gb-edicion-esim-naranja-101944742/p
PlazaVea,Smartphones,APPLE,Iphone 17 Pro max 512GB ESIM - Deep Blue,7799.0,7799.0,MANZANA MIA,True,https://www.plazavea.com.pe/iphone-17-pro-max-512gb-esim-deep-blue-101944702/p
PlazaVea,Smartphones,APPLE,Iphone 17 Pro max 256GB ESIM - SILVER,6199.0,6199.0,MANZANA MIA,True,https://www.plazavea.com.pe/iphone-17-pro-max-256gb-esim-silver-101944674/p
PlazaVea,Smartphones,APPLE,Iphone 17 Pro max 512GB ESIM - Cosmic Orange,7799.0,7799.0,MANZANA MIA,True,https://www.plazavea.com.pe/iphone-17-pro-max-512gb-esim-cosmic-orange-101944673/p
PlazaVea,Smartphones,APPLE,Iphone 17 Pro max 256GB ESIM - Deep Blue,6199.0,6199.0,MANZANA MIA,True,https://www.plazavea.com.pe/iphone-17-pro-max-256gb-esim-deep-blue-101944626/p
PlazaVea,Smartphones,APPLE,Iphone 17 Pro max 256GB ESIM - Cosmic Orange,6199.0,6199.0,MANZANA MIA,True,https://www.plazavea.com.pe/iphone-17-pro-max-256gb-esim-cosmic-orange-101944614/p
PlazaVea,Smartphones,XIAOMI,Celular Xiaomi Redmi 15 8GB 256GB Negro Negro,1399.0,789.0,MEGACEL PERU,True,https://www.plazavea.com.pe/celular-xiaomi-redmi-15-8gb-256gb-negro-101944424/p
PlazaVea,Smartphones,XIAOMI,Celular Xiaomi Redmi 15 8GB 256GB Negro,1299.0,1299.0,GI ALPACA PERU,True,https://www.plazavea.com.pe/celular-xiaomi-redmi-15-8gb-256gb-negro-101944291/p
PlazaVea,Smartphones,XIAOMI,Celular Xiaomi Redmi Note 15 Pro 8GB 256GB Negro,1999.0,1099.0,GI ALPACA PERU,True,https://www.plazavea.com.pe/celular-xiaomi-redmi-note-15-pro-8gb-256gb-negro-101944290/p
PlazaVea,Smartphones,XIAOMI,Celular Xiaomi Redmi Note 15 4G 8GB 256GB Negro,1899.0,899.0,GI ALPACA PERU,True,https://www.plazavea.com.pe/celular-xiaomi-redmi-note-15-4g-8gb-256gb-negro-101944288/p
PlazaVea,Smartphones,XIAOMI,Celular Xiaomi Redmi 15C 4GB 128GB Negro,1099.0,539.0,GI ALPACA PERU,True,https://www.plazavea.com.pe/celular-xiaomi-redmi-15c-4gb-128gb-negro-101944280/p
PlazaVea,Smartphones,XIAOMI,Celular Xiaomi Redmi 15C 8GB 256GB Negro,1199.0,679.0,GI ALPACA PERU,True,https://www.plazavea.com.pe/celular-xiaomi-redmi-15c-8gb-256gb-negro-101944279/p
PlazaVea,Smartphones,XIAOMI,Celular Xiaomi Redmi Note 15 Pro 8GB 256GB Negro,1999.0,1149.0,MEGACEL PERU,True,https://www.plazavea.com.pe/celular-xiaomi-redmi-note-15-pro-8gb-256gb-negro-101942805/p
PlazaVea,Smartphones,SAMSUNG,Celular Samsung Galaxy S25 FE 5G 8GB 512GB Negro,4999.0,2699.0,MEGACEL PERU,True,https://www.plazavea.com.pe/celular-samsung-galaxy-s25-fe-5g-8gb-512gb-negro-101942801/p
PlazaVea,Smartphones,SAMSUNG,Celular SAMSUNG Galaxy S25 Ultra 5G 12GB 1TB White Silver,7599.0,4199.0,MEGACEL PERU,True,https://www.plazavea.com.pe/celular-samsung-galaxy-s25-ultra-5g-12gb-1tb-white-silver-101942799/p
PlazaVea,Smartphones,SAMSUNG,Samsung Galaxy S25 Ultra 256gb 12gb 200mp Titanium Silverblue,5599.0,3499.0,TelcelperuExpress,True,https://www.plazavea.com.pe/samsung-galaxy-s25-ultra-256gb-12gb-200mp-titanium-silverblue-101942764/p
PlazaVea,Smartphones,SAMSUNG,Celular Samsung Galaxy S25 5G 12GB 128GB Navy,5999.0,2599.0,MEGACEL PERU,True,https://www.plazavea.com.pe/celular-samsung-galaxy-s25-5g-12gb-128gb-navy-101942760/p
PlazaVea,Smartphones,APPLE,Iphone 17 Pro 256GB 5G Azul,8999.0,5449.0,GI ALPACA PERU,True,https://www.plazavea.com.pe/iphone-17-pro-256gb-5g-azul-101942749/p
PlazaVea,Smartphones,APPLE,Iphone 17 Pro 256GB 5G Silver,8999.0,5449.0,GI ALPACA PERU,True,https://www.plazavea.com.pe/iphone-17-pro-256gb-5g-silver-101942708/p
PlazaVea,Smartphones,XIAOMI,Celular Xiaomi Redmi Note 15 4G 8GB 256GB Negro,1899.0,929.0,MEGACEL PERU,True,https://www.plazavea.com.pe/celular-xiaomi-redmi-note-15-4g-8gb-256gb-negro-101942660/p
PlazaVea,Smartphones,HONOR,Honor Magic 8 Lite 256gb 8gb Ram Midnight Black,2099.0,1469.0,TelcelperuExpress,True,https://www.plazavea.com.pe/honor-magic-8-lite-256gb-8gb-ram-midnight-black-101942609/p
PlazaVea,Smartphones,HONOR,Honor Magic 8 Lite 256gb 8gb Ram Forest Green,2099.0,1469.0,TelcelperuExpress,True,https://www.plazavea.com.pe/honor-magic-8-lite-256gb-8gb-ram-forest-green-101942606/p
PlazaVea,Smartphones,SAMSUNG,Samsung Galaxy S25 Ultra 1Tb 12Gb 200mp Titanium Grey,5499.0,3829.0,TelcelperuExpress,True,https://www.plazavea.com.pe/samsung-galaxy-s25-ultra-1tb-12gb-200mp-titanium-grey-101942603/p
PlazaVea,Smartphones,SAMSUNG,Samsung Galaxy S25 Ultra 1Tb 12Gb 200mp Titanium Black,5499.0,3829.0,TelcelperuExpress,True,https://www.plazavea.com.pe/samsung-galaxy-s25-ultra-1tb-12gb-200mp-titanium-black-101942600/p
PlazaVea,Smartphones,SAMSUNG,Samsung Galaxy S25 Ultra 512gb 12gb 200mp Titanium Black,6399.0,3599.0,TelcelperuExpress,True,https://www.plazavea.com.pe/samsung-galaxy-s25-ultra-512gb-12gb-200mp-titanium-black-101942593/p
PlazaVea,Smartphones,SAMSUNG,Samsung Galaxy S25 Ultra 256gb 12gb 200mp Titanium Gray,5599.0,3499.0,TelcelperuExpress,True,https://www.plazavea.com.pe/samsung-galaxy-s25-ultra-256gb-12gb-200mp-titanium-gray-101942587/p
PlazaVea,Smartphones,APPLE,Iphone 17 Pro 256GB 5G Azul,8999.0,5379.0,MEGACEL PERU,True,https://www.plazavea.com.pe/iphone-17-pro-256gb-5g-azul-101942585/p
PlazaVea,Smartphones,XIAOMI,Xiaomi Redmi Note 15 4g 128gb 6gb Ram Verde Bosque,1329.0,849.0,Moviles Eirl,True,https://www.plazavea.com.pe/xiaomi-redmi-note-15-4g-128gb-6gb-ram-verde-bosque-101942582/p
PlazaVea,Smartphones,SAMSUNG,Samsung Galaxy S25 Ultra 512gb 12gb 200mp Titanium Whitesilver,6399.0,3599.0,TelcelperuExpress,True,https://www.plazavea.com.pe/samsung-galaxy-s25-ultra-512gb-12gb-200mp-titanium-whitesilver-101942565/p
PlazaVea,Smartphones,SAMSUNG,Samsung Galaxy S25 Ultra 256gb 12gb 200mp Titanium Black,5599.0,3499.0,TelcelperuExpress,True,https://www.plazavea.com.pe/samsung-galaxy-s25-ultra-256gb-12gb-200mp-titanium-black-101942549/p
PlazaVea,Smartphones,XIAOMI,Xiaomi Redmi Note 15 4g 256gb 8gb Verde Bosque,1429.0,919.0,Moviles Eirl,True,https://www.plazavea.com.pe/xiaomi-redmi-note-15-4g-256gb-8gb-verde-bosque-101942543/p
PlazaVea,Smartphones,SAMSUNG,Samsung Galaxy S25 Ultra 512gb 12gb 200mp Titanium Silverblue,6399.0,3599.0,TelcelperuExpress,True,https://www.plazavea.com.pe/samsung-galaxy-s25-ultra-512gb-12gb-200mp-titanium-silverblue-101942539/p
PlazaVea,Smartphones,SAMSUNG,Samsung Galaxy S25 Ultra 256gb 12gb 200mp Titanium Whitesilver,5599.0,3499.0,TelcelperuExpress,True,https://www.plazavea.com.pe/samsung-galaxy-s25-ultra-256gb-12gb-200mp-titanium-whitesilver-101942535/p
PlazaVea,Smartphones,SAMSUNG,Samsung Galaxy S25 Ultra 512gb 12gb 200mp Titanium Gray,6399.0,3599.0,TelcelperuExpress,True,https://www.plazavea.com.pe/samsung-galaxy-s25-ultra-512gb-12gb-200mp-titanium-gray-101942534/p
PlazaVea,Smartphones,APPLE,Iphone 17 Pro 256GB 5G Naranja,8999.0,5379.0,MEGACEL PERU,True,https://www.plazavea.com.pe/iphone-17-pro-256gb-5g-naranja-101942482/p
PlazaVea,Smartphones,APPLE,Iphone 17 Pro 256GB Edición ESIM Naranja,8999.0,5049.0,GI ALPACA PERU,True,https://www.plazavea.com.pe/iphone-17-pro-256gb-edicion-esim-naranja-101942480/p
PlazaVea,Smartphones,APPLE,Iphone 17 Pro 256GB 5G Naranja,8999.0,5449.0,GI ALPACA PERU,True,https://www.plazavea.com.pe/iphone-17-pro-256gb-5g-naranja-101942479/p
PlazaVea,Smartphones,XIAOMI,Redmi 15C  4+4GB RAM/ 256GB ROM,899.0,549.9,GRUPO LINEA HOGAR,True,https://www.plazavea.com.pe/redmi-15c-4-4gb-ram-256gb-rom-101942145/p
PlazaVea,Smartphones,SAMSUNG,SAMUNG GALAXY A56   5G  12GB - 256GB,2199.0,1680.0,GRUPO LINEA HOGAR,True,https://www.plazavea.com.pe/samung-galaxy-a566e-12gb-256gb-101942139/p
PlazaVea,Smartphones,XIAOMI,Xiaomi Redmi Note 15 Pro 4g 256gb 8gb Ram Glacier Blue,1729.0,1049.0,TelcelperuExpress,True,https://www.plazavea.com.pe/xiaomi-redmi-note-15-pro-4g-256gb-8gb-ram-glacier-blue-101942121/p
PlazaVea,Smartphones,XIAOMI,Xiaomi Redmi Note 15 4g 256gb 8gb Azul Glacial,1429.0,919.0,TelcelperuExpress,True,https://www.plazavea.com.pe/xiaomi-redmi-note-15-4g-256gb-8gb-azul-glacial-101942120/p
PlazaVea,Smartphones,XIAOMI,Xiaomi Redmi Note 15 Pro 4g 256gb 8gb Ram Black,1729.0,1049.0,TelcelperuExpress,True,https://www.plazavea.com.pe/xiaomi-redmi-note-15-pro-4g-256gb-8gb-ram-black-101942116/p
PlazaVea,Smartphones,XIAOMI,Xiaomi Redmi Note 15 4g 128gb 6gb Ram Black,1329.0,849.0,TelcelperuExpress,True,https://www.plazavea.com.pe/xiaomi-redmi-note-15-4g-128gb-6gb-ram-black-101942113/p
PlazaVea,Smartphones,XIAOMI,Xiaomi Redmi Note 15 4g 256gb 8gb Ram Black,1429.0,919.0,TelcelperuExpress,True,https://www.plazavea.com.pe/xiaomi-redmi-note-15-4g-256gb-8gb-ram-black-101942111/p
PlazaVea,Smartphones,APPLE,Apple Iphone 17 256gb Black Chip Fisico,4979.0,3779.0,TelcelperuExpress,True,https://www.plazavea.com.pe/apple-iphone-17-256gb-black-chip-fisico-101942107/p
PlazaVea,Smartphones,XIAOMI,Xiaomi Redmi Note 15 Pro Plus 5g 256gb 8gb Ram Black,2099.0,1559.0,TelcelperuExpress,True,https://www.plazavea.com.pe/xiaomi-redmi-note-15-pro-plus-5g-256gb-8gb-ram-black-101942105/p
PlazaVea,Smartphones,XIAOMI,Xiaomi Redmi Note 15 4g 128gb 6gb Ram Azul Glacial,1329.0,849.0,TelcelperuExpress,True,https://www.plazavea.com.pe/xiaomi-redmi-note-15-4g-128gb-6gb-ram-azul-glacial-101942080/p
PlazaVea,Smartphones,HONOR,CELULAR HONOR X7C 8RAM 256GB,989.0,819.0,COMERCIAL RRJ EIRL,True,https://www.plazavea.com.pe/celular-honor-x7c-8ram-256gb-101941534/p
PlazaVea,Smartphones,HONOR,CELULAR HONOR X8C 8RAM 256GB,1399.0,1029.0,COMERCIAL RRJ EIRL,True,https://www.plazavea.com.pe/celular-honor-x8c-8ram-256gb-101941444/p
PlazaVea,Smartphones,SAMSUNG,Celular Samsung Galaxy A16 4G 4GB 128GB Negro,1099.0,579.0,GI ALPACA PERU,True,https://www.plazavea.com.pe/celular-samsung-galaxy-a16-4g-4gb-128gb-negro-101940884/p
PlazaVea,Smartphones,HONOR,CELULAR HONOR X5C 4RAM 128GB,799.0,519.0,COMERCIAL RRJ EIRL,True,https://www.plazavea.com.pe/celular-honor-x5c-4ram-128gb-101940867/p
PlazaVea,Smartphones,HONOR,CELULAR HONOR PLAY 10 3RAM 64GB,699.0,419.0,COMERCIAL RRJ EIRL,True,https://www.plazavea.com.pe/celular-honor-play-10-3ram-64gb-101940856/p
PlazaVea,Smartphones,HONOR,CELULAR HONOR X5C 4RAM 64GB,799.0,459.0,COMERCIAL RRJ EIRL,True,https://www.plazavea.com.pe/celular-honor-x5c-4ram-64gb-101940851/p
PlazaVea,Smartphones,HONOR,CELULAR HONOR X5C PLUS 6RAM 256GB,899.0,579.0,COMERCIAL RRJ EIRL,True,https://www.plazavea.com.pe/celular-honor-x5c-plus-6ram-256gb-101940824/p
PlazaVea,Smartphones,XIAOMI,CELULAR REDMI NOTE 15 PRO 5G 8RAM 256GB,1799.0,1599.0,COMERCIAL RRJ EIRL,True,https://www.plazavea.com.pe/celular-redmi-note-15-pro-5g-8ram-256gb-101940535/p
PlazaVea,Smartphones,XIAOMI,Xiaomi Redmi Note 15 4g 256gb 8gb Ram Black,1429.0,919.0,Moviles Eirl,True,https://www.plazavea.com.pe/xiaomi-redmi-note-15-4g-256gb-8gb-ram-black-101938376/p
PlazaVea,Smartphones,XIAOMI,CELULAR REDMI NOTE 15 PRO 4G 8RAM 256GB,1599.0,1189.0,COMERCIAL RRJ EIRL,True,https://www.plazavea.com.pe/celular-redmi-note-15-pro-4g-8ram-256gb-101938292/p
PlazaVea,Smartphones,XIAOMI,Xiaomi Redmi Note 15 Pro 4g 256gb 8gb Ram Black,1729.0,1729.0,Moviles Eirl,True,https://www.plazavea.com.pe/xiaomi-redmi-note-15-pro-4g-256gb-8gb-ram-black-101938051/p
PlazaVea,Smartphones,SAMSUNG,Celular Samsung Galaxy S25 5G 12GB 128GB Navy,5999.0,2599.0,GI ALPACA PERU,True,https://www.plazavea.com.pe/celular-samsung-galaxy-s25-5g-12gb-128gb-navy-101938018/p
PlazaVea,Smartphones,SAMSUNG,Celular Samsung Galaxy S25 FE 5G 8GB 512GB Negro,4999.0,2699.0,GI ALPACA PERU,True,https://www.plazavea.com.pe/celular-samsung-galaxy-s25-fe-5g-8gb-512gb-negro-101938016/p
PlazaVea,Smartphones,SAMSUNG,Celular SAMSUNG Galaxy S25 Ultra 5G 12GB 1TB White Silver,7599.0,4199.0,GI ALPACA PERU,True,https://www.plazavea.com.pe/celular-samsung-galaxy-s25-ultra-5g-12gb-1tb-white-silver-101937981/p
PlazaVea,Smartphones,XIAOMI,Xiaomi Redmi Note 15 4g 256gb 8gb Azul Glacial,1429.0,919.0,Moviles Eirl,True,https://www.plazavea.com.pe/xiaomi-redmi-note-15-4g-256gb-8gb-azul-glacial-101937881/p
PlazaVea,Smartphones,XIAOMI,Xiaomi Redmi Note 15 4g 128gb 6gb Ram Azul Glacial,1329.0,849.0,Moviles Eirl,True,https://www.plazavea.com.pe/xiaomi-redmi-note-15-4g-128gb-6gb-ram-azul-glacial-101937856/p
PlazaVea,Smartphones,XIAOMI,Xiaomi Redmi Note 15 4g 128gb 6gb Ram Black,1329.0,849.0,Moviles Eirl,True,https://www.plazavea.com.pe/xiaomi-redmi-note-15-4g-128gb-6gb-ram-black-101937850/p
PlazaVea,Smartphones,XIAOMI,Xiaomi Redmi Note 15 4g 128gb 6gb Ram Azul Glacial,1329.0,849.0,Telcelperu,True,https://www.plazavea.com.pe/xiaomi-redmi-note-15-4g-128gb-6gb-ram-azul-glacial-101937535/p
PlazaVea,Smartphones,XIAOMI,Xiaomi Redmi Note 15 4g 128gb 6gb Ram Black,1329.0,849.0,Telcelperu,True,https://www.plazavea.com.pe/xiaomi-redmi-note-15-4g-128gb-6gb-ram-black-101937233/p
PlazaVea,Smartphones,XIAOMI,Xiaomi Redmi Note 15 4g 256gb 8gb Verde Bosque,1429.0,919.0,Telcelperu,True,https://www.plazavea.com.pe/xiaomi-redmi-note-15-4g-256gb-8gb-verde-bosque-101937162/p
PlazaVea,Smartphones,XIAOMI,Xiaomi Redmi Note 15 Pro 4g 256gb 8gb Ram Glacier Blue,1729.0,1729.0,Moviles Eirl,True,https://www.plazavea.com.pe/xiaomi-redmi-note-15-pro-4g-256gb-8gb-ram-glacier-blue-101937159/p
PlazaVea,Smartphones,XIAOMI,Xiaomi Redmi Note 15 Pro Plus 5g 256gb 8gb Ram Black,2099.0,1559.0,Moviles Eirl,True,https://www.plazavea.com.pe/xiaomi-redmi-note-15-pro-plus-5g-256gb-8gb-ram-black-101937157/p
PlazaVea,Smartphones,XIAOMI,Xiaomi Redmi Note 15 4g 256gb 8gb Azul Glacial,1429.0,919.0,Telcelperu,True,https://www.plazavea.com.pe/xiaomi-redmi-note-15-4g-256gb-8gb-azul-glacial-101937065/p
PlazaVea,Smartphones,XIAOMI,Xiaomi Redmi Note 15 4g 256gb 8gb Ram Black,1429.0,919.0,Telcelperu,True,https://www.plazavea.com.pe/xiaomi-redmi-note-15-4g-256gb-8gb-ram-black-101937059/p
PlazaVea,Smartphones,HONOR,Honor X8d 256GB 8GB Negro,1197.0,1108.0,CELULARESPERUSMARTSAC,True,https://www.plazavea.com.pe/honor-x8d-256gb-8gb-negro-101936972/p
PlazaVea,Smartphones,HONOR,Honor X8d 256GB 8GB Azul,1103.0,1021.0,CELULARESPERUSMARTSAC,True,https://www.plazavea.com.pe/honor-x8d-256gb-8gb-azul-101936966/p
PlazaVea,Smartphones,XIAOMI,Xiaomi REDMI NOTE 15 PRO 4G 256GB 8GB Negro,1337.0,1238.0,CELULARESPERUSMARTSAC,True,https://www.plazavea.com.pe/xiaomi-redmi-note-15-pro-4g-256gb-8gb-negro-101936920/p
PlazaVea,Smartphones,XIAOMI,CELULAR REDMI NOTE 14 PRO 5G 8RAM 256GB,1799.0,1499.0,COMERCIAL RRJ EIRL,True,https://www.plazavea.com.pe/celular-redmi-note-14-pro-5g-8ram-256gb-101933858/p
PlazaVea,Smartphones,XIAOMI,CELULAR REDMI 15C 8RAM 256GB,899.0,649.0,COMERCIAL RRJ EIRL,True,https://www.plazavea.com.pe/celular-redmi-15c-8ram-256gb-101933850/p
PlazaVea,Smartphones,XIAOMI,CELULAR REDMI 15 8RAM 256GB,990.0,990.0,COMERCIAL RRJ EIRL,True,https://www.plazavea.com.pe/celular-redmi-15-8ram-256gb-101933841/p
PlazaVea,Smartphones,XIAOMI,CELULAR REDMI A5 4RAM 128GB,699.0,469.0,COMERCIAL RRJ EIRL,True,https://www.plazavea.com.pe/celular-redmi-a5-4ram-128gb-101933794/p
PlazaVea,Smartphones,XIAOMI,CELULAR REDMI 15C 4RAM 128GB,899.0,899.0,COMERCIAL RRJ EIRL,True,https://www.plazavea.com.pe/celular-redmi-15c-4ram-128gb-101933793/p
PlazaVea,Smartphones,XIAOMI,CELULAR REDMI 15 6RAM 128GB,899.0,649.0,COMERCIAL RRJ EIRL,True,https://www.plazavea.com.pe/celular-redmi-15-6ram-128gb-101933763/p
PlazaVea,Smartphones,XIAOMI,CELULAR REDMI A5 3RAM 64GB,599.0,419.0,COMERCIAL RRJ EIRL,True,https://www.plazavea.com.pe/celular-redmi-a5-3ram-64gb-101933101/p
PlazaVea,Smartphones,SAMSUNG,CELULAR SAMSUNG GALAXY A17 8GB RAM 256GB ROM - NEGRO,1999.0,999.0,D´TEEC-TECNOLOGÍA ELECTRO,True,https://www.plazavea.com.pe/celular-samsung-galaxy-a17-8gb-ram-256gb-rom-negro-101930680/p
PlazaVea,Smartphones,SAMSUNG,CELULAR SAMSUNG GALAXY A17 8GB RAM 256GB ROM - NEGRO,1999.0,999.0,RP INVERSIONES,True,https://www.plazavea.com.pe/celular-samsung-galaxy-a17-8gb-ram-256gb-rom-negro-101930283/p
PlazaVea,Smartphones,SAMSUNG,CELULAR SAMSUNG GALAXY A17 8GB RAM 256GB ROM - NEGRO,1999.0,999.0,IMPORT CASO E.I.R.L.,True,https://www.plazavea.com.pe/celular-samsung-galaxy-a17-8gb-ram-256gb-rom-negro-101930259/p
PlazaVea,Smartphones,MOTOROLA,Motorola G06 256GB 4GB Cafe,612.0,510.0,CELULARESPERUSMARTSAC,True,https://www.plazavea.com.pe/motorola-g06-256gb-4gb-cafe-101929122/p
PlazaVea,Smartphones,XIAOMI,Xiaomi REDMI NOTE 15 PRO 4G 256GB 8GB Azul,1395.0,1292.0,CELULARESPERUSMARTSAC,True,https://www.plazavea.com.pe/xiaomi-redmi-note-15-pro-4g-256gb-8gb-azul-101929059/p
PlazaVea,Smartphones,HONOR,HONOR X5C PLUS 4G  256GB 4GB RAM OCEANO,599.0,479.0,Marketcell,True,https://www.plazavea.com.pe/honor-x5c-plus-4g-256gb-6gb-ram-oceano-101928302/p
PlazaVea,Smartphones,HONOR,HONOR PLAY 10A 4RAM 128GB - AZUL,599.0,409.0,Marketcell,True,https://www.plazavea.com.pe/honor-play-10a-4ram-128gb-azul-101928289/p
PlazaVea,Smartphones,HONOR,HONOR X5C PLUS 4G  256GB 4GB RAM SILVER,599.0,489.0,Marketcell,True,https://www.plazavea.com.pe/honor-x5c-plus-4g-256gb-6gb-ram-silver-101928288/p
PlazaVea,Smartphones,HONOR,HONOR X5C PLUS 4G  256GB 4GB RAM NEGRO,599.0,479.0,Marketcell,True,https://www.plazavea.com.pe/honor-x5c-plus-4g-256gb-6gb-ram-negro-101928280/p
PlazaVea,Smartphones,XIAOMI,NOTE 15 PRO 4G DE 256GB 8 RAM TITANIO,1359.0,989.0,Marketcell,True,https://www.plazavea.com.pe/note-15-pro-4g-de-256gb-8-ram-titanio-101923954/p
PlazaVea,Smartphones,XIAOMI,REDMI NOTE 15 PRO PLUS 8 RAM 256GB NEGRO,1759.0,1449.0,Marketcell,True,https://www.plazavea.com.pe/redmi-note-15-pro-plus-8-ram-256gb-negro-101923820/p
PlazaVea,Smartphones,XIAOMI,NOTE 15 4G 8GB RAM 256GB - PURPURA,1059.0,829.0,Marketcell,True,https://www.plazavea.com.pe/note-15-4g-8gb-ram-256gb-purpura-101923817/p
PlazaVea,Smartphones,XIAOMI,REDMI NOTE 15 4G 6GB RAM 128 ROM PURPLE,899.0,669.0,Marketcell,True,https://www.plazavea.com.pe/redmi-note-15-4g-6gb-ram-128-rom-purple-101923816/p
PlazaVea,Smartphones,XIAOMI,REDMI NOTE 15 PRO PLUS 5G 12 RAM 512GB AZUL,1899.0,1749.0,Marketcell,True,https://www.plazavea.com.pe/redmi-note-15-pro-plus-5g-12-ram-512gb-azul-101923815/p
PlazaVea,Smartphones,XIAOMI,REDMI NOTE 15 PRO PLUS 5G 12 RAM 512GB MARRON,1899.0,1799.0,Marketcell,True,https://www.plazavea.com.pe/redmi-note-15-pro-plus-5g-12-ram-512gb-marron-101923814/p
PlazaVea,Smartphones,XIAOMI,REDMI NOTE 15 PRO PLUS 5G 12 RAM 512GB NEGRO,1899.0,1639.0,Marketcell,True,https://www.plazavea.com.pe/redmi-note-15-pro-plus-5g-12-ram-512gb-negro-101923813/p
PlazaVea,Smartphones,XIAOMI,NOTE 15 4G 6GB RAM 128GB - NEGRO,899.0,679.0,Marketcell,True,https://www.plazavea.com.pe/note-15-4g-6gb-ram-128gb-negro-101923812/p
PlazaVea,Smartphones,XIAOMI,NOTE 15 4G 6GB RAM 128GB - AZUL,899.0,899.0,Marketcell,True,https://www.plazavea.com.pe/note-15-4g-6gb-ram-128gb-azul-101923810/p
PlazaVea,Smartphones,SAMSUNG,Celular Samsung Galaxy A07 64GB 4GB RAM Negro,599.0,379.0,Ofertec,True,https://www.plazavea.com.pe/celular-samsung-galaxy-a07-64gb-4gb-ram-negro-101921354/p
PlazaVea,Smartphones,XIAOMI,Xiaomi Redmi Note 14 Pro Plus 5G 256GB 8GB Negro,1799.0,1529.0,FULL HOGAR SHOP,True,https://www.plazavea.com.pe/xiaomi-redmi-note-14-pro-plus-5g-256gb-8gb-negro-101921301/p
PlazaVea,Smartphones,HONOR,Honor Magic 8 Lite 5G 256GB 8GB Ram Dorado,2499.0,1589.0,INFOTECSHOP,True,https://www.plazavea.com.pe/honor-magic-8-lite-5g-256gb-8gb-ram-dorado-101920665/p
PlazaVea,Smartphones,HONOR,Honor Magic 8 Lite 5G 512GB 8GB Ram Verde,2899.0,1869.0,INFOTECSHOP,True,https://www.plazavea.com.pe/honor-magic-8-lite-5g-512gb-8gb-ram-verde-101920611/p
PlazaVea,Smartphones,HONOR,Honor Magic 8 Lite 5G 512GB 8GB Ram Negro,2699.0,1869.0,INFOTECSHOP,True,https://www.plazavea.com.pe/honor-magic-8-lite-5g-512gb-8gb-ram-negro-101920543/p
PlazaVea,Smartphones,HONOR,Honor Magic 8 Lite 5G 256GB 8GB Ram Verde,2499.0,1589.0,INFOTECSHOP,True,https://www.plazavea.com.pe/honor-magic-8-lite-5g-256gb-8gb-ram-verde-101920534/p
PlazaVea,Smartphones,XIAOMI,Xiaomi Redmi Note 15 Pro Plus 5G 256GB 8GB Negro,1865.0,1727.0,CELULARESPERUSMARTSAC,True,https://www.plazavea.com.pe/xiaomi-redmi-note-15-pro-plus-5g-256gb-8gb-negro-101918103/p
PlazaVea,Smartphones,HONOR,Honor X9D 5G 8RAM 256GB Dorado,1899.0,1395.0,F MOBILE TECH,True,https://www.plazavea.com.pe/honor-x9d-5g-8gb-ram-256gb-108mp-8300mah-66w-amoled-120hz-incluye-cargador-101917643/p
PlazaVea,Smartphones,APPLE,iPhone 17 Pro Max 256gb ESIM - Silver,6999.0,5589.0,ROCICELL CELULARES Express,True,https://www.plazavea.com.pe/iphone-17-pro-max-256gb-esim-silver-101909412/p
PlazaVea,Smartphones,APPLE,iPhone 17 Pro Max 256GB CHIP FISICO - Deep Blue,7599.0,5539.0,Fox Móviles SAC,True,https://www.plazavea.com.pe/iphone-17-pro-max-256gb-chip-fisico-deep-blue-101909370/p
PlazaVea,Smartphones,APPLE,IPHONE 17 ESIM 256GB - Black,4899.0,4899.0,ROCICELL CELULARES Express,True,https://www.plazavea.com.pe/iphone-17-esim-256gb-black-101909115/p
PlazaVea,Smartphones,XIAOMI,Celular Redmi Note 15 Pro Glacier Blue 8G RAM 256G ROM,1299.0,1249.0,oechsle,True,https://www.plazavea.com.pe/celular-redmi-note-15-pro-glacier-blue-8g-ram-256g-rom-101908980/p
PlazaVea,Smartphones,APPLE,iPhone 17 Pro Naranja Cósmico 256Gb,5999.0,5499.0,oechsle,True,https://www.plazavea.com.pe/iphone-17-pro-naranja-cosmico-256gb-101908739/p
PlazaVea,Smartphones,SAMSUNG,Samsung Note 20 5G 128GB 8GB Gris (REACONDICIONADO GRADO A+),1311.0,1214.0,Celulares Peru Smart,True,https://www.plazavea.com.pe/samsung-note-20-5g-128gb-8gb-gris-reacondicionado-grado-a-101908639/p
PlazaVea,Smartphones,XIAOMI,Celular Xiaomi Redmi Note 15 Pro plus 5G 12GB RAM 512GB ROM Azul - 200MP,2199.0,1899.0,Mi Tienda,True,https://www.plazavea.com.pe/celular-redmi-note-15-pro-plus-5g-12gb-ram-512gb-rom-azul-101906955/p
PlazaVea,Smartphones,XIAOMI,Celular Xiaomi Redmi Note 15 Pro plus 5G 12GB RAM 512GB ROM Negro - 200MP,2199.0,1899.0,Mi Tienda,True,https://www.plazavea.com.pe/celular-redmi-note-15-pro-plus-5g-12gb-ram-512gb-rom-negro-101906950/p
PlazaVea,Smartphones,SAMSUNG,Samsung Galaxy S25 ULTRA 5G 256gb 12gb - Titanium Silverblue,4799.0,3199.0,ROCICELL CELULARES,True,https://www.plazavea.com.pe/samsung-galaxy-s25-ultra-5g-256gb-12gb-titanium-silverblue-101906937/p
PlazaVea,Smartphones,SAMSUNG,Samsung Galaxy S25 ULTRA 5G 256gb 12gb - Titanium gray,4799.0,3199.0,ROCICELL CELULARES,True,https://www.plazavea.com.pe/samsung-galaxy-s25-ultra-5g-256gb-12gb-titanium-gray-101906737/p
PlazaVea,Smartphones,XIAOMI,Celular Redmi Note 15 Pro plus 5G 12GB RAM 512GB ROM Marrón - 200MP,2199.0,1899.0,Mi Tienda,True,https://www.plazavea.com.pe/celular-redmi-note-15-pro-plus-5g-12gb-ram-512gb-rom-marron-101906694/p
PlazaVea,Smartphones,XIAOMI,Redmi Note 15 Pro 4g 256GB 8GB - Glacier Blue,1599.0,1159.0,ROCICELL CELULARES,True,https://www.plazavea.com.pe/redmi-note-15-pro-4g-256gb-8gb-glacier-blue-101905443/p
PlazaVea,Smartphones,XIAOMI,Redmi Note 15 Pro 4g 256GB 8GB - Black,1599.0,1159.0,ROCICELL CELULARES,True,https://www.plazavea.com.pe/redmi-note-15-pro-4g-256gb-8gb-black-101905429/p
PlazaVea,Smartphones,APPLE,iPhone 17 Pro 256gb CHIP FISICO - Silver,6399.0,5169.0,ROCICELL CELULARES,True,https://www.plazavea.com.pe/iphone-17-pro-256gb-chip-fisico-silver-101904218/p
PlazaVea,Smartphones,APPLE,iPhone 17 Pro 256gb CHIP FISICO - Deep Blue,6399.0,5159.0,ROCICELL CELULARES,True,https://www.plazavea.com.pe/iphone-17-pro-256gb-chip-fisico-deep-blue-101904176/p
PlazaVea,Smartphones,APPLE,iPhone 17 Pro Max 512gb ESIM -Cosmic Orange,7899.0,5859.0,ROCICELL CELULARES,True,https://www.plazavea.com.pe/iphone-17-pro-max-512gb-esim-cosmic-orange-101904145/p
PlazaVea,Smartphones,APPLE,iPhone 17 Pro Max 512gb ESIM - Silver,7899.0,5859.0,ROCICELL CELULARES,True,https://www.plazavea.com.pe/iphone-17-pro-max-512gb-esim-silver-101904090/p
PlazaVea,Smartphones,APPLE,REACONDICIONADO iPhone 16 Pro Max 256gb I Grado B I color Titanio Negro,6350.0,4944.0,Lolotec,True,https://www.plazavea.com.pe/reacondicionado-iphone-16-pro-max-256gb-i-grado-a-i-color-titanio-negro-101903167/p
PlazaVea,Smartphones,XIAOMI,XIAOMI REDMI NOTE 15 6GB -128GB,1059.0,1059.0,MILLENNIALS MOBILE,True,https://www.plazavea.com.pe/xiaomi-redmi-note-15-6gb-128gb-101902985/p
PlazaVea,Smartphones,XIAOMI,Xiaomi Redmi Note 15 Pro 4g 256gb 8gb Ram Glacier Blue,1729.0,1009.0,Telcelperu,True,https://www.plazavea.com.pe/xiaomi-redmi-note-15-pro-4g-256gb-8gb-ram-glacier-blue-101902636/p
PlazaVea,Smartphones,XIAOMI,Xiaomi Redmi Note 15 Pro Plus 5g 256gb 8gb Ram Black,2099.0,1559.0,Telcelperu,True,https://www.plazavea.com.pe/xiaomi-redmi-note-15-pro-plus-5g-256gb-8gb-ram-black-101902634/p
PlazaVea,Smartphones,XIAOMI,Xiaomi Redmi Note 15 Pro 4g 256gb 8gb Ram Black,1729.0,1009.0,Telcelperu,True,https://www.plazavea.com.pe/xiaomi-redmi-note-15-pro-4g-256gb-8gb-ram-black-101902633/p
PlazaVea,Smartphones,XIAOMI,Xiaomi Redmi Note 15 256Gb Negro + Cargador 10000mAh + Audifonos + Smartwatch REGISTRADO,1099.0,999.0,Smartstore Peru,True,https://www.plazavea.com.pe/xiaomi-redmi-note-15-256gb-negro-cargador-10000mah-audifonos-smartwatch-registrado-101900408/p
PlazaVea,Smartphones,APPLE,iPhone 17 Pro Max 256GB eSIM Cosmic Orange,7999.0,5799.0,Free Mobile,True,https://www.plazavea.com.pe/iphone-17-pro-max-256gb-esim-cosmic-orange-101899959/p
PlazaVea,Smartphones,APPLE,iPhone 17 Pro Max 256GB eSIM Deep Blue,7999.0,5799.0,Free Mobile,True,https://www.plazavea.com.pe/iphone-17-pro-max-256gb-esim-deep-blue-101899958/p
PlazaVea,Smartphones,APPLE,iPhone 17 256GB Chip Blanco,4399.0,3809.0,Free Mobile,True,https://www.plazavea.com.pe/iphone-17-256gb-chip-blanco-101899957/p
PlazaVea,Smartphones,APPLE,iPhone 17 Pro Max 256GB Chip Cosmic Orange,8199.0,6299.0,Free Mobile,True,https://www.plazavea.com.pe/iphone-17-pro-max-256gb-chip-cosmic-orange-101899956/p
PlazaVea,Smartphones,APPLE,iPhone 17 256GB Chip Negro,4399.0,3809.0,Free Mobile,True,https://www.plazavea.com.pe/iphone-17-256gb-chip-negro-101899955/p
PlazaVea,Smartphones,APPLE,iPhone 17 256GB Chip Verde,4399.0,3809.0,Free Mobile,True,https://www.plazavea.com.pe/iphone-17-256gb-chip-verde-101899954/p
PlazaVea,Smartphones,APPLE,iPhone 17 256GB Chip Azul,4399.0,3809.0,Free Mobile,True,https://www.plazavea.com.pe/iphone-17-256gb-chip-azul-101899953/p
PlazaVea,Smartphones,APPLE,iPhone 17 Pro Max 256GB eSIM Silver,7999.0,5799.0,Free Mobile,True,https://www.plazavea.com.pe/iphone-17-pro-max-256gb-esim-silver-101899952/p
PlazaVea,Smartphones,APPLE,iPhone 17 256GB Chip Lavanda,4799.0,3809.0,Free Mobile,True,https://www.plazavea.com.pe/iphone-17-256gb-chip-lavanda-101899951/p
PlazaVea,Smartphones,APPLE,iPhone 17 256GB Esim Azul,4999.0,3499.0,Free Mobile,True,https://www.plazavea.com.pe/iphone-17-256gb-esim-azul-101897798/p
PlazaVea,Smartphones,APPLE,iPhone 17 256GB Esim Blanco,4299.0,3479.0,Free Mobile,True,https://www.plazavea.com.pe/iphone-17-256gb-esim-blanco-101897626/p
PlazaVea,Smartphones,APPLE,iPhone 17 256GB Esim Verde,4199.0,3499.0,Free Mobile,True,https://www.plazavea.com.pe/iphone-17-256gb-esim-verde-101897249/p
PlazaVea,Smartphones,APPLE,iPhone 17 256GB Esim Lavanda,4299.0,3479.0,Free Mobile,True,https://www.plazavea.com.pe/iphone-17-256gb-esim-lavanda-101897247/p
PlazaVea,Smartphones,XIAOMI,Celular Xiaomi Redmi Note 15 8GB RAM 256GB ROM Azul 108mp,1099.0,849.0,Mi Tienda,True,https://www.plazavea.com.pe/celular-xiaomi-redmi-note-15-8gb-ram-256gb-rom-azul-101895479/p
PlazaVea,Smartphones,XIAOMI,Celular Xiaomi Redmi Note 15 8GB RAM 256GB ROM Púrpura 108mp,1099.0,849.0,Mi Tienda,True,https://www.plazavea.com.pe/celular-xiaomi-redmi-note-15-8gb-ram-256gb-rom-purpura-101895465/p
PlazaVea,Smartphones,XIAOMI,Celular Xiaomi Redmi Note 15 8GB RAM 256GB ROM Negro 108mp,1099.0,849.0,Mi Tienda,True,https://www.plazavea.com.pe/celular-xiaomi-redmi-note-15-8gb-ram-256gb-rom-negro-101895437/p
PlazaVea,Smartphones,APPLE,IPHONE 17 PRO 256GB ESIM - DEEP BLUE,6499.0,4729.0,Fox Móviles SAC,True,https://www.plazavea.com.pe/iphone-17-pro-256gb-esim-deep-blue-101894286/p
PlazaVea,Smartphones,APPLE,IPHONE 17 PRO 256GB CHIP FISICO - SILVER,6498.0,5179.0,Fox Móviles SAC,True,https://www.plazavea.com.pe/iphone-17-pro-256gb-chip-fisico-silver-101894239/p
PlazaVea,Smartphones,HONOR,Honor Magic 8 Lite 256GB 8GB Dorado,1783.0,1651.0,CELULARESPERUSMARTSAC,True,https://www.plazavea.com.pe/honor-magic-8-lite-256gb-8gb-dorado-101894201/p
PlazaVea,Smartphones,APPLE,iPhone 14 Pro Max 256GB Morado Oscuro eSIM Reacondicionado Grado A,5500.0,3199.0,KPDM,True,https://www.plazavea.com.pe/iphone-14-pro-max-256gb-morado-oscuro-esim-reacondicionado-grado-a-101892495/p
PlazaVea,Smartphones,XIAOMI,Xiaomi Redmi Note 15 Pro Plus 5G 12GB RAM 512GB 200MP 6500mAh 100W AMOLED 120Hz Incluye Cargador,2519.0,1899.0,F MOBILE TECH,True,https://www.plazavea.com.pe/xiaomi-redmi-note-15-pro-plus-5g-12ram-512gb-azul-glaciar-101888383/p
PlazaVea,Smartphones,APPLE,iPhone 14 Pro Max 128GB Morado Oscuro eSIM Reacondicionado Grado A,5000.0,2999.0,KPDM,True,https://www.plazavea.com.pe/iphone-14-pro-max-128gb-morado-oscuro-esim-reacondicionado-grado-a-101888217/p
PlazaVea,Smartphones,APPLE,iPhone 14 Pro Max 128GB Negro Espacial eSIM Reacondicionado Grado A,5150.0,2999.0,KPDM,True,https://www.plazavea.com.pe/iphone-14-pro-max-128gb-negro-espacial-esim-reacondicionado-grado-a-101888215/p
PlazaVea,Smartphones,APPLE,iPhone 14 Pro 256GB Negro Espacial eSIM Reacondicionado Grado A,5000.0,2899.0,KPDM,True,https://www.plazavea.com.pe/iphone-14-pro-256gb-negro-espacial-esim-reacondicionado-grado-a-101888214/p
PlazaVea,Smartphones,APPLE,iPhone 14 Pro Max 256GB Negro Espacial eSIM Reacondicionado Grado A,5500.0,3199.0,KPDM,True,https://www.plazavea.com.pe/iphone-14-pro-max-256gb-negro-espacial-esim-reacondicionado-grado-a-101888213/p
PlazaVea,Smartphones,APPLE,iPhone 14 Pro 128GB Morado Oscuro eSIM Reacondicionado Grado A,4700.0,2699.0,KPDM,True,https://www.plazavea.com.pe/iphone-14-pro-128gb-morado-oscuro-esim-reacondicionado-grado-a-101888211/p
PlazaVea,Smartphones,APPLE,iPhone 14 Pro Max 256GB Morado Oscuro eSIM Reacondicionado Grado A,5500.0,3299.0,KPDM,True,https://www.plazavea.com.pe/iphone-14-pro-max-256gb-morado-oscuro-esim-reacondicionado-grado-a-101888210/p
PlazaVea,Smartphones,APPLE,REACONDICIONADO iPhone 15 Plus 128gb ESIM I Grado B I color Negro,3450.0,2515.0,Lolotec,True,https://www.plazavea.com.pe/reacondicionado-iphone-15-plus-128gb-esim-i-grado-b-i-color-negro-101887811/p
PlazaVea,Smartphones,APPLE,REACONDICIONADO iPhone 15 Pro 128gb ESIM I Grado B I color Negro,3899.0,3109.0,Lolotec,True,https://www.plazavea.com.pe/reacondicionado-iphone-15-pro-128gb-esim-i-grado-b-i-color-negro-101887803/p
PlazaVea,Smartphones,APPLE,REACONDICIONADO iPhone 14 Pro 128gb ESIM I Grado A I color Negro Espacial,3200.0,2713.0,Lolotec,True,https://www.plazavea.com.pe/reacondicionado-iphone-14-pro-128gb-esim-i-grado-a-i-color-negro-espacial-101887800/p
PlazaVea,Smartphones,MOTOROLA,Celular Motorola Moto G06 4 + 128Gb Verde,549.0,409.0,oechsle,True,https://www.plazavea.com.pe/celular-motorola-moto-g06-4---128gb-verde-101887742/p
PlazaVea,Smartphones,MOTOROLA,Celular Motorola Moto G06 4 + 128Gb Azul,549.0,409.0,oechsle,True,https://www.plazavea.com.pe/celular-motorola-moto-g06-4---128gb-azul-101887739/p
PlazaVea,Smartphones,APPLE,REACONDICIONADO iPhone 13 128gb Grado B color Negro,1989.0,1680.0,Lolotec,True,https://www.plazavea.com.pe/reacondicionado-iphone-13-128gb-grado-b-color-negro-101887220/p
PlazaVea,Smartphones,MOTOROLA,Motorola Edge 60 Fusion 256GB 8GB Marron,1361.0,1260.0,CELULARESPERUSMARTSAC,True,https://www.plazavea.com.pe/motorola-edge-60-fusion-256gb-8gb-marron-101886888/p
PlazaVea,Smartphones,HONOR,Honor Magic 8 Lite 5G 8RAM 256GB Dorado,1869.0,1499.0,F MOBILE TECH,True,https://www.plazavea.com.pe/honor-magic-8-lite-8ram-256gb-dorado-101886819/p
PlazaVea,Smartphones,XIAOMI,Xiaomi REDMI NOTE 15 128GB 6GB Negro,1055.0,879.0,CELULARESPERUSMARTSAC,True,https://www.plazavea.com.pe/xiaomi-redmi-note-15-128gb-6gb-negro-101886796/p
PlazaVea,Smartphones,APPLE,IPHONE 17 ESIM 256GB - Black,4899.0,3499.0,FoxMovilesSAC Express,True,https://www.plazavea.com.pe/iphone-17-esim-256gb-black-101886552/p
PlazaVea,Smartphones,APPLE,IPHONE 17 ESIM 256GB - Sage,4899.0,3499.0,FoxMovilesSAC Express,True,https://www.plazavea.com.pe/iphone-17-esim-256gb-sage-101886468/p
PlazaVea,Smartphones,APPLE,IPHONE 17 ESIM 256GB - Mist Blue,4899.0,3499.0,FoxMovilesSAC Express,True,https://www.plazavea.com.pe/iphone-17-esim-256gb-mist-blue-101886183/p
PlazaVea,Smartphones,APPLE,iPhone 17 Pro Max 256gb CHIP FISICO - Deep Blue,7599.0,5529.0,ROCICELL CELULARES,True,https://www.plazavea.com.pe/iphone-17-pro-max-256gb-chip-fisico-deep-blue-101885359/p
PlazaVea,Smartphones,APPLE,IPHONE 17 DE 256GB ESIM - NEGRO,5600.0,3289.0,Marketcell,True,https://www.plazavea.com.pe/iphone-17-de-256gb-esim-negro-101884319/p
PlazaVea,Smartphones,APPLE,IPHONE 17 DE 256GB ESIM - AZUL,5600.0,3289.0,Marketcell,True,https://www.plazavea.com.pe/iphone-17-de-256gb-esim-azul-101884316/p
PlazaVea,Smartphones,APPLE,IPHONE 17 DE 256GB ESIM - BLANCO,5600.0,3289.0,Marketcell,True,https://www.plazavea.com.pe/iphone-17-de-256gb-esim-blanco-101884312/p
PlazaVea,Smartphones,HONOR,HONOR X7D 4G 8GB 256GB - SILVER,1200.0,749.0,Marketcell,True,https://www.plazavea.com.pe/honor-x7d-4g-8gb-256gb-silver-101884180/p
PlazaVea,Smartphones,HONOR,HONOR 400 5G 12RAM 512GB - SILVER,1900.0,1729.0,Marketcell,True,https://www.plazavea.com.pe/honor-400-5g-12ram-512gb-silver-101884171/p
PlazaVea,Smartphones,SAMSUNG,SAMSUNG GALAXY A07 4G 4 RAM 128GB - NEGRO,790.0,469.0,Marketcell,True,https://www.plazavea.com.pe/samsung-galaxy-a07-4g-4-ram-128gb-negro-101884161/p
PlazaVea,Smartphones,SAMSUNG,SAMSUNG GALAXY S25 ULTRA 5G 12 RAM 1TB - NEGRO,6900.0,3669.0,Marketcell,True,https://www.plazavea.com.pe/samsung-galaxy-s25-ultra-5g-12-ram-1tb-negro-101884160/p
PlazaVea,Smartphones,HONOR,HONOR X7D 4G 8GB 256GB - AZUL,1200.0,729.0,Marketcell,True,https://www.plazavea.com.pe/honor-x7d-4g-8gb-256gb-azul-101884150/p
PlazaVea,Smartphones,SAMSUNG,SAMSUNG GALAXY S25 ULTRA 5G 12 RAM 1TB - SILVER BLUE,6900.0,3759.0,Marketcell,True,https://www.plazavea.com.pe/samsung-galaxy-s25-ultra-5g-12-ram-1tb-silver-blue-101884145/p
PlazaVea,Smartphones,SAMSUNG,SAMSUNG GALAXY S25 ULTRA 5G 12 RAM 1TB - BLANCO,6900.0,3669.0,Marketcell,True,https://www.plazavea.com.pe/samsung-galaxy-s25-ultra-5g-12-ram-1tb-blanco-101884138/p
PlazaVea,Smartphones,SAMSUNG,SAMSUNG GALAXY S25 ULTRA 5G 12 RAM 1TB - GRAY,6900.0,3669.0,Marketcell,True,https://www.plazavea.com.pe/samsung-galaxy-s25-ultra-5g-12-ram-1tb-gray-101884129/p
PlazaVea,Smartphones,HONOR,HONOR 400 PRO  5G 12RAM 512GB - SILVER,2900.0,2900.0,Marketcell,True,https://www.plazavea.com.pe/honor-400-pro-5g-12ram-512gb-silver-101884107/p
PlazaVea,Smartphones,HONOR,HONOR 400 PRO  5G 12RAM 512GB - NEGRO,2900.0,2900.0,Marketcell,True,https://www.plazavea.com.pe/honor-400-pro-5g-12ram-512gb-negro-101884096/p
PlazaVea,Smartphones,APPLE,IPHONE 17 PRO MAX 5G 256GB CHIP FISICO - SILVER,6900.0,5599.0,Marketcell,True,https://www.plazavea.com.pe/iphone-17-pro-max-5g-256gb-chip-fisico-silver-101883990/p
PlazaVea,Smartphones,HONOR,HONOR X6C 4G 6RAM 128GB - NEGRO,690.0,690.0,Marketcell,True,https://www.plazavea.com.pe/honor-x6c-4g-6ram-128gb-negro-101883950/p
PlazaVea,Smartphones,XIAOMI,REDMI NOTE 15 4G DE 8 RAM 256GB - PURPLE,990.0,990.0,Marketcell,True,https://www.plazavea.com.pe/redmi-15-4g-de-8-ram-256gb-purple-101883947/p
PlazaVea,Smartphones,XIAOMI,REDMI 15C 4G 8RAM 256GB - NARANJA,790.0,790.0,Marketcell,True,https://www.plazavea.com.pe/redmi-15c-4g-8ram-256gb-naranja-101883914/p
PlazaVea,Smartphones,APPLE,IPHONE 17 PRO MAX 5G 256GB ESIM - NARANJA,6100.0,4729.0,Marketcell,True,https://www.plazavea.com.pe/iphone-17-pro-max-5g-256gb-esim-naranja-101883905/p
PlazaVea,Smartphones,APPLE,IPHONE 17 PRO MAX 5G 256GB CHIP FISICO - AZUL,6999.0,6999.0,Marketcell,True,https://www.plazavea.com.pe/iphone-17-pro-max-5g-256gb-chip-fisico-azul-101883877/p
PlazaVea,Smartphones,APPLE,IPHONE 17 PRO MAX 5G 256GB ESIM - AZUL,6100.0,4729.0,Marketcell,True,https://www.plazavea.com.pe/iphone-17-pro-max-5g-256gb-esim-azul-101883876/p
PlazaVea,Smartphones,XIAOMI,XIAOMI REDMI NOTE 14 PRO PLUS 5G 8 RAM 256GB - DORADO,1400.0,1400.0,Marketcell,True,https://www.plazavea.com.pe/xiaomi-redmi-note-14-pro-plus-5g-8-ram-256gb-dorado-101883874/p
PlazaVea,Smartphones,XIAOMI,XIAOMI REDMI NOTE 14 PRO PLUS 5G 8 RAM 256GB - NEGRO,1599.0,1219.0,Marketcell,True,https://www.plazavea.com.pe/xiaomi-redmi-note-14-pro-plus-5g-8-ram-256gb-negro-101883860/p
PlazaVea,Smartphones,APPLE,IPHONE 17 PRO MAX 5G 256GB ESIM - SILVER,6100.0,4729.0,Marketcell,True,https://www.plazavea.com.pe/iphone-17-pro-max-5g-256gb-esim-silver-101883612/p
PlazaVea,Smartphones,APPLE,IPHONE 17 PRO MAX 5G 256GB CHIP FISICO - NARANJA,6999.0,5599.0,Marketcell,True,https://www.plazavea.com.pe/iphone-17-pro-max-5g-256gb-chip-fisico-naranja-101883583/p
PlazaVea,Smartphones,APPLE,IPHONE 17 PRO 5G 256GB ESIM - NARANJA,5900.0,4589.0,Marketcell,True,https://www.plazavea.com.pe/iphone-17-pro-5g-256gb-esim-naranja-101883180/p
PlazaVea,Smartphones,APPLE,IPHONE 17 PRO 5G 256GB ESIM - AZUL,5900.0,4589.0,Marketcell,True,https://www.plazavea.com.pe/iphone-17-pro-5g-256gb-esim-azul-101883171/p
PlazaVea,Smartphones,APPLE,iPhone 17 ESIM 256gb - Sage,4899.0,3569.0,ROCICELL CELULARES,True,https://www.plazavea.com.pe/iphone-17-esim-256gb-sage-101883033/p
PlazaVea,Smartphones,APPLE,IPHONE 17 ESIM 256GB - White,4899.0,3569.0,ROCICELL CELULARES,True,https://www.plazavea.com.pe/iphone-17-esim-256gb-white-101883032/p
PlazaVea,Smartphones,APPLE,IPHONE 17 ESIM 256GB - Black,4899.0,3569.0,ROCICELL CELULARES,True,https://www.plazavea.com.pe/iphone-17-esim-256gb-black-101883031/p
PlazaVea,Smartphones,APPLE,IPHONE 17 CHIP FISICO 256GB - White,4999.0,3719.0,ROCICELL CELULARES,True,https://www.plazavea.com.pe/iphone-17-chip-fisico-256gb-white-101881689/p
PlazaVea,Smartphones,APPLE,IPHONE 17 CHIP FISICO 256GB - Black,4999.0,3719.0,ROCICELL CELULARES,True,https://www.plazavea.com.pe/iphone-17-chip-fisico-256gb-black-101881688/p
PlazaVea,Smartphones,HONOR,Honor Magic 8 Lite 256gb 8gb Ram Midnight Black,2099.0,1469.0,Moviles Eirl,True,https://www.plazavea.com.pe/honor-magic-8-lite-256gb-8gb-ram-midnight-black-101881183/p
PlazaVea,Smartphones,HONOR,Honor Magic 8 Lite 256gb 8gb Ram Forest Green,2099.0,1469.0,Moviles Eirl,True,https://www.plazavea.com.pe/honor-magic-8-lite-256gb-8gb-ram-forest-green-101881120/p
PlazaVea,Smartphones,HONOR,Honor Magic 8 Lite 256gb 8gb Ram Midnight Black,2099.0,1469.0,Telcelperu,True,https://www.plazavea.com.pe/honor-magic-8-lite-256gb-8gb-ram-midnight-black-101881117/p
PlazaVea,Smartphones,XIAOMI,XIAOMI REDMI NOTE 15 PRO PLUS 5G 512GB 12GB RAM NEGRO,3199.0,2099.0,Ofertec,True,https://www.plazavea.com.pe/xiaomi-redmi-note-15-pro-plus-5g-512gb-12gb-ram-negro-101881089/p
PlazaVea,Smartphones,XIAOMI,XIAOMI REDMI NOTE 15 PRO 5G 512GB 8GB RAM NEGRO,2599.0,1699.0,Ofertec,True,https://www.plazavea.com.pe/xiaomi-redmi-note-15-pro-5g-512gb-8gb-ram-negro-101881074/p
PlazaVea,Smartphones,XIAOMI,XIAOMI REDMI NOTE 15 PRO PLUS 5G 512GB 12GB RAM GLACIER BLUE,3199.0,2099.0,Ofertec,True,https://www.plazavea.com.pe/xiaomi-redmi-note-15-pro-plus-5g-512gb-12gb-ram-glacier-blue-101881070/p
PlazaVea,Smartphones,XIAOMI,XIAOMI REDMI NOTE 15 PRO 4G 256GB 8GB RAM TITANIUM,2199.0,1299.0,Ofertec,True,https://www.plazavea.com.pe/xiaomi-redmi-note-15-pro-4g-256gb-8gb-ram-titanium-101881067/p
PlazaVea,Smartphones,XIAOMI,XIAOMI REDMI NOTE 15 PRO 5G 512GB 8GB RAM GLACIER BLUE,2599.0,1699.0,Ofertec,True,https://www.plazavea.com.pe/xiaomi-redmi-note-15-pro-5g-512gb-8gb-ram-glacier-blue-101881059/p
PlazaVea,Smartphones,HONOR,Honor Magic 8 Lite 256gb 8gb Ram Forest Green,2099.0,1469.0,Telcelperu,True,https://www.plazavea.com.pe/honor-magic-8-lite-256gb-8gb-ram-forest-green-101881046/p
PlazaVea,Smartphones,XIAOMI,Xiaomi Redmi Note 15 Pro Plus 5G 512GB 12GB Ram Negro y Smartwatch - Audífonos,3099.0,2149.0,INFOTECSHOP,True,https://www.plazavea.com.pe/xiaomi-redmi-note-15-pro-5g-512gb-12gb-ram-negro-smartwatch-audifonos-101879441/p
PlazaVea,Smartphones,APPLE,iPhone 17 Pro Max 256gb ESIM - Silver,6999.0,4869.0,ROCICELL CELULARES,True,https://www.plazavea.com.pe/iphone-17-pro-max-256gb-esim-silver-101879406/p
PlazaVea,Smartphones,XIAOMI,Xiaomi Redmi Note 15 Pro 4G 256GB 8GB Ram Azul,1899.0,1099.0,INFOTECSHOP,True,https://www.plazavea.com.pe/xiaomi-redmi-note-15-pro-4g-256gb-8gb-ram-azul-101879364/p
PlazaVea,Smartphones,APPLE,iPhone 17 Pro Max 256gb ESIM - Deep Blue,6999.0,4869.0,ROCICELL CELULARES,True,https://www.plazavea.com.pe/iphone-17-pro-max-256gb-esim-deep-blue-101879362/p
PlazaVea,Smartphones,XIAOMI,Xiaomi Redmi Note 15 4G 128GB 6GB Ram Azul y Smartwatch - Audífonos,1499.0,869.0,INFOTECSHOP,True,https://www.plazavea.com.pe/xiaomi-redmi-note-15-4g-128gb-6gb-ram-azul-smartwatch-audifonos-101879355/p
PlazaVea,Smartphones,XIAOMI,Xiaomi Redmi Note 15 4G 256GB 8GB Ram Azul y Smartwatch - Audífonos,1599.0,999.0,INFOTECSHOP,True,https://www.plazavea.com.pe/xiaomi-redmi-note-15-4g-256gb-8gb-ram-azul-smartwatch-audifonos-101879319/p
PlazaVea,Smartphones,XIAOMI,Xiaomi Redmi Note 15 4G 128GB 6GB Ram Negro,1399.0,769.0,INFOTECSHOP,True,https://www.plazavea.com.pe/xiaomi-redmi-note-15-4g-128gb-6gb-ram-negro-101879308/p
PlazaVea,Smartphones,XIAOMI,Xiaomi Redmi Note 15 Pro 4G 256GB 8GB Ram Negro,1899.0,1099.0,INFOTECSHOP,True,https://www.plazavea.com.pe/xiaomi-redmi-note-15-pro-4g-256gb-8gb-ram-negro-101879304/p
PlazaVea,Smartphones,XIAOMI,Xiaomi Redmi Note 15 4G 128GB 6GB Ram Azul,1399.0,769.0,INFOTECSHOP,True,https://www.plazavea.com.pe/xiaomi-redmi-note-15-4g-128gb-6gb-ram-azul-101879283/p
PlazaVea,Smartphones,XIAOMI,Xiaomi Redmi Note 15 4G 256GB 8GB Ram Azul,1499.0,889.0,INFOTECSHOP,True,https://www.plazavea.com.pe/xiaomi-redmi-note-15-4g-256gb-8gb-ram-azul-101879274/p
PlazaVea,Smartphones,XIAOMI,Xiaomi Redmi Note 15 Pro Plus 5G 512GB 12GB Ram Negro,2999.0,2049.0,INFOTECSHOP,True,https://www.plazavea.com.pe/xiaomi-redmi-note-15-pro-5g-512gb-12gb-ram-negro-101879271/p
PlazaVea,Smartphones,XIAOMI,Xiaomi Redmi Note 15 4G 128GB 6GB Ram Negro y Smartwatch - Audífonos,1499.0,869.0,INFOTECSHOP,True,https://www.plazavea.com.pe/xiaomi-redmi-note-15-4g-128gb-6gb-ram-negro-smartwatch-audifonos-101879266/p
PlazaVea,Smartphones,XIAOMI,Xiaomi Redmi Note 15 Pro 4G 256GB 8GB Ram Azul y Smartwatch - Audífonos,1999.0,1199.0,INFOTECSHOP,True,https://www.plazavea.com.pe/xiaomi-redmi-note-15-pro-4g-256gb-8gb-ram-azul-smartwatch-audifonos-101879249/p
PlazaVea,Smartphones,XIAOMI,Xiaomi Redmi Note 15 4G 256GB 8GB Ram Negro y Smartwatch - Audífonos,1599.0,999.0,INFOTECSHOP,True,https://www.plazavea.com.pe/xiaomi-redmi-note-15-4g-256gb-8gb-ram-negro-smartwatch-audifonos-101879238/p
PlazaVea,Smartphones,XIAOMI,Xiaomi Redmi Note 15 Pro 4G 256GB 8GB Ram Negro y Smartwatch - Audífonos,1999.0,1199.0,INFOTECSHOP,True,https://www.plazavea.com.pe/xiaomi-redmi-note-15-pro-4g-256gb-8gb-ram-negro-smartwatch-audifonos-101879193/p
PlazaVea,Smartphones,XIAOMI,Xiaomi Redmi Note 15 4G 256GB 8GB Ram Negro,1499.0,889.0,INFOTECSHOP,True,https://www.plazavea.com.pe/xiaomi-redmi-note-15-4g-256gb-8gb-ram-negro-101879171/p
PlazaVea,Smartphones,HONOR,Honor 400 Pro 12RAM 512GB Negro,3659.0,2849.0,F MOBILE TECH,True,https://www.plazavea.com.pe/honor-400-pro-12ram-512gb-negro-101878419/p
PlazaVea,Smartphones,XIAOMI,XIAOMI REDMI NOTE 15 256GB 8GB RAM GLACIER BLUE,1899.0,1099.0,Ofertec,True,https://www.plazavea.com.pe/xiaomi-redmi-note-15-256gb-8gb-ram-glacier-blue-101877441/p
PlazaVea,Smartphones,XIAOMI,XIAOMI REDMI NOTE 15 256GB 8GB RAM NEGRO,1899.0,1099.0,Ofertec,True,https://www.plazavea.com.pe/xiaomi-redmi-note-15-256gb-8gb-ram-negro-101877439/p
PlazaVea,Smartphones,XIAOMI,XIAOMI REDMI NOTE 15 PRO 4G 256GB 8GB RAM GLACIER BLUE,1999.0,1299.0,Ofertec,True,https://www.plazavea.com.pe/xiaomi-redmi-note-15-pro-4g-256gb-8gb-ram-glacier-blue-101877438/p
PlazaVea,Smartphones,XIAOMI,XIAOMI REDMI NOTE 15 PRO 4G 256GB 8GB RAM NEGRO,1999.0,1299.0,Ofertec,True,https://www.plazavea.com.pe/xiaomi-redmi-note-15-pro-4g-256gb-8gb-ram-negro-101877437/p
PlazaVea,Smartphones,XIAOMI,XIAOMI REDMI NOTE 15 128GB 6GB RAM NEGRO,1399.0,899.0,Ofertec,True,https://www.plazavea.com.pe/xiaomi-redmi-note-15-128gb-6gb-ram-negro-101877428/p
PlazaVea,Smartphones,XIAOMI,XIAOMI REDMI NOTE 15 128GB 6GB RAM PURPURA,1399.0,799.0,Ofertec,True,https://www.plazavea.com.pe/xiaomi-redmi-note-15-128gb-6gb-ram-purpura-101877424/p
PlazaVea,Smartphones,APPLE,iPhone 17 Pro Max C/CHIP 256GB 12GB Silver,6749.0,6249.0,CELULARESPERUSMARTSAC,True,https://www.plazavea.com.pe/iphone-17-pro-max-c-chip-256gb-12gb-silver-101876270/p
PlazaVea,Smartphones,APPLE,IPHONE 17 chip fisico 256gb - Mist Blue,4999.0,3789.0,ROCICELL CELULARES,True,https://www.plazavea.com.pe/iphone-17-chip-fisico-256gb-mist-blue-101874994/p
PlazaVea,Smartphones,APPLE,iPhone 17 ESIM 256gb - Mist Blue,4899.0,3569.0,ROCICELL CELULARES,True,https://www.plazavea.com.pe/iphone-17-esim-256gb-mist-blue-101874989/p
PlazaVea,Smartphones,APPLE,IPHONE 17 256GB ESIM - LAVANDA,4899.0,3569.0,ROCICELL CELULARES,True,https://www.plazavea.com.pe/iphone-17-256gb-esim-lavanda-101874981/p
PlazaVea,Smartphones,XIAOMI,Xiaomi 15T WITH LEICA 512GB 12GB Gris,2393.0,2216.0,CELULARESPERUSMARTSAC,True,https://www.plazavea.com.pe/xiaomi-15t-with-leica-512gb-12gb-gris-101872895/p
PlazaVea,Smartphones,MOTOROLA,Motorola G06 128GB 4GB Azul,529.0,441.0,CELULARESPERUSMARTSAC,True,https://www.plazavea.com.pe/motorola-g06-128gb-4gb-azul-101872882/p
PlazaVea,Smartphones,XIAOMI,"Smartphone XIAOMI Redmi Note 15 PRO 6.8"" 8GB 512GB 200MP+8MP Azul",1499.0,1498.0,Plaza Vea,True,https://www.plazavea.com.pe/smartphone-xiaomi-redmi-note-15-pro-6-8--8gb-512gb-200mp8mp-azul-20570061/p
PlazaVea,Smartphones,XIAOMI,"Smartphone XIAOMI Redmi Note 15 PRO Plus 6.8"" 12GB 512GB 200MP+8MP Cafe Moca",1899.0,1799.0,Plaza Vea,True,https://www.plazavea.com.pe/smartphone-xiaomi-redmi-note-15-pro-plus-6-8--12gb-512gb-200mp8mp-cafe-moca-20570057/p
PlazaVea,Smartphones,XIAOMI,"Smartphone XIAOMI Redmi Note 15 PRO 5G 6.8"" 8GB 512GB 200MP+8MP Negro",1499.0,1498.0,Plaza Vea,True,https://www.plazavea.com.pe/smartphone-xiaomi-redmi-note-15-pro-5g-6-8--8gb-512gb-200mp8mp-negro-20570053/p
PlazaVea,Smartphones,XIAOMI,"Smartphone XIAOMI Redmi Note 15 6.7"" 8GB 256GB 108MP+8MP Azul",949.0,899.0,Plaza Vea,True,https://www.plazavea.com.pe/smartphone-xiaomi-redmi-note-15-6-7--8gb-256gb-108mp8mp-azul-20570063/p
PlazaVea,Smartphones,XIAOMI,"Smartphone XIAOMI Redmi Note 15 PRO 5G 6.8"" 8GB 512GB 200MP+8MP Gris",1499.0,1499.0,Plaza Vea,True,https://www.plazavea.com.pe/smartphone-xiaomi-redmi-note-15-pro-5g-6-8--8gb-512gb-200mp8mp-gris-20570064/p
PlazaVea,Smartphones,XIAOMI,"Smartphone XIAOMI Redmi Note 15 PRO 6.7"" 8GB 256GB 200MP+8MP Gris",1299.0,1299.0,Plaza Vea,True,https://www.plazavea.com.pe/smartphone-xiaomi-redmi-note-15-pro-6-7--8gb-256gb-200mp8mp-gris-20570058/p
PlazaVea,Smartphones,SAMSUNG,Celular Samsung Galaxy A17 SM-A175FZKKLTP 4GB 256GB 50MP Negro,1179.0,879.0,CARSA,True,https://www.plazavea.com.pe/celular-samsung-galaxy-a17-sm-a175fzkkltp-4gb-256gb-50mp-negro-101868361/p
PlazaVea,Smartphones,APPLE,Celular Apple iPhone 17 Pro Max 256GB Silver,6149.0,5349.0,CARSA,True,https://www.plazavea.com.pe/celular-apple-iphone-17-pro-max-256gb-silver-101868351/p
PlazaVea,Smartphones,APPLE,iPhone 17 Air e/SIM 256GB 8GB Light Gold,4119.0,3814.0,CELULARESPERUSMARTSAC,True,https://www.plazavea.com.pe/iphone-17-air-e-sim-256gb-8gb-light-gold-101861933/p
PlazaVea,Smartphones,APPLE,iPhone 17 Pro Max C/CHIP 256GB 12GB Deep Blue,6713.0,6216.0,CELULARESPERUSMARTSAC,True,https://www.plazavea.com.pe/iphone-17-pro-max-c-chip-256gb-12gb-deep-blue-101861520/p
PlazaVea,Smartphones,APPLE,iPhone 17 C/CHIP 256GB 8GB Lavender,4307.0,3988.0,CELULARESPERUSMARTSAC,True,https://www.plazavea.com.pe/iphone-17-c-chip-256gb-8gb-lavender-101861511/p
PlazaVea,Smartphones,SAMSUNG,Samsung Galaxy A17 256GB 8GB Negro,1199.0,999.0,CELULARESPERUSMARTSAC,True,https://www.plazavea.com.pe/samsung-galaxy-a17-256gb-8gb-negro-101861507/p
PlazaVea,Smartphones,HONOR,Honor 400 Pro 5G 512GB 12GB Gris,3051.0,2825.0,CELULARESPERUSMARTSAC,True,https://www.plazavea.com.pe/honor-400-pro-5g-512gb-12gb-gris-101861503/p
PlazaVea,Smartphones,XIAOMI,Xiaomi POCO M7 256GB 8GB Negro,977.0,814.0,CELULARESPERUSMARTSAC,True,https://www.plazavea.com.pe/xiaomi-poco-m7-256gb-8gb-negro-101861502/p
PlazaVea,Smartphones,APPLE,iPhone 17 Pro Max eSIM 256GB 12GB Cosmic Orange,5975.0,5532.0,CELULARESPERUSMARTSAC,True,https://www.plazavea.com.pe/iphone-17-pro-max-esim-256gb-12gb-cosmic-orange-101861499/p
PlazaVea,Smartphones,APPLE,iPhone 17 Pro Max eSIM 256GB 12GB Blue,5997.0,5553.0,CELULARESPERUSMARTSAC,True,https://www.plazavea.com.pe/iphone-17-pro-max-esim-256gb-12gb-blue-101861497/p
PlazaVea,Smartphones,APPLE,iPhone 17 Pro Max C/CHIP 256GB 12GB Cosmic Orange,6867.0,6358.0,CELULARESPERUSMARTSAC,True,https://www.plazavea.com.pe/iphone-17-pro-max-c-chip-256gb-12gb-cosmic-orange-101861493/p
PlazaVea,Smartphones,APPLE,iPhone 17 Pro C/CHIP 256GB 12GB Deep Blue,6303.0,5836.0,CELULARESPERUSMARTSAC,True,https://www.plazavea.com.pe/iphone-17-pro-c-chip-256gb-12gb-deep-blue-101861490/p
PlazaVea,Smartphones,HONOR,Honor X5C 128GB 4GB Cyan,572.0,477.0,CELULARESPERUSMARTSAC,True,https://www.plazavea.com.pe/honor-x5c-128gb-4gb-cyan-101861488/p
PlazaVea,Smartphones,HONOR,Honor Magic 7 Pro 512GB 12GB Negro,4119.0,3814.0,CELULARESPERUSMARTSAC,True,https://www.plazavea.com.pe/honor-magic-7-pro-512gb-12gb-negro-101860884/p
PlazaVea,Smartphones,APPLE,Celular iPhone 17 Pro 256GB Deep Blue,7699.0,4949.0,CARSA,True,https://www.plazavea.com.pe/celular-iphone-17-pro-256gb-deep-blue-101859896/p
PlazaVea,Smartphones,APPLE,Celular Apple iPhone 17 Pro Max 256GB 12GB RAM 48MP orange,6799.0,5349.0,CARSA,True,https://www.plazavea.com.pe/celular-iphone-17-pro-256gb-cosmic-orange-101859794/p
PlazaVea,Smartphones,APPLE,Celular iPhone 17 256GB Black,4499.0,3449.0,CARSA,True,https://www.plazavea.com.pe/celular-iphone-17-256gb-black-101859793/p
PlazaVea,Smartphones,APPLE,IPHONE 17 PRO 256GB ESIM - SILVER,6199.0,4529.0,Fox Móviles SAC,True,https://www.plazavea.com.pe/iphone-17-pro-256gb-esim-silver-101857130/p
PlazaVea,Smartphones,APPLE,IPHONE 17 PRO 256GB ESIM - NARANJA,6199.0,4729.0,Fox Móviles SAC,True,https://www.plazavea.com.pe/iphone-17-pro-256gb-esim-naranja-101856967/p
PlazaVea,Smartphones,APPLE,IPHONE 17 PRO 256GB ESIM - AZUL,6199.0,4529.0,Fox Móviles SAC,True,https://www.plazavea.com.pe/iphone-17-pro-256gb-esim-azul-101856966/p
PlazaVea,Smartphones,SAMSUNG,Samsung Galaxy A17 5G 128GB 4GB Negro,912.0,760.0,CELULARESPERUSMARTSAC,True,https://www.plazavea.com.pe/samsung-galaxy-a17-5g-128gb-4gb-negro-101855981/p
PlazaVea,Smartphones,XIAOMI,Xiaomi 15T WITH LEICA 512GB 12GB Negro,2429.0,2249.0,CELULARESPERUSMARTSAC,True,https://www.plazavea.com.pe/xiaomi-15t-with-leica-512gb-12gb-negro-101855978/p
PlazaVea,Smartphones,HONOR,Honor X9c 5G 256GB 8GB Morado,1337.0,1238.0,CELULARESPERUSMARTSAC,True,https://www.plazavea.com.pe/honor-x9c-5g-256gb-8gb-morado-101855976/p
PlazaVea,Smartphones,REDMI,Celular Xiaomi Redmi A5 Dual SIM 128GB Negro 4GB RAM,799.0,599.0,OFERTAS UNICAS YELI,True,https://www.plazavea.com.pe/celular-xiaomi-redmi-a5-dual-sim-128gb-negro-4gb-ram-101855144/p
PlazaVea,Smartphones,REDMI,Celular Xiaomi Redmi A5 Dual SIM 128GB Negro 4GB RAM,799.0,599.0,MUNDO ELECTRONICO,True,https://www.plazavea.com.pe/celular-xiaomi-redmi-a5-dual-sim-128gb-negro-4gb-ram-101855123/p
PlazaVea,Smartphones,REDMI,CELULAR XIAOMI REDMI A5 DUAL SIM 128GB AZUL 4GB RAM 4,799.0,599.0,MUNDO ELECTRONICO,True,https://www.plazavea.com.pe/celular-xiaomi-redmi-a5-dual-sim-128gb-azul-4gb-ram-4-101855120/p
PlazaVea,Smartphones,REDMI,CELULAR XIAOMI REDMI A5 DUAL SIM 128GB AZUL 4GB RAM 4,799.0,579.0,OFERTAS UNICAS YELI,True,https://www.plazavea.com.pe/celular-xiaomi-redmi-a5-dual-sim-128gb-azul-4gb-ram-4-101855119/p
PlazaVea,Smartphones,XIAOMI,Xiaomi Poco C85 256GB 8GB Negro,821.0,684.0,CELULARESPERUSMARTSAC,True,https://www.plazavea.com.pe/xiaomi-poco-c85-256gb-8gb-negro-101854648/p
PlazaVea,Smartphones,MOTOROLA,Motorola G86 256GB 8GB Azul,1231.0,1140.0,CELULARESPERUSMARTSAC,True,https://www.plazavea.com.pe/motorola-g86-256gb-8gb-azul-101854647/p
PlazaVea,Smartphones,APPLE,iPhone 17 Pro Max Azul Oscuro 256Gb,6599.0,6099.0,oechsle,True,https://www.plazavea.com.pe/iphone-17-pro-max-azul-oscuro-256gb-101853934/p
PlazaVea,Smartphones,SAMSUNG,Celular Samsung Galaxy S25 FE 5G 256GB 8GB Negro,3249.0,2699.0,oechsle,True,https://www.plazavea.com.pe/celular-samsung-galaxy-s25-fe-5g-256gb-8gb-negro-101853931/p
PlazaVea,Smartphones,APPLE,iPhone 17 Blanco 256Gb,4399.0,4099.0,oechsle,True,https://www.plazavea.com.pe/iphone-17-blanco-256gb-101853924/p
PlazaVea,Smartphones,APPLE,iPhone 17 Pro Plata 256Gb,5999.0,5499.0,oechsle,True,https://www.plazavea.com.pe/iphone-17-pro-plata-256gb-101853923/p
PlazaVea,Smartphones,APPLE,iPhone 17 Azul Neblina 256Gb,4399.0,4099.0,oechsle,True,https://www.plazavea.com.pe/iphone-17-azul-neblina-256gb-101853920/p
PlazaVea,Smartphones,SAMSUNG,Celular Samsung Galaxy A17 256GB 8GB Celeste,1399.0,1049.0,oechsle,True,https://www.plazavea.com.pe/celular-samsung-galaxy-a17-256gb-8gb-celeste-101853919/p
PlazaVea,Smartphones,SAMSUNG,Celular Samsung Galaxy A17 256GB 8GB Negro,1399.0,1049.0,oechsle,True,https://www.plazavea.com.pe/celular-samsung-galaxy-a17-256gb-8gb-negro-101853917/p
PlazaVea,Smartphones,APPLE,iPhone 17 Pro Max Plata 256Gb,6599.0,6099.0,oechsle,True,https://www.plazavea.com.pe/iphone-17-pro-max-plata-256gb-101853916/p
PlazaVea,Smartphones,SAMSUNG,Samsung Galaxy A17 4G 256GB 8GB Ram Negro y Cargador USB-C Samsung Original 25W,1649.0,1089.0,INFOTECSHOP,True,https://www.plazavea.com.pe/samsung-galaxy-a17-4g-256gb-8gb-ram-negro-cargador-usb-c-samsung-original-25w-101852141/p
PlazaVea,Smartphones,SAMSUNG,Samsung Galaxy A17 4G 256GB 8GB Ram Negro,1549.0,989.0,INFOTECSHOP,True,https://www.plazavea.com.pe/samsung-galaxy-a17-4g-256gb-8gb-ram-negro-101852126/p
PlazaVea,Smartphones,XIAOMI,Xiaomi REDMI 15C 128GB 4GB Verde,612.0,510.0,CELULARESPERUSMARTSAC,True,https://www.plazavea.com.pe/xiaomi-redmi-15c-128gb-4gb-verde-101848363/p
PlazaVea,Smartphones,XIAOMI,Xiaomi REDMI 15C 256GB 4GB Negro,638.0,532.0,CELULARESPERUSMARTSAC,True,https://www.plazavea.com.pe/xiaomi-redmi-15c-256gb-4gb-negro-101848358/p
PlazaVea,Smartphones,MOTOROLA,Motorola G56 5G 256GB 8GB Verde,1055.0,879.0,CELULARESPERUSMARTSAC,True,https://www.plazavea.com.pe/motorola-g56-5g-256gb-8gb-verde-101848306/p
PlazaVea,Smartphones,SAMSUNG,Samsung A56 5G 256GB 8GB Graphite,1819.0,1684.0,CELULARESPERUSMARTSAC,True,https://www.plazavea.com.pe/samsung-a56-5g-256gb-8gb-graphite-101847486/p
PlazaVea,Smartphones,SAMSUNG,Samsung S22 Ultra 512GB 12GB Negro |OPEN BOX,2310.0,2139.0,Celulares Peru Smart,True,https://www.plazavea.com.pe/samsung-s22-ultra-512gb-12gb-negro-open-box-101847244/p
PlazaVea,Smartphones,SAMSUNG,Samsung Z Flip 5 5G 256GB 8GB Mint |OPEN BOX,2577.0,2386.0,Celulares Peru Smart,True,https://www.plazavea.com.pe/samsung-z-flip-5-5g-256gb-8gb-mint-open-box-101847182/p
PlazaVea,Smartphones,APPLE,iPhone 17 C/CHIP 256GB 8GB Negro,4519.0,4184.0,CELULARESPERUSMARTSAC,True,https://www.plazavea.com.pe/iphone-17-c-chip-256gb-8gb-negro-101841785/p
PlazaVea,Smartphones,SAMSUNG,Samsung Galaxy S25 Ultra 1Tb 12Gb 200mp Titanium Grey,5499.0,3829.0,Moviles Eirl,True,https://www.plazavea.com.pe/samsung-galaxy-s25-ultra-1tb-12gb-200mp-titanium-grey-101841763/p
PlazaVea,Smartphones,SAMSUNG,Samsung Galaxy S25 Ultra 1Tb 12Gb 200mp Titanium Black,5499.0,3829.0,Moviles Eirl,True,https://www.plazavea.com.pe/samsung-galaxy-s25-ultra-1tb-12gb-200mp-titanium-black-101841620/p
PlazaVea,Smartphones,SAMSUNG,Samsung Galaxy S25 Ultra 1Tb 12Gb 200mp Titanium Black,5499.0,3829.0,Telcelperu,True,https://www.plazavea.com.pe/samsung-galaxy-s25-ultra-1tb-12gb-200mp-titanium-black-101841605/p
PlazaVea,Smartphones,SAMSUNG,Samsung Galaxy S25 Ultra 1Tb 12Gb 200mp Titanium Grey,5499.0,3829.0,Telcelperu,True,https://www.plazavea.com.pe/samsung-galaxy-s25-ultra-1tb-12gb-200mp-titanium-grey-101841078/p
PlazaVea,Smartphones,APPLE,IPHONE 17 256GB ESIM - MORADO,4599.0,3569.0,Fox Móviles SAC,True,https://www.plazavea.com.pe/iphone-17-256gb-esim-morado-101839936/p
PlazaVea,Smartphones,XIAOMI,Xiaomi Redmi 15C 128GB 4GB Ram Color Azul - Smartwatch y Audifonos,949.0,649.0,INFOTECSHOP,True,https://www.plazavea.com.pe/xiaomi-redmi-15c-128gb-4gb-ram-color-azul-smartwatch-audifonos-101839063/p
PlazaVea,Smartphones,XIAOMI,Xiaomi Redmi 15C 256GB 8GB Ram Color Verde - Smartwatch y Audifonos,1099.0,799.0,INFOTECSHOP,True,https://www.plazavea.com.pe/xiaomi-redmi-15c-256gb-8gb-ram-color-verde-smartwatch-audifonos-101839053/p
PlazaVea,Smartphones,XIAOMI,Xiaomi Redmi 15C 128GB 4GB Ram Color Verde,849.0,529.0,INFOTECSHOP,True,https://www.plazavea.com.pe/xiaomi-redmi-15c-128gb-4gb-ram-color-verde-101839042/p
PlazaVea,Smartphones,XIAOMI,Xiaomi Redmi 15C 256GB 4GB Ram Color Verde,899.0,569.0,INFOTECSHOP,True,https://www.plazavea.com.pe/xiaomi-redmi-15c-256gb-4gb-ram-color-verde-101839038/p
PlazaVea,Smartphones,XIAOMI,Xiaomi Redmi 15C 256GB 4GB Ram Color Verde - Smartwatch y Audifonos,999.0,669.0,INFOTECSHOP,True,https://www.plazavea.com.pe/xiaomi-redmi-15c-256gb-4gb-ram-color-verde-smartwatch-audifonos-101839037/p
PlazaVea,Smartphones,XIAOMI,Xiaomi Redmi 15C 256GB 4GB Ram Color Azul - Smartwatch y Audifonos,999.0,669.0,INFOTECSHOP,True,https://www.plazavea.com.pe/xiaomi-redmi-15c-256gb-4gb-ram-color-azul-smartwatch-audifonos-101839034/p
PlazaVea,Smartphones,XIAOMI,Xiaomi Redmi 15C 128GB 4GB Ram Color Negro - Smartwatch y Audifonos,949.0,949.0,INFOTECSHOP,True,https://www.plazavea.com.pe/xiaomi-redmi-15c-128gb-4gb-ram-color-negro-smartwatch-audifonos-101839033/p
PlazaVea,Smartphones,XIAOMI,Xiaomi Redmi 15C 256GB 8GB Ram Color Verde,999.0,679.0,INFOTECSHOP,True,https://www.plazavea.com.pe/xiaomi-redmi-15c-256gb-8gb-ram-color-verde-101839030/p
PlazaVea,Smartphones,XIAOMI,Xiaomi Redmi 15C 128GB 4GB Ram Color Verde - Smartwatch y Audifonos,949.0,649.0,INFOTECSHOP,True,https://www.plazavea.com.pe/xiaomi-redmi-15c-128gb-4gb-ram-color-verde-smartwatch-audifonos-101839023/p
PlazaVea,Smartphones,HONOR,Honor X5c Plus 256GB 6GB Ram Color Negro,999.0,589.0,INFOTECSHOP,True,https://www.plazavea.com.pe/honor-x5c-plus-256gb-6gb-ram-color-negro-101839022/p
PlazaVea,Smartphones,HONOR,Honor X5c Plus 256GB 6GB Ram Color Azul,999.0,589.0,INFOTECSHOP,True,https://www.plazavea.com.pe/honor-x5c-plus-256gb-6gb-ram-color-azul-101839014/p
PlazaVea,Smartphones,HONOR,Honor X5c Plus 256GB 6GB Ram Color Plata,999.0,589.0,INFOTECSHOP,True,https://www.plazavea.com.pe/honor-x5c-plus-256gb-6gb-ram-color-plata-101839011/p
PlazaVea,Smartphones,SAMSUNG,Samsung Galaxy A07 128GB 4GB Light Violet,612.0,510.0,CELULARESPERUSMARTSAC,True,https://www.plazavea.com.pe/samsung-galaxy-a07-128gb-4gb-light-violet-101835575/p
PlazaVea,Smartphones,SAMSUNG,Samsung Galaxy A07 128GB 4GB Negro,625.0,521.0,CELULARESPERUSMARTSAC,True,https://www.plazavea.com.pe/samsung-galaxy-a07-128gb-4gb-negro-101835572/p
PlazaVea,Smartphones,MOTOROLA,Motorola G56 5G 256GB 8GB Azul-Marino,1055.0,879.0,CELULARESPERUSMARTSAC,True,https://www.plazavea.com.pe/motorola-g56-5g-256gb-8gb-azul-marino-101835556/p
PlazaVea,Smartphones,SAMSUNG,Samsung Galaxy A07 64GB 4GB Negro,516.0,430.0,CELULARESPERUSMARTSAC,True,https://www.plazavea.com.pe/samsung-galaxy-a07-64gb-4gb-negro-101835549/p
PlazaVea,Smartphones,XIAOMI,Xiaomi REDMI 15C 256GB 4GB Azul,664.0,553.0,CELULARESPERUSMARTSAC,True,https://www.plazavea.com.pe/xiaomi-redmi-15c-256gb-4gb-azul-101835055/p
PlazaVea,Smartphones,MOTOROLA,Motorola Edge 60 Fusion 256GB 8GB Rosa,1361.0,1260.0,CELULARESPERUSMARTSAC,True,https://www.plazavea.com.pe/motorola-edge-60-fusion-256gb-8gb-rosa-101834969/p
PlazaVea,Smartphones,XIAOMI,Xiaomi REDMI 15C 128GB 4GB Negro,625.0,521.0,CELULARESPERUSMARTSAC,True,https://www.plazavea.com.pe/xiaomi-redmi-15c-128gb-4gb-negro-101834939/p
PlazaVea,Smartphones,XIAOMI,Xiaomi REDMI 15C 256GB 4GB Verde,650.0,542.0,CELULARESPERUSMARTSAC,True,https://www.plazavea.com.pe/xiaomi-redmi-15c-256gb-4gb-verde-101834915/p
PlazaVea,Smartphones,MOTOROLA,Motorola Edge 60 Fusion 256GB 8GB Pantone,1301.0,1205.0,CELULARESPERUSMARTSAC,True,https://www.plazavea.com.pe/motorola-edge-60-fusion-256gb-8gb-pantone-101834914/p
PlazaVea,Smartphones,SAMSUNG,Samsung S24 FE 5G 128GB 8GB Grafito,2229.0,2064.0,CELULARESPERUSMARTSAC,True,https://www.plazavea.com.pe/samsung-s24-fe-5g-128gb-8gb-grafito-101833982/p
PlazaVea,Smartphones,APPLE,IPHONE 16 PRO 128GB APPLE TITANIO NATURAL REACONDICIONADO,3679.0,3199.0,COMPRAFACIL USA,True,https://www.plazavea.com.pe/reacondicionad0-iphone-16-pro-128gb-titanio-natural-101826865/p
PlazaVea,Smartphones,APPLE,IPHONE 16 PRO 128GB APPLE NEGRO TITANIO REACONDICIONADO,3679.0,3199.0,COMPRAFACIL USA,True,https://www.plazavea.com.pe/reacondicionad0-iphone-16-pro-128gb-negro-titanio-101826847/p
PlazaVea,Smartphones,APPLE,IPHONE 11 128GB APPLE BLANCO REACONDICIONADO,1149.0,999.0,COMPRAFACIL USA,True,https://www.plazavea.com.pe/reacondicionad0-apple-iphone-11-128gb-blanco-101826809/p
PlazaVea,Smartphones,APPLE,IPHONE 16 PLUS 128GB APPLE VERDE REACONDICIONADO,3449.0,2999.0,COMPRAFACIL USA,True,https://www.plazavea.com.pe/reacondicionad0-iphone-16-plus-128gb-verde-101826776/p
PlazaVea,Smartphones,APPLE,IPHONE 16 128GB APPLE BLANCO REACONDICIONADO,3169.0,2749.0,COMPRAFACIL USA,True,https://www.plazavea.com.pe/reacondicionad0-iphone-16-128gb-blanco-101826735/p
PlazaVea,Smartphones,APPLE,IPHONE 11 128GB APPLE VERDE REACONDICIONADO,1129.0,979.0,COMPRAFACIL USA,True,https://www.plazavea.com.pe/reacondicionad0-apple-iphone-11-128gb-verde-101826569/p
PlazaVea,Smartphones,REDMI,CELULAR XIAOMI REDMI 15C 4GB RAM 128GB ROM - NEGRO OCASO Negro Ocaso,999.0,499.0,IMPORT CASO E.I.R.L.,True,https://www.plazavea.com.pe/celular-xiaomi-redmi-15c-4gb-ram-128gb-rom-negro-ocaso-101814959/p
PlazaVea,Smartphones,APPLE,iPhone 17 256GB CHIP FISICO - Mist blue,4999.0,3689.0,Fox Móviles SAC,True,https://www.plazavea.com.pe/iphone-17-chip-256gb-azul-101803754/p
PlazaVea,Smartphones,APPLE,iphone 17 256gb chip fisico - negro,4999.0,3689.0,Fox Móviles SAC,True,https://www.plazavea.com.pe/iphone-17-256gb-chip-fisico---negro--101802197/p
PlazaVea,Smartphones,APPLE,Iphone 17 Pro Silver 256GB,6501.0,6501.0,Plaza Vea,True,https://www.plazavea.com.pe/iphone-17-pro-silver-256gb-20568472/p
PlazaVea,Smartphones,APPLE,iPhone 17 Pro Max Corange 256GB,7400.0,5449.0,Plaza Vea,True,https://www.plazavea.com.pe/iphone-17-pro-max-corange-256gb-20568464/p
PlazaVea,Smartphones,APPLE,iPhone 17 Pro Cosmic Orange 256GB,6501.0,5049.0,Plaza Vea,True,https://www.plazavea.com.pe/iphone-17-pro-cosmic-orange-256gb-20568484/p
PlazaVea,Smartphones,APPLE,iphone 17 256gb chip fisico - blanco,4999.0,3689.0,Fox Móviles SAC,True,https://www.plazavea.com.pe/iphone-17-256gb-chip-fisico-blanco-101791557/p
PlazaVea,Smartphones,SAMSUNG,Celular Samsung Galaxy S25 Ultra 512GB ROM 12GB RAM - Titanium Gray,5999.0,5999.0,LYANNOVA,True,https://www.plazavea.com.pe/celular-samsung-galaxy-s25-ultra-512gb-rom-12gb-ram-titanium-gray-101786694/p
PlazaVea,Smartphones,APPLE,iPhone 17 Air Negro Espacial 256Gb,5499.0,4899.0,oechsle,True,https://www.plazavea.com.pe/iphone-17-air-negro-espacial-256gb-101784773/p
PlazaVea,Smartphones,APPLE,iPhone 17 Air Celeste 256Gb,5499.0,4899.0,oechsle,True,https://www.plazavea.com.pe/iphone-17-air-celeste-256gb-101784772/p
PlazaVea,Smartphones,APPLE,iPhone 17 Air Light Dorado 256Gb,5499.0,4899.0,oechsle,True,https://www.plazavea.com.pe/iphone-17-air-light-dorado-256gb-101784771/p
PlazaVea,Smartphones,APPLE,iPhone 17 Air Blanco 256Gb,5499.0,4899.0,oechsle,True,https://www.plazavea.com.pe/iphone-17-air-blanco-256gb-101784770/p
PlazaVea,Smartphones,APPLE,iPhone 17 Pro Azul Oscuro 256Gb,5999.0,4999.0,oechsle,True,https://www.plazavea.com.pe/iphone-17-pro-azul-oscuro-256gb-101784769/p
PlazaVea,Smartphones,APPLE,iPhone 17 Pro Max Naranja Cósmico 256Gb,6599.0,6099.0,oechsle,True,https://www.plazavea.com.pe/iphone-17-pro-max-naranja-cosmico-256gb-101784768/p
PlazaVea,Smartphones,HONOR,Honor X5c 128GB 4GB Ram Plata,799.0,509.0,INFOTECSHOP,True,https://www.plazavea.com.pe/honor-x5c-128gb-4gb-ram-plata-101783386/p
PlazaVea,Smartphones,HONOR,Honor X5c 64GB 4GB Ram Negro,649.0,449.0,INFOTECSHOP,True,https://www.plazavea.com.pe/honor-x5c-64gb-4gb-ram-negro-101783345/p
PlazaVea,Smartphones,APPLE,IPHONE 17 256GB ESIM - NEGRO,4999.0,3569.0,Fox Móviles SAC,True,https://www.plazavea.com.pe/iphone-17-256gb-esim-negro-101780736/p
PlazaVea,Smartphones,APPLE,iPhone 17 Pro Deep Blue 256GB,6501.0,5049.0,Plaza Vea,True,https://www.plazavea.com.pe/iphone-17-pro-deep-blue-256gb-20568487/p
PlazaVea,Smartphones,SAMSUNG,Celular Samsung Galaxy S25 Ultra 512GB ROM 12GB RAM  - BLACK TITANIUM,5999.0,5999.0,LYANNOVA,True,https://www.plazavea.com.pe/celular-samsung-galaxy-s25-ultra-512gb-rom-12gb-ram-101760223/p
PlazaVea,Smartphones,APPLE,IPHONE  17 PRO MAX 256 GB POTENCIA PROFESIONAL - SILVER  mas Regalo,6999.0,4949.0,Techpro Store,True,https://www.plazavea.com.pe/iphone-17-pro-max-256-gb-potencia-profesional-silver-101748505/p
PlazaVea,Smartphones,APPLE,IPHONE  17 PRO MAX 256 GB - BLUE mas Regalo,6299.0,4949.0,Techpro Store,True,https://www.plazavea.com.pe/iphone-17-pro-max-256-gb-potencia-profesional-blue-101748504/p
PlazaVea,Smartphones,APPLE,IPHONE 17 PRO MAX CHIP FISICO 256GB - NARANJA,8999.0,6299.0,FoxMovilesSAC Express,True,https://www.plazavea.com.pe/iphone-17-pro-max-chip-fisico-256gb-naranja-101747764/p
PlazaVea,Smartphones,APPLE,IPHONE 17 PRO MAX ESIM 256GB - AZUL,6999.0,5599.0,FoxMovilesSAC Express,True,https://www.plazavea.com.pe/iphone-17-pro-max-esim-256gb-azul-101747755/p
PlazaVea,Smartphones,APPLE,IPHONE 17 PRO MAX ESIM 256GB - BLANCO,6999.0,5599.0,FoxMovilesSAC Express,True,https://www.plazavea.com.pe/iphone-17-pro-max-esim-256gb-blanco-101746583/p
PlazaVea,Smartphones,APPLE,IPHONE 17 PRO MAX ESIM 256GB - NARANJA,6999.0,5849.0,FoxMovilesSAC Express,True,https://www.plazavea.com.pe/iphone-17-pro-max-esim-256gb-naranja-101746582/p
PlazaVea,Smartphones,APPLE,IPHONE 15 128GB - AZUL,3999.0,2529.0,FoxMovilesSAC Express,True,https://www.plazavea.com.pe/iphone-15-128gb-azul-101746581/p
PlazaVea,Smartphones,APPLE,IPHONE 15 128GB - NEGRO,3999.0,2529.0,FoxMovilesSAC Express,True,https://www.plazavea.com.pe/iphone-15-128gb-negro-101746580/p
PlazaVea,Smartphones,APPLE,Reacondicionado iPhone 15 Plus 128GB Negro,2399.0,2399.0,CATAPU,True,https://www.plazavea.com.pe/reacondicionado-iphone-15-plus-128gb-negro-101746554/p
PlazaVea,Smartphones,APPLE,"Apple Iphone 17 256gb 6.3"" Black Chip Fisico",4979.0,3779.0,Moviles Eirl,True,https://www.plazavea.com.pe/apple-iphone-17-256gb-6-3-black-chip-fisico-101746551/p
PlazaVea,Smartphones,APPLE,"Apple Iphone 17 256gb 6.3"" Black Chip Fisico",4979.0,3779.0,Telcelperu,True,https://www.plazavea.com.pe/apple-iphone-17-256gb-6-3-black-chip-fisico-101746549/p
PlazaVea,Smartphones,APPLE,IPhone 17 256GB Negro Espacial,4399.0,4099.0,oechsle,True,https://www.plazavea.com.pe/iphone-17-256gb-negro-espacial-101745592/p
PlazaVea,Smartphones,SAMSUNG,Samsung Galaxy S25 ULTRA 1TB 12GB - BLANCO,5699.0,4299.0,Fox Móviles SAC,True,https://www.plazavea.com.pe/samsung-galaxy-s25-ultra-1tb-12gb-blanco-101744461/p
PlazaVea,Smartphones,APPLE,IPHONE 17 256GB ESIM - AZUL,4999.0,3569.0,Fox Móviles SAC,True,https://www.plazavea.com.pe/iphone-17-256gb-esim-azul-101736141/p
PlazaVea,Smartphones,APPLE,Apple iPhone 17 Pro Max 256GB Cosmic Orange eSim,7299.0,4969.0,COOLTRADE,True,https://www.plazavea.com.pe/apple-iphone-17-pro-max-256gb-cosmic-orange-esim-101734138/p
PlazaVea,Smartphones,APPLE,IPHONE 17 256GB ESIM - BLANCO  mas regalo,4999.0,3569.0,Fox Móviles SAC,True,https://www.plazavea.com.pe/iphone-17-256gb-esim-blanco-101732444/p
PlazaVea,Smartphones,XIAOMI,Xiaomi 15T 512GB 12GB Ram Negro y Smartwatch - Audifonos,4099.0,4099.0,INFOTECSHOP,True,https://www.plazavea.com.pe/xiaomi-15t-512gb-12gb-ram-negro-smartwatch-audifonos-101729505/p
PlazaVea,Smartphones,HONOR,HONOR X5C 4RAM Y 64GB NEGRO,599.0,599.0,IMPORTACIONES LUNA-TEL,True,https://www.plazavea.com.pe/honor-x5c-4ram-y-64gb-negro-101729498/p
PlazaVea,Smartphones,POCO,Celular Poco M3 Pro 5G 4GB RAM 64GB Cámara 48 MP Color Negro,799.0,449.0,SL TECNOLOGÍA SMART,True,https://www.plazavea.com.pe/celular-poco-m3-pro-5g-4gb-ram-64gb-camara-48-mp-color-negro-101726258/p
PlazaVea,Smartphones,REDMI,CELULAR XIAOMI REDMI 15C 4GB RAM 128GB ROM - NEGRO OCASO,999.0,499.0,RP INVERSIONES,True,https://www.plazavea.com.pe/celular-xiaomi-redmi-15c-4gb-ram-128gb-rom-negro-ocaso-101725304/p
PlazaVea,Smartphones,REDMI,CELULAR XIAOMI REDMI 15C 4GB RAM 128GB ROM - NEGRO OCASO,999.0,499.0,D´TEEC-TECNOLOGÍA ELECTRO,True,https://www.plazavea.com.pe/celular-xiaomi-redmi-15c-4gb-ram-128gb-rom-negro-ocaso-101724985/p
PlazaVea,Smartphones,XIAOMI,Celular Redmi 15C Mint Green 4GB RAM 256GB ROM,649.0,499.0,oechsle,True,https://www.plazavea.com.pe/celular-redmi-15c-mint-green-4gb-ram-256gb-rom-101723915/p
PlazaVea,Smartphones,XIAOMI,Celular Redmi 15C Midnight Black 4GB RAM 256GB ROM,649.0,499.0,oechsle,True,https://www.plazavea.com.pe/celular-redmi-15c-midnight-black-4gb-ram-256gb-rom-101723876/p
PlazaVea,Smartphones,SAMSUNG,"Smartphone SAMSUNG Galaxy S25 FE 6.7"" 8GB 128GB 50.0 MP + 12.0 MP + 8.0 MP Negro",2649.0,2599.0,Plaza Vea,True,https://www.plazavea.com.pe/smartphone-samsung-galaxy-s25-fe-6-7--8gb-128gb-50-0-mp12-0-mp8-0-mp-negro/p
PlazaVea,Smartphones,XIAOMI,"Smartphone XIAOMI 15T PRO 6.8"" 12GB 512GB Leica 50MP + 50MP + 12MP Negro",2899.0,2499.0,Plaza Vea,True,https://www.plazavea.com.pe/smartphone-xiaomi-15t-pro-6-8--12gb-512gb-leica-50mp50mp12mp-negro-20564678/p
PlazaVea,Smartphones,XIAOMI,Celular Xiaomi Redmi 15C 256GB 4GB Midnight Black,819.0,479.0,CARSA,True,https://www.plazavea.com.pe/celular-xiaomi-redmi-15c-256gb-4gb-midnight-black-101718114/p
PlazaVea,Smartphones,APPLE,Iphone 16 128gb Negro,4999.0,4999.0,FoxMovilesSAC Express,True,https://www.plazavea.com.pe/iphone-16-128gb-negro-101715016/p
PlazaVea,Smartphones,HONOR,HONOR X5C PLUS VERDE 6RAM Y 256GB,849.0,849.0,IMPORTACIONES LUNA-TEL,True,https://www.plazavea.com.pe/honor-x5c-plus-verde-6ram-y-256gb-101714977/p
PlazaVea,Smartphones,APPLE,Iphone 16 128gb Blanco,4999.0,2949.0,FoxMovilesSAC Express,True,https://www.plazavea.com.pe/iphone-16-128gb-blanco-101714929/p
PlazaVea,Smartphones,APPLE,Iphone 16 Pro Max 256gb Chip Fisico Negro,9399.0,9399.0,FoxMovilesSAC Express,True,https://www.plazavea.com.pe/iphone-16-pro-max-256gb-chip-fisico-negro-101714927/p
PlazaVea,Smartphones,SAMSUNG,Samsung Galaxy S25 Ultra 256gb 12gb Blanco,4599.0,3959.0,FoxMovilesSAC Express,True,https://www.plazavea.com.pe/samsung-galaxy-s25-ultra-256gb-12gb-blanco-101714897/p
PlazaVea,Smartphones,APPLE,Iphone 16 Pro Max 256gb Chip Fisico Desert,9399.0,5089.0,FoxMovilesSAC Express,True,https://www.plazavea.com.pe/iphone-16-pro-max-256gb-chip-fisico-desert-101714459/p
PlazaVea,Smartphones,SAMSUNG,Samsung Galaxy S25 Ultra 512gb 12gb Negro,6999.0,4189.0,FoxMovilesSAC Express,True,https://www.plazavea.com.pe/samsung-galaxy-s25-ultra-512gb-12gb-negro-101714259/p
PlazaVea,Smartphones,SAMSUNG,Samsung Galaxy S25 Ultra 256gb 12gb Negro,4599.0,3959.0,FoxMovilesSAC Express,True,https://www.plazavea.com.pe/samsung-galaxy-s25-ultra-256gb-12gb-negro-101714106/p
PlazaVea,Smartphones,SAMSUNG,Samsung Galaxy S25 Ultra 512gb 12gb Azul,6999.0,4189.0,FoxMovilesSAC Express,True,https://www.plazavea.com.pe/samsung-galaxy-s25-ultra-512gb-12gb-azul-101713480/p
PlazaVea,Smartphones,SAMSUNG,Samsung Galaxy S25 Ultra 512gb 12gb Gris,6999.0,4189.0,FoxMovilesSAC Express,True,https://www.plazavea.com.pe/samsung-galaxy-s25-ultra-512gb-12gb-gris-101713456/p
PlazaVea,Smartphones,APPLE,Iphone 16 128gb Rosado,4999.0,2999.0,FoxMovilesSAC Express,True,https://www.plazavea.com.pe/iphone-16-128gb-rosado-101713445/p
PlazaVea,Smartphones,APPLE,Iphone 16 128gb Azul,4999.0,2949.0,FoxMovilesSAC Express,True,https://www.plazavea.com.pe/iphone-16-128gb-azul-101713417/p
PlazaVea,Smartphones,SAMSUNG,Samsung Galaxy S25 Ultra 256gb 12gb Gris,4599.0,3959.0,FoxMovilesSAC Express,True,https://www.plazavea.com.pe/samsung-galaxy-s25-ultra-256gb-12gb-gris-101713410/p
PlazaVea,Smartphones,SAMSUNG,Samsung Galaxy S25 Ultra 512gb 12gb Blanco,4599.0,4189.0,FoxMovilesSAC Express,True,https://www.plazavea.com.pe/samsung-galaxy-s25-ultra-512gb-12gb-blanco-101713396/p
PlazaVea,Smartphones,APPLE,Iphone 16 128gb - Teal,4999.0,2949.0,FoxMovilesSAC Express,True,https://www.plazavea.com.pe/iphone-16-128gb-teal-101713389/p
PlazaVea,Smartphones,APPLE,Iphone 16 Pro Max 512gb Chip Fisico Negro,9399.0,9399.0,FoxMovilesSAC Express,True,https://www.plazavea.com.pe/iphone-16-pro-max-512gb-chip-fisico-negro-101713388/p
PlazaVea,Smartphones,SAMSUNG,Samsung Galaxy S25 Ultra 256gb 12gb Azul,4599.0,3959.0,FoxMovilesSAC Express,True,https://www.plazavea.com.pe/samsung-galaxy-s25-ultra-256gb-12gb-azul-101713339/p
PlazaVea,Smartphones,HONOR,HONOR X5C PLATA 4RAM Y 128GB,689.0,689.0,IMPORTACIONES LUNA-TEL,True,https://www.plazavea.com.pe/honor-x5c-plata-4ram-y-128gb-101711613/p
PlazaVea,Smartphones,HONOR,HONOR X5C NEGRO 4RAM Y 128GB,689.0,689.0,IMPORTACIONES LUNA-TEL,True,https://www.plazavea.com.pe/honor-x5c-negro-4ram-y-128gb-101711328/p
PlazaVea,Smartphones,HONOR,HONOR X5C VERDE 4RAM Y 128GB,699.0,699.0,IMPORTACIONES LUNA-TEL,True,https://www.plazavea.com.pe/honor-x5c-verde-4ram-y-128gb-101710308/p
PlazaVea,Smartphones,XIAOMI,Celular Xiaomi 15T 5G 12GB RAM 512GB ROM Negro - Cámara Leica,2799.0,2199.0,Mi Tienda,True,https://www.plazavea.com.pe/celular-xiaomi-15t-gray-black-12gb-ram-512gb-rom-us-gris-audifonos-transformers-tf-t01-101708700/p
PlazaVea,Smartphones,XIAOMI,Celular Xiaomi 15T Pro 5G 12GB RAM 512GB ROM Gris - Cámara Leica,3199.0,2899.0,Mi Tienda,True,https://www.plazavea.com.pe/celular-xiaomi-15t-pro-gray-12gb-ram-512gb-rom-us-gris-audifonos-transformers-tf-t01-101708694/p
PlazaVea,Smartphones,XIAOMI,Celular Xiaomi 15T 5G 12GB RAM 512GB ROM Gris - Cámara Leica,2599.0,2199.0,Mi Tienda,True,https://www.plazavea.com.pe/celular-xiaomi-15t-gray-12gb-ram-512gb-rom-us-gris-audifonos-transformers-tf-t01-101708640/p
PlazaVea,Smartphones,APPLE,iPhone 17 PRO MAX 512gb ESIM color Azúl oscuro,7999.0,7999.0,CLICK Y PUNTO,True,https://www.plazavea.com.pe/iphone-17-pro-max-512gb-esim-color-azul-oscuro-101707025/p
PlazaVea,Smartphones,APPLE,iPhone 17 PRO MAX 256gb ESIM color Naranja Cósmico,7599.0,4869.0,Fox Móviles SAC,True,https://www.plazavea.com.pe/iphone-17-pro-max-256gb-esim-color-naranja-cosmico-101706961/p
PlazaVea,Smartphones,APPLE,iPhone 17 PRO MAX 256gb ESIM color Azúl oscuro,7599.0,4869.0,Fox Móviles SAC,True,https://www.plazavea.com.pe/iphone-17-pro-max-256gb-esim-color-azul-oscuro-101706940/p
PlazaVea,Smartphones,APPLE,iPhone 17 PRO MAX 512gb ESIM color Plata,7999.0,5669.0,Fox Móviles SAC,True,https://www.plazavea.com.pe/iphone-17-pro-max-512gb-esim-color-plata-101706928/p
PlazaVea,Smartphones,APPLE,iPhone 17 PRO MAX 256gb ESIM color Plata,7599.0,4869.0,Fox Móviles SAC,True,https://www.plazavea.com.pe/iphone-17-pro-max-256gb-esim-color-plata-101706922/p
PlazaVea,Smartphones,APPLE,iPhone 17 PRO MAX 512gb ESIM color Azúl oscuro,7999.0,5869.0,Fox Móviles SAC,True,https://www.plazavea.com.pe/iphone-17-pro-max-512gb-esim-color-azul-oscuro-101706919/p
PlazaVea,Smartphones,APPLE,iPhone 17 PRO MAX 512gb ESIM color Naranja Cósmico,7999.0,5869.0,Fox Móviles SAC,True,https://www.plazavea.com.pe/iphone-17-pro-max-512gb-esim-color-naranja-cosmico-101706913/p
PlazaVea,Smartphones,MOTOROLA,Celular Motorola E7 2GB RAM 32GB Cámara 48 MP Color Gris Mineral,599.0,339.0,SL TECNOLOGÍA SMART,True,https://www.plazavea.com.pe/celular-motorola-e7-2gb-ram-32gb-camara-48-mp-color-gris-mineral-con-estuche-de-regalo-101706866/p
PlazaVea,Smartphones,HONOR,"Smartphone HONOR X5C 6.75"" 4GB 128GB 50 MP + Auxiliary Camera Silver",469.0,399.0,Plaza Vea,True,https://www.plazavea.com.pe/smartphone-honor-x5c-6-75--4gb-128gb-50-mpauxiliary-camera-silver/p
PlazaVea,Smartphones,HONOR,"Smartphone HONOR X5C 6.75"" 4GB 128GB 50 MP + Auxiliary Camera Negro",469.0,399.0,Plaza Vea,True,https://www.plazavea.com.pe/smartphone-honor-x5c-6-75--4gb-128gb-50-mpauxiliary-camera-negro/p
PlazaVea,Smartphones,HONOR,"Smartphone HONOR X5C 6.75"" 4GB 128GB 50 MP + Auxiliary Camera Cyan",469.0,399.0,Plaza Vea,True,https://www.plazavea.com.pe/smartphone-honor-x5c-6-75--4gb-128gb-50-mpauxiliary-camera-cyan/p
PlazaVea,Smartphones,APPLE,REACONDICIONADO iPhone 16 Pro 128gb I Grado A I color Titanio Negro,4859.0,4285.0,Lolotec,True,https://www.plazavea.com.pe/reacondicionado-iphone-13-pro-max-256gb-i-grado-a-i-color-azul-sierra-101683428/p
PlazaVea,Smartphones,APPLE,Apple iPhone 17 Pro 256GB Cosmic Orange eSim,6399.0,6399.0,COOLTRADE,True,https://www.plazavea.com.pe/apple-iphone-17-pro-256gb-cosmic-orange-esim-101682298/p
PlazaVea,Smartphones,XIAOMI,Celular Xiaomi Redmi Note 14 8GB RAM 256GB ROM - Negro,999.0,999.0,LYANNOVA,True,https://www.plazavea.com.pe/celular-xiaomi-redmi-note-14-8gb-ram-256gb-rom-negro-101667245/p
PlazaVea,Smartphones,SAMSUNG,"Celular SAMSUNG Galaxy A07 4Gb 128Gb 6.7"" Light Violet",749.0,499.0,oechsle,True,https://www.plazavea.com.pe/celular-samsung-galaxy-a07-4gb-128gb-6-7--light-violet-101662030/p
PlazaVea,Smartphones,SAMSUNG,"Celular SAMSUNG Galaxy A07 4Gb 128Gb 6.7"" Black",749.0,499.0,oechsle,True,https://www.plazavea.com.pe/celular-samsung-galaxy-a07-4gb-128gb-6-7--black-101662021/p
PlazaVea,Smartphones,SAMSUNG,"Celular SAMSUNG Galaxy A07 4Gb 64Gb 6.7"" Black",599.0,449.0,oechsle,True,https://www.plazavea.com.pe/celular-samsung-galaxy-a07-4gb-64gb-6-7--black-101662004/p
PlazaVea,Smartphones,APPLE,Apple iPhone 17 Pro Max Apple Intelligence 512GB (eSIM) - Cosmic Orange,7499.0,6899.0,Oh Global SAC,True,https://www.plazavea.com.pe/apple-iphone-17-pro-max-apple-intelligence-512gb-esim-cosmic-orange-101649357/p
PlazaVea,Smartphones,APPLE,Apple iPhone 17 Pro Max Apple Intelligence 512GB (eSIM) - Deep Blue,7499.0,6899.0,Oh Global SAC,True,https://www.plazavea.com.pe/apple-iphone-17-pro-max-apple-intelligence-512gb-esim-deep-blue-101649348/p
PlazaVea,Smartphones,APPLE,Apple iPhone 17 Pro Max Apple Intelligence 256GB (eSIM) - Cosmic Orange,6499.0,5799.0,Oh Global SAC,True,https://www.plazavea.com.pe/apple-iphone-17-pro-max-apple-intelligence-256gb-esim-cosmic-orange-101649335/p
PlazaVea,Smartphones,APPLE,Apple iPhone 17 Pro Max Apple Intelligence 512GB (eSIM) - Silver,7499.0,6899.0,Oh Global SAC,True,https://www.plazavea.com.pe/apple-iphone-17-pro-max-apple-intelligence-512gb-esim-silver-101649328/p
PlazaVea,Smartphones,APPLE,Apple iPhone 17 Pro Max Apple Intelligence 512GB (eSIM) - Deep Blue + Combo de Regalo,7599.0,6999.0,Oh Global SAC,True,https://www.plazavea.com.pe/apple-iphone-17-pro-max-apple-intelligence-512gb-esim-deep-blue-combo-de-regalo-101649321/p
PlazaVea,Smartphones,APPLE,Apple iPhone 17 Pro Max Apple Intelligence 512GB (eSIM) - Silver + Combo de Regalo,7599.0,6999.0,Oh Global SAC,True,https://www.plazavea.com.pe/apple-iphone-17-pro-max-apple-intelligence-512gb-esim-silver-combo-de-regalo-101649320/p
PlazaVea,Smartphones,APPLE,Apple iPhone 17 Pro Max Apple Intelligence 512GB (eSIM) - Cosmic Orange + Combo de Regalo,7599.0,6999.0,Oh Global SAC,True,https://www.plazavea.com.pe/apple-iphone-17-pro-max-apple-intelligence-512gb-esim-cosmic-orange-combo-de-regalo-101649317/p
PlazaVea,Smartphones,APPLE,Apple iPhone 17 Apple Intelligence 256GB (eSIM) - Blue Mist + Combo de Regalo,4999.0,3999.0,Oh Global SAC,True,https://www.plazavea.com.pe/apple-iphone-17-apple-intelligence-256gb-esim-blue-mist-combo-de-regalo-101649314/p
PlazaVea,Smartphones,APPLE,Apple iPhone 17 Apple Intelligence 256GB (eSIM) - White + Combo de Regalo,4299.0,3999.0,Oh Global SAC,True,https://www.plazavea.com.pe/apple-iphone-17-apple-intelligence-256gb-esim-white-combo-de-regalo-101649306/p
PlazaVea,Smartphones,APPLE,Apple iPhone 17 Apple Intelligence 256GB (eSIM) - Lavander + Combo de Regalo,4299.0,3999.0,Oh Global SAC,True,https://www.plazavea.com.pe/apple-iphone-17-apple-intelligence-256gb-esim-lavander-combo-de-regalo-101649305/p
PlazaVea,Smartphones,APPLE,Apple iPhone 17 Pro Max Apple Intelligence 256GB (eSIM) - Cosmic Orange + Combo de Regalo,6999.0,5899.0,Oh Global SAC,True,https://www.plazavea.com.pe/apple-iphone-17-pro-max-apple-intelligence-256gb-esim-cosmic-orange-combo-de-regalo-101649304/p
PlazaVea,Smartphones,APPLE,Apple iPhone 17 Pro Max Apple Intelligence 256GB (eSIM) - Silver + Combo de Regalo,6999.0,5999.0,Oh Global SAC,True,https://www.plazavea.com.pe/apple-iphone-17-pro-max-apple-intelligence-256gb-esim-silver-combo-de-regalo-101649296/p
PlazaVea,Smartphones,APPLE,Apple iPhone 17 Apple Intelligence 256GB (eSIM) - Black + Combo de Regalo,4599.0,3999.0,Oh Global SAC,True,https://www.plazavea.com.pe/apple-iphone-17-apple-intelligence-256gb-esim-black-combo-de-regalo-101649295/p
PlazaVea,Smartphones,APPLE,Apple iPhone 17 Pro Max Apple Intelligence 256GB (eSIM) - Deep Blue + Combo de Regalo,6999.0,5999.0,Oh Global SAC,True,https://www.plazavea.com.pe/apple-iphone-17-pro-max-apple-intelligence-256gb-esim-deep-blue-combo-de-regalo-101649290/p
PlazaVea,Smartphones,APPLE,SKUEWRG7GW7E,9999.0,7599.0,Oh! Shop,True,https://www.plazavea.com.pe/apple-iphone-17-pro-max-apple-intelligence-512gb--esim----deep-blue-101636196/p
PlazaVea,Smartphones,APPLE,SKUFQW4QW8E1,4999.0,4599.0,Oh! Shop,True,https://www.plazavea.com.pe/apple-iphone-air-apple-intelligence-256gb--esim----sky-blue-101636173/p
PlazaVea,Smartphones,APPLE,SKER4GERTH5REE,9999.0,9999.0,Oh! Shop,True,https://www.plazavea.com.pe/apple-iphone-17-pro-max-apple-intelligence-256gb--esim----deep-blue-101636165/p
PlazaVea,Smartphones,APPLE,SKED4F8W5SE41D,4999.0,4499.0,Oh! Shop,True,https://www.plazavea.com.pe/apple-iphone-17-apple-intelligence-256gb--esim----black-101636153/p
PlazaVea,Smartphones,APPLE,SKUQWF44WQEF,7999.0,7999.0,Oh! Shop,True,https://www.plazavea.com.pe/apple-iphone-17-pro-apple-intelligence-256gb--esim----deep-blue-101636144/p
PlazaVea,Smartphones,APPLE,Apple iPhone 17 Pro Max Apple Intelligence 256GB (eSIM) - Deep Blue + Combo de Regalo,9999.0,9999.0,Oh! Shop,True,https://www.plazavea.com.pe/apple-iphone-17-pro-max-apple-intelligence-256gb-esim-deep-blue-combo-de-regalo-101632298/p
PlazaVea,Smartphones,APPLE,Apple iPhone 17 Pro Apple Intelligence 512GB (eSIM) - Deep Blue + Combo de Regalo,9999.0,9999.0,Oh! Shop,True,https://www.plazavea.com.pe/apple-iphone-17-pro-apple-intelligence-512gb-esim-deep-blue-combo-de-regalo-101632193/p
PlazaVea,Smartphones,APPLE,Apple iPhone 17 Pro Max Apple Intelligence 512GB (eSIM) - Deep Blue + Combo de Regalo,9999.0,9999.0,Oh! Shop,True,https://www.plazavea.com.pe/apple-iphone-17-pro-max-apple-intelligence-512gb-esim-deep-blue-combo-de-regalo-101631852/p
PlazaVea,Smartphones,APPLE,Apple iPhone 17 Pro Max Apple Intelligence 256GB (eSIM) - Deep Blue,9999.0,9999.0,Oh! Shop,True,https://www.plazavea.com.pe/apple-iphone-17-pro-max-apple-intelligence-256gb-esim-deep-blue-101631215/p
PlazaVea,Smartphones,POCO,Celular Poco M3 Pro 5G 4GB RAM 64GB Cámara 48 MP Color Amarillo,799.0,449.0,SL TECNOLOGÍA SMART,True,https://www.plazavea.com.pe/celular-poco-m3-pro-5g-4gb-ram-64gb-camara-48-mp-color-amarillo-101631031/p
PlazaVea,Smartphones,APPLE,Apple iPhone 17 Apple Intelligence 256GB (eSIM) - Black,4299.0,3499.0,Oh Global SAC,True,https://www.plazavea.com.pe/apple-iphone-17-apple-intelligence-256gb-esim-black-101631026/p
PlazaVea,Smartphones,APPLE,Apple iPhone 17 Pro Max Apple Intelligence 256GB (eSIM) - Silver,6499.0,5899.0,Oh Global SAC,True,https://www.plazavea.com.pe/apple-iphone-17-pro-max-apple-intelligence-256gb-esim-silver-101631012/p
PlazaVea,Smartphones,APPLE,Apple iPhone 17 Pro Max Apple Intelligence 256GB (eSIM) - Deep Blue,6499.0,5899.0,Oh Global SAC,True,https://www.plazavea.com.pe/apple-iphone-17-pro-max-apple-intelligence-256gb-esim-deep-blue-101631010/p
PlazaVea,Smartphones,APPLE,Apple iPhone 17 Apple Intelligence 256GB (eSIM) - Blue Mist,4299.0,3599.0,Oh Global SAC,True,https://www.plazavea.com.pe/apple-iphone-17-apple-intelligence-256gb-esim-blue-mist-101631004/p
PlazaVea,Smartphones,APPLE,Apple iPhone 17 Apple Intelligence 256GB (eSIM) - White,4299.0,3499.0,Oh Global SAC,True,https://www.plazavea.com.pe/apple-iphone-17-apple-intelligence-256gb-esim-white-101630998/p
PlazaVea,Smartphones,APPLE,Apple iPhone 17 Pro Apple Intelligence 256GB (eSIM) - Cosmic Orange,5999.0,5199.0,Oh Global SAC,True,https://www.plazavea.com.pe/apple-iphone-17-pro-apple-intelligence-256gb-esim-cosmic-orange-101630996/p
PlazaVea,Smartphones,APPLE,Apple iPhone 17 Apple Intelligence 256GB (eSIM) - Verde,4299.0,3599.0,Oh Global SAC,True,https://www.plazavea.com.pe/apple-iphone-17-apple-intelligence-256gb-esim-verde-101630995/p
PlazaVea,Smartphones,APPLE,Apple iPhone 17 Pro Apple Intelligence 256GB (eSIM) - Silver,5999.0,5899.0,Oh Global SAC,True,https://www.plazavea.com.pe/apple-iphone-17-pro-apple-intelligence-256gb-esim-silver-101630988/p
PlazaVea,Smartphones,APPLE,Apple iPhone 17 Pro Apple Intelligence 256GB (eSIM) - Deep Blue,5999.0,5899.0,Oh Global SAC,True,https://www.plazavea.com.pe/apple-iphone-17-pro-apple-intelligence-256gb-esim-deep-blue-101630986/p
PlazaVea,Smartphones,APPLE,Apple iPhone 17 Pro Max Apple Intelligence 512GB (eSIM) - Deep Blue,9999.0,7599.0,Oh! Shop,True,https://www.plazavea.com.pe/apple-iphone-17-pro-max-apple-intelligence-512gb-esim-deep-blue-101630903/p
PlazaVea,Smartphones,XIAOMI,Celular Xiaomi Redmi 15C 4GB 256GB Azul Luna - Cámara 50MP,699.0,599.0,Mi Tienda,True,https://www.plazavea.com.pe/celular-xiaomi-redmi-15c-moonlight-blue-4gb-ram-256gb-rom-101627994/p
PlazaVea,Smartphones,XIAOMI,Celular Xiaomi Redmi 15C 4GB 256GB Negro Medianoche - Cámara 50MP,699.0,599.0,Mi Tienda,True,https://www.plazavea.com.pe/celular-xiaomi-redmi-15c-midnight-black-4gb-ram-256gb-rom-101627974/p
PlazaVea,Smartphones,XIAOMI,XIAOMI REDMI NOTE 14 PRO PLUS 5G 256GB 8GB RAM NEGRO,2099.0,2059.0,Marketcell,True,https://www.plazavea.com.pe/xiaomi-redmi-note-14-pro-plus-5g-256gb-8gb-ram-negro-101625885/p
PlazaVea,Smartphones,SAMSUNG,SAMSUNG GALAXY S25 ULTRA 512GB 12GB 200MP -  Blanco Titanium,6999.0,3379.0,Marketcell,True,https://www.plazavea.com.pe/samsung-galaxy-s25-ultra-512gb-12gb-200mp-blanco-titanium-101625883/p
PlazaVea,Smartphones,XIAOMI,XIAOMI REDMI NOTE 14 PRO PLUS 5G 256GB 8GB RAM PURPLE,2099.0,2099.0,Marketcell,True,https://www.plazavea.com.pe/xiaomi-redmi-note-14-pro-plus-5g-256gb-8gb-ram-purple-101625876/p
PlazaVea,Smartphones,XIAOMI,XIAOMI REDMI NOTE 14 PRO PLUS 5G 256GB 8GB RAM AZUL,2099.0,1219.0,Marketcell,True,https://www.plazavea.com.pe/xiaomi-redmi-note-14-pro-plus-5g-256gb-8gb-ram-azul-101625871/p
PlazaVea,Smartphones,XIAOMI,XIAOMI REDMI NOTE 14 8GB RAM 256GB ROM COLOR VERDE LIMON,999.0,999.0,Marketcell,True,https://www.plazavea.com.pe/xiaomi-redmi-note-14-8gb-ram-256gb-rom-color-verde-limon-101625856/p
PlazaVea,Smartphones,SAMSUNG,SAMSUNG GALAXY S25 ULTRA 512GB 12GB 200MP - Titanium Silver Blue,6999.0,3469.9,Marketcell,True,https://www.plazavea.com.pe/samsung-galaxy-s25-ultra-512gb-12gb-200mp-titanium-silver-blue-101625803/p
PlazaVea,Smartphones,SAMSUNG,"Smartphone SAMSUNG Galaxy A07 6.7"" 4GB 128GB 50MP + 2MP Negro",599.0,499.0,Plaza Vea,True,https://www.plazavea.com.pe/smartphone-samsung-galaxy-a07-6-7--4gb-128gb-50mp2mp-negro/p
PlazaVea,Smartphones,SAMSUNG,"Smartphone SAMSUNG Galaxy A07 6.7"" 4GB 64GB 50MP + 2MP Negro",499.0,449.0,Plaza Vea,True,https://www.plazavea.com.pe/smartphone-samsung-galaxy-a07-6-7--4gb-64gb-50mp2mp-negro/p
PlazaVea,Smartphones,XIAOMI,"Smartphone XIAOMI Redmi 15C 6.9"" 4GB 256GB 50MP Verde",649.0,648.0,Plaza Vea,True,https://www.plazavea.com.pe/smartphone-xiaomi-redmi-15c-6-9--4gb-256gb-50mp-verde/p
PlazaVea,Smartphones,APPLE,IPHONE 17 256GB APPLE PÚRPURA,4139.0,3599.0,COMPRAFACIL USA,True,https://www.plazavea.com.pe/iphone-17-256gb-purpura-101624128/p
PlazaVea,Smartphones,APPLE,IPHONE 17 PRO MAX 2TB APPLE NARANJA,10009.0,8699.0,COMPRAFACIL USA,True,https://www.plazavea.com.pe/iphone-17-pro-max-2tb-naranja-101624022/p
PlazaVea,Smartphones,APPLE,IPHONE 17 PRO MAX 512GB APPLE PLATA,7479.0,6499.0,COMPRAFACIL USA,True,https://www.plazavea.com.pe/iphone-17-pro-max-512gb-plata-101623973/p
PlazaVea,Smartphones,APPLE,IPHONE 17 PRO MAX 1TB APPLE PLATA,7819.0,6799.0,COMPRAFACIL USA,True,https://www.plazavea.com.pe/iphone-17-pro-max-1tb-plata-101622930/p
PlazaVea,Smartphones,APPLE,IPHONE 17 PRO 256GB APPLE PLATA,5389.0,4679.0,COMPRAFACIL USA,True,https://www.plazavea.com.pe/iphone-17-pro-256gb-plata-101622911/p
PlazaVea,Smartphones,APPLE,IPHONE 17 256GB APPLE VERDE,4139.0,3599.0,COMPRAFACIL USA,True,https://www.plazavea.com.pe/iphone-17-256gb-verde-101622910/p
PlazaVea,Smartphones,APPLE,IPHONE 17 PRO MAX 1TB APPLE NARANJA,8279.0,7199.0,COMPRAFACIL USA,True,https://www.plazavea.com.pe/iphone-17-pro-max-1tb-naranja-101622891/p
PlazaVea,Smartphones,APPLE,IPHONE 17 PRO MAX 512GB APPLE AZUL OSCURO,7479.0,6499.0,COMPRAFACIL USA,True,https://www.plazavea.com.pe/iphone-17-pro-max-512gb-azul-oscuro-101622887/p
PlazaVea,Smartphones,APPLE,iPhone 17 Pro Max 256GB - Naranja,5869.0,4869.0,COMPRAFACIL USA,True,https://www.plazavea.com.pe/iphone-17-pro-max-256gb-naranja-101622883/p
PlazaVea,Smartphones,APPLE,iPhone 17 Pro Max 256GB - Azul Oscuro,5869.0,4869.0,COMPRAFACIL USA,True,https://www.plazavea.com.pe/iphone-17-pro-max-256gb-azul-oscuro-101622879/p
PlazaVea,Smartphones,APPLE,IPHONE 17 PRO 256GB APPLE AZUL OSCURO,5389.0,4679.0,COMPRAFACIL USA,True,https://www.plazavea.com.pe/iphone-17-pro-256gb-azul-oscuro-101622871/p
PlazaVea,Smartphones,APPLE,IPHONE 17 256GB APPLE AZUL,4139.0,3599.0,COMPRAFACIL USA,True,https://www.plazavea.com.pe/iphone-17-256gb-azul-101622863/p
PlazaVea,Smartphones,APPLE,IPHONE 17 256GB APPLE BLANCO,4089.0,3549.0,COMPRAFACIL USA,True,https://www.plazavea.com.pe/iphone-17-256gb-blanco-101622861/p
PlazaVea,Smartphones,APPLE,IPHONE 17 256GB APPLE NEGRO,4139.0,3599.0,COMPRAFACIL USA,True,https://www.plazavea.com.pe/iphone-17-256gb-negro-101622858/p
PlazaVea,Smartphones,APPLE,IPHONE 17 PRO 256GB APPLE NARANJA,5389.0,4679.0,COMPRAFACIL USA,True,https://www.plazavea.com.pe/iphone-17-pro-256gb-naranja-101622856/p
PlazaVea,Smartphones,APPLE,IPHONE 17 PRO MAX 512GB APPLE NARANJA,7479.0,6499.0,COMPRAFACIL USA,True,https://www.plazavea.com.pe/iphone-17-pro-max-512gb-naranja-101622851/p
PlazaVea,Smartphones,APPLE,IPHONE 17 PRO 512GB APPLE PLATA,7129.0,6199.0,COMPRAFACIL USA,True,https://www.plazavea.com.pe/iphone-17-pro-512gb-plata-101622849/p
PlazaVea,Smartphones,XIAOMI,Smartphone POCO C71 Xiaomi Negro,799.0,559.0,MUNDO ELECTRONICO,True,https://www.plazavea.com.pe/smartphone-poco-c71-xiaomi-negro-101591979/p
PlazaVea,Smartphones,XIAOMI,Smartphone POCO C71 Xiaomi Negro,799.0,499.0,OFERTAS UNICAS YELI,True,https://www.plazavea.com.pe/smartphone-poco-c71-xiaomi-negro-101591968/p
PlazaVea,Smartphones,SAMSUNG,Celular Samsung Galaxy A35 5G Negro 128GB 6GB RAM Negro,1899.0,1899.0,ELECTROSHOP SV,True,https://www.plazavea.com.pe/celular-samsung-galaxy-a35-5g-negro-128gb-6gb-ram-negro-101589068/p
PlazaVea,Smartphones,XIAOMI,CELULAR POCO F7 PRO XIAOMI NEGRO,3899.0,2989.0,Importaciones Electro y Hogar sac,True,https://www.plazavea.com.pe/celular-poco-f7-pro-xiaomi-negro-101588713/p
PlazaVea,Smartphones,XIAOMI,"Smartphone XIAOMI Redmi 15C 6.9"" 4GB 256GB 50MP Negro",649.0,648.0,Plaza Vea,True,https://www.plazavea.com.pe/smartphone-xiaomi-redmi-15c-6-9--4gb-256gb-50mp-negro/p
PlazaVea,Smartphones,MOTOROLA,Celular Moto EDGE 60 FUSION 8+256 Azul,1499.0,1249.0,oechsle,True,https://www.plazavea.com.pe/celular-moto-edge-60-fusion-8-256-azul-101583833/p
PlazaVea,Smartphones,XIAOMI,Xiaomi Redmi 15C 256GB 4GB Ram Azul,899.0,569.0,INFOTECSHOP,True,https://www.plazavea.com.pe/xiaomi-redmi-15c-256gb-4gb-ram-azul-101578602/p
PlazaVea,Smartphones,XIAOMI,Xiaomi Redmi 15C 128GB 4GB Ram Azul,849.0,529.0,INFOTECSHOP,True,https://www.plazavea.com.pe/xiaomi-redmi-15c-128gb-4gb-ram-azul-101578527/p
PlazaVea,Smartphones,APPLE,Celular 5G Apple iPhone 16 128GB 8GB RAM 48MP White,5999.0,3249.0,CARSA,True,https://www.plazavea.com.pe/celular-5g-apple-iphone-16-128gb-6gb-ram-48mp-white-101577239/p
PlazaVea,Smartphones,APPLE,Celular Apple iPhone 16 MYE73BE/A 128GB Black,6049.0,3249.0,CARSA,True,https://www.plazavea.com.pe/celular-apple-iphone-16-mye73be-a-128gb-black-101577233/p
PlazaVea,Smartphones,SAMSUNG,Celular Samsung Galaxy A16 128GB 4GB Negro y Adaptador USB-C Samsung Original 15W,1049.0,649.0,INFOTECSHOP,True,https://www.plazavea.com.pe/celular-samsung-galaxy-a16-128gb-4gb-negro-adaptador-usb-c-samsung-original-15w-101575747/p
PlazaVea,Smartphones,SAMSUNG,Celular Samsung Galaxy A56 5G 256GB 8GB Negro y Adaptador USB-C Samsung Original 25W,2599.0,1699.0,INFOTECSHOP,True,https://www.plazavea.com.pe/celular-samsung-galaxy-a56-5g-256gb-8gb-negro-adaptador-usb-c-samsung-original-25w-101573787/p
PlazaVea,Smartphones,XIAOMI,"CELULAR XIAOMI REDMI NOTE 14 PRO 5G 256GB 8GB 200 MP 6.67"" NEGRO",1499.0,1239.0,TECNHOGAR MYK,True,https://www.plazavea.com.pe/celular-xiaomi-redmi-note-14-pro-5g-256gb-8gb-200-mp-6-67-negro-101568656/p
PlazaVea,Smartphones,SAMSUNG,Celular Samsung Galaxy A56 5G 256GB 8GB RAM cámara principal 50MP frontal 12MP 67 Rosado,2399.0,1699.0,VICMARK,True,https://www.plazavea.com.pe/celular-samsung-galaxy-a56-5g-256gb-8gb-ram-camara-principal-50mp-frontal-12mp-67-rosado-101542190/p
PlazaVea,Smartphones,SAMSUNG,Celular Samsung Galaxy A56 5G 128GB 8GB RAM cámara principal 50MP frontal 12MP 67 Verde,2399.0,1559.0,VICMARK,True,https://www.plazavea.com.pe/celular-samsung-galaxy-a56-5g-128gb-8gb-ram-camara-principal-50mp-frontal-12mp-67-verde-101542162/p
PlazaVea,Smartphones,SAMSUNG,Celular Samsung Galaxy A56 5G 256GB 8GB RAM cámara principal 50MP frontal 12MP 67 Rosado,2399.0,1579.0,Ivance electronic online,True,https://www.plazavea.com.pe/celular-samsung-galaxy-a56-5g-256gb-8gb-ram-camara-principal-50mp-frontal-12mp-67-rosado-101542125/p
PlazaVea,Smartphones,SAMSUNG,SAMSUNG GALAXY S25 ULTRA 256GB 12GB - GRIS,4599.0,3329.0,Fox Móviles SAC,True,https://www.plazavea.com.pe/samsung-galaxy-s25-ultra-256gb-12gb-gris-101523546/p
PlazaVea,Smartphones,SAMSUNG,SAMSUNG GALAXY S25 ULTRA 256GB 12GB - AZUL,4599.0,3329.0,Fox Móviles SAC,True,https://www.plazavea.com.pe/samsung-galaxy-s25-ultra-256gb-12gb-azul-101522540/p
PlazaVea,Smartphones,SAMSUNG,SAMSUNG GALAXY S25 ULTRA 256GB 12GB - NEGRO,4599.0,3329.0,Fox Móviles SAC,True,https://www.plazavea.com.pe/samsung-galaxy-s25-ultra-256gb-12gb-negro-101522539/p
PlazaVea,Smartphones,SAMSUNG,SAMSUNG GALAXY  S25 ULTRA 512GB 12GB - BLANCO,4599.0,3539.0,Fox Móviles SAC,True,https://www.plazavea.com.pe/samsung-galaxy-s25-ultra-512gb-12gb-blanco-101522538/p
PlazaVea,Smartphones,SAMSUNG,SAMSUNG GALAXY S25 ULTRA 256GB 12GB - BLANCO,4599.0,3329.0,Fox Móviles SAC,True,https://www.plazavea.com.pe/samsung-galaxy-s25-ultra-256gb-12gb-blanco-101522537/p
PlazaVea,Smartphones,APPLE,iPhone 16 128GB Blanco,4299.0,3599.0,oechsle,True,https://www.plazavea.com.pe/iphone-16-128gb-blanco-101521163/p
PlazaVea,Smartphones,MOTOROLA,Celular Moto RAZR 60ULTRA 16+1TB Verde,5999.0,5999.0,oechsle,True,https://www.plazavea.com.pe/celular-moto-razr-60ultra-16-1tb-verde-101521108/p
PlazaVea,Smartphones,HONOR,"Smartphone HONOR X6C 6.6"" 6GB 256GB 50MP + 0.08MP Moonlight White",649.0,499.0,Plaza Vea,True,https://www.plazavea.com.pe/smartphone-honor-x6c-6-6--6gb-256gb-50mp0-08mp-moonlight-white/p
PlazaVea,Smartphones,HONOR,"Smartphone HONOR X6C 6.6"" 6GB 256GB 50MP + 0.08MP Ocean Cyan",649.0,499.0,Plaza Vea,True,https://www.plazavea.com.pe/smartphone-honor-x6c-6-6--6gb-256gb-50mp0-08mp-ocean-cyan/p
PlazaVea,Smartphones,SAMSUNG,"Samsung Galaxy S25 Ultra 256gb 12gb 200mp, 6.9"" Titanium Gray",5599.0,3549.0,Moviles Eirl,True,https://www.plazavea.com.pe/samsung-galaxy-s25-ultra-256gb-12gb-200mp-6-9-titanium-gray-101510650/p
PlazaVea,Smartphones,APPLE,IPHONE 13 128GB APPLE BLANCO,2299.0,1879.0,COMPRAFACIL USA,True,https://www.plazavea.com.pe/iphone-13-128gb-blanco-101510436/p
PlazaVea,Smartphones,APPLE,IPHONE 13 128GB APPLE MEDIANOCHE,2299.0,1879.0,COMPRAFACIL USA,True,https://www.plazavea.com.pe/iphone-13-128gb-medianoche-101510435/p
PlazaVea,Smartphones,APPLE,IPHONE 13 128GB APPLE AZUL,2299.0,1879.0,COMPRAFACIL USA,True,https://www.plazavea.com.pe/iphone-13-128gb-azul-101510434/p
PlazaVea,Smartphones,APPLE,IPHONE 13 128GB APPLE ROSA,2299.0,1879.0,COMPRAFACIL USA,True,https://www.plazavea.com.pe/iphone-13-128gb-rosa-101510423/p
PlazaVea,Smartphones,APPLE,IPHONE 14 128GB APPLE LILA CLARO REACONDICIONADO,1589.0,1379.0,COMPRAFACIL USA,True,https://www.plazavea.com.pe/iphone-14-128gb-lila-claro-reacondicionado-101510417/p
PlazaVea,Smartphones,APPLE,iPhone 15 Pro eSIM 128GB 6GB Azul-Titanio (REACONDICIONADO GRADO A+),3518.0,3257.0,Celulares Peru Smart,True,https://www.plazavea.com.pe/iphone-15-pro-esim-128gb-6gb-azul-titanio-reacondicionado-grado-a-101499193/p
PlazaVea,Smartphones,APPLE,iPhone 16 Plus eSIM 128GB 8GB Negro (REACONDICIONADO GRADO A+),3703.0,3429.0,Celulares Peru Smart,True,https://www.plazavea.com.pe/iphone-16-plus-esim-128gb-8gb-negro-reacondicionado-grado-a-101499158/p
PlazaVea,Smartphones,APPLE,REACONDICIONADO iPhone 14 Plus128gb I Grado B I color Negro,3799.0,1966.0,Lolotec,True,https://www.plazavea.com.pe/reacondicionado-iphone-14-128gb-i-grado-b-i-color-negro-101497496/p
PlazaVea,Smartphones,APPLE,REACONDICIONADO iPhone 14 Pro 128gb I Grado B I color Negro Medianoche,4529.0,2603.0,Lolotec,True,https://www.plazavea.com.pe/reacondicionado-iphone-14-pro-128gb-i-grado-b-i-color-negro-medianoche-101497490/p
PlazaVea,Smartphones,APPLE,REACONDICIONADO iPhone 14 Plus 128gb I Grado B I color Blanco,3899.0,1966.0,Lolotec,True,https://www.plazavea.com.pe/reacondicionado-iphone-14-128gb-i-grado-a-i-color-blanco-101497489/p
PlazaVea,Smartphones,APPLE,iPhone 16E 128GB Negro,2699.0,2349.0,Plaza Vea,True,https://www.plazavea.com.pe/iphone-16e-6-1--8gb-128gb-48mp-negro/p
PlazaVea,Smartphones,APPLE,Apple iPhone 15 128GB - Negro 5G,5000.0,2749.0,MAXICOMPRA,True,https://www.plazavea.com.pe/apple-iphone-15-128gb-esim-negro-5g-101492409/p
PlazaVea,Smartphones,MOTOROLA,"Smartphone MOTOROLA RAZR 60 Ultra 7"" 16GB 1TB 50MP Scarab",5999.0,3199.0,Plaza Vea,True,https://www.plazavea.com.pe/smartphone-motorola-razr-60-ultra-7--16gb-1tb-50mp-scarab-20504296/p
PlazaVea,Smartphones,SAMSUNG,"Samsung Galaxy S25 Ultra 512gb 12gb 200mp, 6.9"" Titanium Silverblue",4599.0,3379.0,Marketcell,True,https://www.plazavea.com.pe/samsung-galaxy-s25-ultra-512gb-12gb-200mp-6-9-titanium-silverblue-101475828/p
PlazaVea,Smartphones,SAMSUNG,"Samsung Galaxy S25 Ultra 256gb 12gb 200mp, 6.9"" Titanium Black",3999.0,3399.0,Marketcell,True,https://www.plazavea.com.pe/samsung-galaxy-s25-ultra-256gb-12gb-200mp-6-9-titanium-black-101475826/p
PlazaVea,Smartphones,SAMSUNG,"Samsung Galaxy S25 Ultra 256gb 12gb 200mp, 6.9"" Titanium Gray",3899.0,3399.0,Marketcell,True,https://www.plazavea.com.pe/samsung-galaxy-s25-ultra-256gb-12gb-200mp-6-9-titanium-gray-101475816/p
PlazaVea,Smartphones,SAMSUNG,"Samsung Galaxy S25 Ultra 512gb 12gb 200mp, 6.9"" Titanium Blanco",4599.0,3729.0,Marketcell,True,https://www.plazavea.com.pe/samsung-galaxy-s25-ultra-512gb-12gb-200mp-6-9-titanium-blanco-101475806/p
PlazaVea,Smartphones,SAMSUNG,"Samsung Galaxy S25 Ultra 512gb 12gb 200mp, 6.9"" Titanium Gray",4999.0,3479.0,Marketcell,True,https://www.plazavea.com.pe/samsung-galaxy-s25-ultra-512gb-12gb-200mp-6-9-titanium-gray-101475805/p
PlazaVea,Smartphones,SAMSUNG,"Samsung Galaxy S25 Ultra 512gb 12gb 200mp, 6.9"" Titanium Black",4599.0,3379.0,Marketcell,True,https://www.plazavea.com.pe/samsung-galaxy-s25-ultra-512gb-12gb-200mp-6-9-titanium-black-101475789/p
PlazaVea,Smartphones,SAMSUNG,"Samsung Galaxy S25 Ultra 256gb 12gb 200mp, 6.9"" Titanium Blanco",3999.0,3359.0,Marketcell,True,https://www.plazavea.com.pe/samsung-galaxy-s25-ultra-256gb-12gb-200mp-6-9-titanium-blanco-101475783/p
PlazaVea,Smartphones,SAMSUNG,"Samsung Galaxy S25 Ultra 256gb 12gb 200mp, 6.9"" Titanium Silverblue",3999.0,3399.0,Marketcell,True,https://www.plazavea.com.pe/samsung-galaxy-s25-ultra-256gb-12gb-200mp-6-9-titanium-silverblue-101475556/p
PlazaVea,Smartphones,APPLE,iPhone 14 Plus eSIM 128GB 6GB Midnight OPEN BOX,2321.0,2149.0,Celulares Peru Smart,True,https://www.plazavea.com.pe/iphone-14-plus-esim-128gb-6gb-midnight-open-box-101473591/p
PlazaVea,Smartphones,SAMSUNG,"Samsung Galaxy S25 Ultra 256gb 12gb 200mp, 6.9"" Titanium Black",5599.0,3549.0,Moviles Eirl,True,https://www.plazavea.com.pe/samsung-galaxy-s25-ultra-256gb-12gb-200mp-6-9-titanium-black-101469717/p
PlazaVea,Smartphones,SAMSUNG,"Samsung Galaxy S25 Ultra 256gb 12gb 200mp, 6.9"" Titanium Whitesilver",5599.0,3549.0,Moviles Eirl,True,https://www.plazavea.com.pe/samsung-galaxy-s25-ultra-256gb-12gb-200mp-6-9-titanium-whitesilver-101466884/p
PlazaVea,Smartphones,SAMSUNG,"Samsung Galaxy S25 Ultra 256gb 12gb 200mp, 6.9"" Titanium Silverblue",5599.0,3549.0,Moviles Eirl,True,https://www.plazavea.com.pe/samsung-galaxy-s25-ultra-256gb-12gb-200mp-6-9-titanium-silverblue-101466857/p
PlazaVea,Smartphones,APPLE,iPhone 14 Plus eSIM 128GB 6GB Negro (REACONDICIONADO GRADO A+),2252.0,2085.0,Celulares Peru Smart,True,https://www.plazavea.com.pe/iphone-14-plus-esim-128gb-6gb-negro-reacondicionado-grado-a-101466359/p
PlazaVea,Smartphones,XIAOMI,Celular Xiaomi Redmi 13 8GB 256GB Azul,1399.0,949.0,RP INVERSIONES,True,https://www.plazavea.com.pe/celular-xiaomi-redmi-13-8gb-256gb-azul-101463251/p
PlazaVea,Smartphones,XIAOMI,Xiaomi Redmi A5 4G 64GB 3GB Azul,699.0,399.0,INFOTECSHOP,True,https://www.plazavea.com.pe/xiaomi-redmi-a5-4g-64gb-3gb-azul-101457719/p
PlazaVea,Smartphones,XIAOMI,Xiaomi Redmi A5 4G 64GB 3GB Negro,699.0,399.0,INFOTECSHOP,True,https://www.plazavea.com.pe/xiaomi-redmi-a5-4g-64gb-3gb-negro-101457709/p
PlazaVea,Smartphones,XIAOMI,Xiaomi Redmi A5 4G 128GB 4GB Azul,749.0,399.0,INFOTECSHOP,True,https://www.plazavea.com.pe/xiaomi-redmi-a5-4g-128gb-4gb-azul-101457691/p
PlazaVea,Smartphones,SAMSUNG,Samsung Galaxy S25 Ultra Titanium AI 512GB White Silver,7570.0,5299.0,GameCenter,True,https://www.plazavea.com.pe/samsung-galaxy-s25-ultra-titanium-ai-512gb-white-silver-101454310/p
PlazaVea,Smartphones,APPLE,iPhone 16e 128GB Negro,3199.0,2699.0,oechsle,True,https://www.plazavea.com.pe/iphone-16e-128gb-black-101452361/p
PlazaVea,Smartphones,SAMSUNG,"Celular Samsung S24 FE 6.7"" 8GB RAM 128GB SM-S721BZKLLEP Graphite",2599.0,2599.0,oechsle,True,https://www.plazavea.com.pe/celular-samsung-6-7--8gb-ram-128gb-sm-s721bzkllep-graphite-101452337/p
PlazaVea,Smartphones,APPLE,iPhone 16e 128GB Blanco,3199.0,2699.0,oechsle,True,https://www.plazavea.com.pe/iphone-16e-128gb-white-101452251/p
PlazaVea,Smartphones,XIAOMI,Xiaomi Redmi A5 4G 64GB 3GB Negro - Smartwatch y Audífonos,799.0,489.0,INFOTECSHOP,True,https://www.plazavea.com.pe/xiaomi-redmi-a5-4g-64gb-3gb-negro-smartwatch-audifonos-101443382/p
PlazaVea,Smartphones,XIAOMI,Xiaomi Redmi A5 4G 64GB 3GB Azul y Smartwatch - Audífonos,799.0,489.0,INFOTECSHOP,True,https://www.plazavea.com.pe/xiaomi-redmi-a5-4g-64gb-3gb-azul-smartwatch-audifonos-101443366/p
PlazaVea,Smartphones,APPLE,Iphone 16 pro max chip fisico 256gb color desert - CASE Y MICA TRANSPARENTE,5999.0,4869.0,ROCICELL CELULARES,True,https://www.plazavea.com.pe/iphone-16-pro-max-chip-fisico-256gb-color-desert-regalos-101438813/p
PlazaVea,Smartphones,XIAOMI,Xiaomi Redmi A5 4G 64GB 3GB Ram Dorado,549.0,549.0,INFOTECSHOP,True,https://www.plazavea.com.pe/xiaomi-redmi-a5-4g-64gb-3gb-ram-dorado-101432585/p
PlazaVea,Smartphones,APPLE,KPDM,2399.0,1299.0,KPDM,True,https://www.plazavea.com.pe/celular-iphone-12-64gb-grado-a-verde-101396002/p
PlazaVea,Smartphones,SAMSUNG,Samsung S25 ULTRA 256GB 12GB Titanium Black,4331.0,4010.0,Celulares Peru Smart,True,https://www.plazavea.com.pe/samsung-s25-ultra-256gb-12gb-titanium-black-101388079/p
PlazaVea,Smartphones,SAMSUNG,Samsung S25 ULTRA 512GB 12GB Titanium Whitesilver,4702.0,4354.0,Celulares Peru Smart,True,https://www.plazavea.com.pe/samsung-s25-ultra-512gb-12gb-titanium-whitesilver-101388074/p
PlazaVea,Smartphones,APPLE,Celular iPhone 12 Pro 128GB Grado A+ Grafito Reacondicionado.,2999.0,2999.0,KPDM,True,https://www.plazavea.com.pe/celular-iphone-12-pro-128gb-grado-a-grafito-101386805/p
PlazaVea,Smartphones,APPLE,IPHONE 15 128GB APPLE ROSADO REACONDICIONADO,2249.0,1949.0,COMPRAFACIL USA,True,https://www.plazavea.com.pe/reacondicionado-iphone-15-128gb-rosado-101385365/p
PlazaVea,Smartphones,APPLE,IPHONE 15 PRO 128GB APPLE AZUL TITANIUM REACONDICIONADO,2939.0,2549.0,COMPRAFACIL USA,True,https://www.plazavea.com.pe/reacondicionado-iphone-15-pro-128gb-azul-titanium-101384476/p
PlazaVea,Smartphones,APPLE,IPHONE 15 128GB APPLE AMARILLO REACONDICIONADO,2249.0,1949.0,COMPRAFACIL USA,True,https://www.plazavea.com.pe/reacondicionado-iphone-15-128gb-amarillo-101384471/p
PlazaVea,Smartphones,APPLE,IPHONE 15 PRO 256GB APPLE BLANCO TITANIUM REACONDICIONADO,3639.0,3159.0,COMPRAFACIL USA,True,https://www.plazavea.com.pe/reacondicionado-iphone-15-pro-256gb-blanco-titanium-101384470/p
PlazaVea,Smartphones,APPLE,IPHONE 15 PRO MAX 256GB APPLE AZUL TITANIUM REACONDICIONADO,3629.0,3149.0,COMPRAFACIL USA,True,https://www.plazavea.com.pe/reacondicionado-iphone-15-pro-max-256gb-azul-titanium-101384466/p
PlazaVea,Smartphones,APPLE,IPHONE 15 PRO 128GB APPLE BLANCO TITANIUM REACONDICIONADO,2939.0,2549.0,COMPRAFACIL USA,True,https://www.plazavea.com.pe/reacondicionado-iphone-15-pro-128gb-blanco-titanium-101384458/p
PlazaVea,Smartphones,APPLE,IPHONE 15 128GB APPLE AZUL REACONDICIONADO,2249.0,1949.0,COMPRAFACIL USA,True,https://www.plazavea.com.pe/reacondicionado-iphone-15-128gb-azul-101384457/p
PlazaVea,Smartphones,APPLE,IPHONE 15 PRO 256GB APPLE NEGRO TITANIUM REACONDICIONADO,3639.0,3159.0,COMPRAFACIL USA,True,https://www.plazavea.com.pe/reacondicionado-iphone-15-pro-256gb-negro-titanium-101384437/p
PlazaVea,Smartphones,APPLE,IPHONE 15 PRO 256GB APPLE NATURAL TITANIUM REACONDICIONADO,3639.0,3159.0,COMPRAFACIL USA,True,https://www.plazavea.com.pe/reacondicionado-iphone-15-pro-256gb-natural-titanium-101384414/p
PlazaVea,Smartphones,APPLE,IPHONE 15 PRO 256GB APPLE AZUL TITANIUM REACONDICIONADO,3639.0,3159.0,COMPRAFACIL USA,True,https://www.plazavea.com.pe/reacondicionado-iphone-15-pro-256gb-azul-titanium-101384412/p
PlazaVea,Smartphones,APPLE,IPHONE 15 PRO 128GB APPLE NATURAL TITANIUM REACONDICIONADO,2939.0,2549.0,COMPRAFACIL USA,True,https://www.plazavea.com.pe/reacondicionado-iphone-15-pro-128gb-natural-titanium-101384407/p
PlazaVea,Smartphones,APPLE,IPHONE 15 PRO MAX 256GB APPLE BLANCO TITANIUM REACONDICIONADO,3449.0,2899.0,COMPRAFACIL USA,True,https://www.plazavea.com.pe/reacondicionado-iphone-15-pro-max-256gb-blanco-titanium-101384403/p
PlazaVea,Smartphones,APPLE,IPHONE 15 PRO 128GB APPLE NEGRO TITANIUM REACONDICIONADO,2939.0,2549.0,COMPRAFACIL USA,True,https://www.plazavea.com.pe/reacondicionado-iphone-15-pro-128gb-negro-titanium-101384387/p
PlazaVea,Smartphones,APPLE,IPHONE 15 128GB APPLE NEGRO REACONDICIONADO,2249.0,1949.0,COMPRAFACIL USA,True,https://www.plazavea.com.pe/reacondicionado-iphone-15-128gb-negro-101384360/p
PlazaVea,Smartphones,APPLE,IPHONE 15 PRO MAX 256GB APPLE NEGRO TITANIUM REACONDICIONADO,3629.0,3149.0,COMPRAFACIL USA,True,https://www.plazavea.com.pe/reacondicionado-iphone-15-pro-max-256gb-negro-titanium-101384357/p
PlazaVea,Smartphones,APPLE,IPHONE 15 256GB APPLE AZUL REACONDICIONADO,2479.0,2149.0,COMPRAFACIL USA,True,https://www.plazavea.com.pe/reacondicionado-iphone-15-256gb-azul-101384353/p
PlazaVea,Smartphones,APPLE,IPHONE 15 PRO MAX 256GB APPLE NATURAL TITANIUM REACONDICIONADO,3629.0,3149.0,COMPRAFACIL USA,True,https://www.plazavea.com.pe/reacondicionado-iphone-15-pro-max-256gb-natural-titanium-101384349/p
PlazaVea,Smartphones,SAMSUNG,Samsung Galaxy S25 ULTRA 5G 5g 512gb 12gb color gris,6799.0,3409.0,ROCICELL CELULARES,True,https://www.plazavea.com.pe/samsung-galaxy-s25-ultra-5g-5g-512gb-12gb-color-gris-101383632/p
PlazaVea,Smartphones,APPLE,Celular iPhone 12 Pro Dorado 128GB Grado A,2999.0,1699.0,KPDM,True,https://www.plazavea.com.pe/celular-iphone-12-pro-dorado-128gb-grado-a-101383564/p
PlazaVea,Smartphones,SAMSUNG,Samsung Galaxy S25 ULTRA 5G 5g 512gb 12gb color blanco,6799.0,3409.0,ROCICELL CELULARES,True,https://www.plazavea.com.pe/samsung-galaxy-s25-ultra-5g-5g-512gb-12gb-color-blanco-101380453/p
PlazaVea,Smartphones,SAMSUNG,Samsung Galaxy S25 ULTRA 5G 5g 512gb 12gb color azul,6799.0,3409.0,ROCICELL CELULARES,True,https://www.plazavea.com.pe/samsung-galaxy-s25-ultra-5g-5g-512gb-12gb-color-azul-101380442/p
PlazaVea,Smartphones,SAMSUNG,Samsung Galaxy S25 ULTRA 5G 5g 512gb 12gb color negro,6799.0,3409.0,ROCICELL CELULARES,True,https://www.plazavea.com.pe/samsung-galaxy-s25-ultra-5g-5g-512gb-12gb-color-negro-101380407/p
PlazaVea,Smartphones,SAMSUNG,"Samsung Galaxy S25 Ultra 512gb 12gb 200mp, 6.9"" Titanium Black",6399.0,3479.0,Telcelperu,True,https://www.plazavea.com.pe/samsung-galaxy-s25-ultra-512gb-12gb-200mp-6-9-titanium-black-101374015/p
PlazaVea,Smartphones,SAMSUNG,"Samsung Galaxy S25 Ultra 256gb 12gb 200mp, 6.9"" Titanium Black",5599.0,3499.0,Telcelperu,True,https://www.plazavea.com.pe/samsung-galaxy-s25-ultra-256gb-12gb-200mp-6-9-titanium-black-101374008/p
PlazaVea,Smartphones,SAMSUNG,"Celular Samsung A56 8GB RAM 256GB 6.7"" Light Pink",1899.0,1899.0,oechsle,True,https://www.plazavea.com.pe/celular-samsung-a56-sm-a566elifltp-8gb-ram-256gb-6-7--light-pink-101373556/p
PlazaVea,Smartphones,SAMSUNG,Samsung A16 128GB 4GB Negro,708.0,590.0,Celulares Peru Smart,True,https://www.plazavea.com.pe/samsung-a16-128gb-4gb-negro-101371061/p
PlazaVea,Smartphones,SAMSUNG,Samsung S24 Ultra 5G 256GB 12GB Gris (REACONDICIONADO GRADO A+),3344.0,3096.0,Celulares Peru Smart,True,https://www.plazavea.com.pe/samsung-s24-ultra-5g-256gb-12gb-gris-reacondicionado-grado-a-101362779/p
PlazaVea,Smartphones,APPLE,iPhone 16 eSIM 128GB 8GB Teal (REACONDICIONADO GRADO A+),3552.0,3289.0,Celulares Peru Smart,True,https://www.plazavea.com.pe/iphone-16-esim-128gb-8gb-teal-reacondicionado-grado-a-101362734/p
PlazaVea,Smartphones,SAMSUNG,"Samsung Galaxy S25 Ultra 256gb 12gb 200mp, 6.9"" Titanium Silverblue",5599.0,3499.0,Telcelperu,True,https://www.plazavea.com.pe/samsung-galaxy-s25-ultra-256gb-12gb-200mp-6-9-titanium-silverblue-101354753/p
PlazaVea,Smartphones,SAMSUNG,"Samsung Galaxy S25 Ultra 256gb 12gb 200mp, 6.9"" Titanium Whitesilver",5599.0,3499.0,Telcelperu,True,https://www.plazavea.com.pe/samsung-galaxy-s25-ultra-256gb-12gb-200mp-6-9-titanium-whitesilver-101354577/p
PlazaVea,Smartphones,SAMSUNG,"Samsung Galaxy S25 Ultra 256gb 12gb 200mp, 6.9"" Titanium Gray",5599.0,3499.0,Telcelperu,True,https://www.plazavea.com.pe/samsung-galaxy-s25-ultra-256gb-12gb-200mp-6-9-titanium-gray-101354238/p
PlazaVea,Smartphones,SAMSUNG,Samsung Galaxy A56 5G 256GB 8GB Ram Color Negro,2499.0,1599.0,INFOTECSHOP,True,https://www.plazavea.com.pe/samsung-galaxy-a56-5g-256gb-8gb-ram-color-negro-101339816/p
PlazaVea,Smartphones,SAMSUNG,Samsung S25 ULTRA 512GB 12GB Titaniumgray,4470.0,4139.0,Celulares Peru Smart,True,https://www.plazavea.com.pe/samsung-s25-ultra-512gb-12gb-titaniumgray-101339774/p
PlazaVea,Smartphones,APPLE,Apple Iphone 16 Pro Max 256Gb Esim - White Titanium,6999.0,6999.0,Oh! Shop,True,https://www.plazavea.com.pe/apple-iphone-16-pro-max-256gb-esim-white-titanium-101290817/p
PlazaVea,Smartphones,APPLE,iPhone 14 Plus c/CHIP 128GB 6GB Purpura (REACONDICIONADO GRADO A+),2601.0,2408.0,Celulares Peru Smart,True,https://www.plazavea.com.pe/iphone-14-plus-c-chip-128gb-6gb-purpura-reacondicionado-grado-a-101277300/p
PlazaVea,Smartphones,SAMSUNG,Samsung S25 ULTRA 256GB 12GB Titanium Silverblue,4434.0,4106.0,Celulares Peru Smart,True,https://www.plazavea.com.pe/samsung-s25-ultra-256gb-12gb-titanium-silverblue-101277299/p
PlazaVea,Smartphones,APPLE,iPhone 16 eSIM 128GB 8GB Ultramarine (REACONDICIONADO GRADO A+),3425.0,3171.0,Celulares Peru Smart,True,https://www.plazavea.com.pe/iphone-16-esim-128gb-8gb-ultramarine-reacondicionado-grado-a-101277275/p
PlazaVea,Smartphones,APPLE,iPhone 16 eSIM 128GB 8GB Negro (REACONDICIONADO GRADO A+),3552.0,3289.0,Celulares Peru Smart,True,https://www.plazavea.com.pe/iphone-16-esim-128gb-8gb-negro-reacondicionado-grado-a-101277263/p
PlazaVea,Smartphones,SAMSUNG,Samsung S25 ULTRA 512GB 12GB Titanium Black,4690.0,4343.0,Celulares Peru Smart,True,https://www.plazavea.com.pe/samsung-s25-ultra-512gb-12gb-titanium-black-101277253/p
PlazaVea,Smartphones,APPLE,iPhone 16 eSIM 128GB 8GB Rosado (REACONDICIONADO GRADO A+),3378.0,3128.0,Celulares Peru Smart,True,https://www.plazavea.com.pe/iphone-16-esim-128gb-8gb-rosado-reacondicionado-grado-a-101277244/p
PlazaVea,Smartphones,MOTOROLA,"Celular Motorola G15 6.72"" 4GB RAM 256GB Naranja",649.0,649.0,oechsle,True,https://www.plazavea.com.pe/celular-motorola-g15-6-72--4gb-ram-256gb-naranja-101261183/p
PlazaVea,Smartphones,APPLE,Apple iPhone 14 128GB -Reacondicionado A-Negro mas Regalo,1999.0,1479.0,Techpro Store,True,https://www.plazavea.com.pe/apple-iphone-14-128gb-reacondicionado-a-negro-101259350/p
PlazaVea,Tablets,SAMSUNG,"Tablet SAMSUNG Galaxy A11 8.7"" 4GB 64GB Gris",549.0,409.0,Plaza Vea,True,https://www.plazavea.com.pe/tablet-samsung-galaxy-a11-8-7--4gb-64gb-gris/p
PlazaVea,Tablets,XIAOMI,Tablet XIAOMI Redmi Pad 2 9.7'' 4GB 128GB Gris,799.0,499.0,Plaza Vea,True,https://www.plazavea.com.pe/tablet-xiaomi-redmi-pad-2-9-7-4gb-128gb-gris-20633514/p
PlazaVea,Tablets,SAMSUNG,"Tablet SAMSUNG Galaxy A11+ 11"" 6GB 128GB Gris",999.0,799.0,Plaza Vea,True,https://www.plazavea.com.pe/tablet-samsung-galaxy-a11-11--6gb-128gb-gris/p
PlazaVea,Tablets,XIAOMI,Tablet XIAOMI Redmi Pad 2 9.7'' 4GB 128GB Plata,799.0,499.0,Plaza Vea,True,https://www.plazavea.com.pe/tablet-xiaomi-redmi-pad-2-9-7-4gb-128gb-plata-20633512/p
PlazaVea,Tablets,XIAOMI,"Tablet XIAOMI Redmi Pad 2 Pro 12.1"" 8GB 256GB UFS Gray",1299.0,1298.0,Plaza Vea,True,https://www.plazavea.com.pe/tablet-xiaomi-redmi-pad-2-pro-12-1--8gb-256gb-ufs-gray-20568283/p
PlazaVea,Tablets,SAMSUNG,"Tablet SAMSUNG Galaxy S10FE 10.9"" 8GB 128GB Gris",2099.0,1899.0,Plaza Vea,True,https://www.plazavea.com.pe/tablet-samsung-galaxy-s10fe-10-9--8gb-128gb-gris/p
PlazaVea,Tablets,SAMSUNG,"Tablet Samsung Galaxy Tab A11 8.7"" 4GB + 64GB Gris",499.0,459.0,oechsle,True,https://www.plazavea.com.pe/tablet-samsung-galaxy-tab-a11-8-7--4gb---64gb-gris-101853904/p
PlazaVea,Tablets,APPLE,Apple iPad Air M4 11'' WiFi 128GB  Space Gray 2026 y Pencil Pro,4999.0,3169.0,COOLTRADE,True,https://www.plazavea.com.pe/nuevo-apple-ipad-air-m4-11-wifi-128gb-space-gray-2026-y-pencil-pro-101974421/p
PlazaVea,Tablets,SAMSUNG,Tablet Samsung Tab S10 Lite Gray SM-X400NZAAPEO 6GB RAM 128GB Android Gris,1499.0,1299.0,oechsle,True,https://www.plazavea.com.pe/tablet-samsung-tab-s10-lite-gray-sm-x400nzaapeo-6gb-ram-128gb-android-gris-101745596/p
PlazaVea,Tablets,APPLE,Apple iPad Air M4 11'' WiFi 128GB  Starlight 2026 y Pencil Pro,4999.0,3169.0,COOLTRADE,True,https://www.plazavea.com.pe/nuevo-apple-ipad-air-m4-11-wifi-128gb-starlight-2026-y-pencil-pro-101974420/p
PlazaVea,Tablets,XIAOMI,Tablet Xiaomi Redmi Pad 2 4G 128GB Verde - Pantalla 90Hz 2.5K con 4 Parlantes y 9000mAh.,799.0,719.9,Mi Tienda,True,https://www.plazavea.com.pe/tablet-xiaomi-redmi-pad-2-mint-green-4g-ram-128g-rom-101627930/p
PlazaVea,Tablets,SAMSUNG,"Tablet Samsung Galaxy Tab S10 FE  10.9"" 8GB RAM 128GB Gris",2199.0,1699.0,oechsle,True,https://www.plazavea.com.pe/tablet-samsung-galaxy-tab-s10-fe--10-9--8gb-ram-128gb-gris-101452255/p
PlazaVea,Tablets,SAMSUNG,Tablet Samsung Galaxy Tab S10 FE 10.9  Pulgadas  128GB 8GB RAM Gray Más S Pen,2599.0,1999.0,Ofertec,True,https://www.plazavea.com.pe/tablet-samsung-galaxy-tab-s10-fe-10-9--pulgadas--128gb-8gb-ram-gray-mas-s-pen-102326038/p
PlazaVea,Tablets,XIAOMI,Tablet Redmi Pad 2 128GB 4GB RAM 8MP Silver,899.0,499.0,CARSA,True,https://www.plazavea.com.pe/tablet-redmi-pad-2-128gb-4gb-ram-8mp-silver-102314075/p
PlazaVea,Tablets,SAMSUNG,TABLET SAMSUNG GALAXY TAB S10 LITE WIFI 6GB RAM 128GB ROM - GRAY,2499.0,1249.0,RP INVERSIONES,True,https://www.plazavea.com.pe/tablet-samsung-galaxy-tab-s10-lite-wifi-6gb-ram-128gb-rom---gray-102313681/p
PlazaVea,Tablets,SAMSUNG,TABLET SAMSUNG GALAXY TAB S10 LITE WIFI 6GB RAM 128GB ROM - GRAY,2499.0,1249.0,D´TEEC-TECNOLOGÍA ELECTRO,True,https://www.plazavea.com.pe/tablet-samsung-galaxy-tab-s10-lite-wifi-6gb-ram-128gb-rom---gray-102313122/p
PlazaVea,Tablets,SAMSUNG,TABLET SAMSUNG GALAXY TAB S10 LITE WIFI 6GB RAM 128GB ROM - GRAY,2499.0,1249.0,IMPORT CASO E.I.R.L.,True,https://www.plazavea.com.pe/tablet-samsung-galaxy-tab-s10-lite-wifi-6gb-ram-128gb-rom---gray-102313116/p
PlazaVea,Tablets,APPLE,Tablet Apple iPad A16 11'' 128GB WIFI + Cellular Yellow,3199.0,2999.0,GTECH X,True,https://www.plazavea.com.pe/tablet-apple-ipad-a16-11---128gb-wifi---cellular-yellow-102313067/p
PlazaVea,Tablets,XIAOMI,"Tablet Xiaomi Redmi Pad 2 Pro 12.1"" 128GB 6GB Silver",1412.0,1307.0,Celulares Peru Smart,True,https://www.plazavea.com.pe/tablet-xiaomi-redmi-pad-2-pro-12-1--128gb-6gb-silver-102308725/p
PlazaVea,Tablets,HONOR,"Tablet Honor Pad X9a LTE 11.5"" 128GB 8GB SpaceGray",1269.0,1175.0,Celulares Peru Smart,True,https://www.plazavea.com.pe/tablet-honor-pad-x9a-lte-11-5--128gb-8gb-spacegray-102308657/p
PlazaVea,Tablets,APPLE,"iPad Air M4 Wi-Fi MH3A4LL/A 11"" 512GB 12GB SpaceGray",4852.0,4493.0,Celulares Peru Smart,True,https://www.plazavea.com.pe/ipad-air-m4-wi-fi-mh3a4ll-a-11--512gb-12gb-spacegray-102308640/p
PlazaVea,Tablets,SAMSUNG,Tablet Samsung Tab S10 FE 10.9 128GB 8GB Silver,2088.0,1933.0,Celulares Peru Smart,True,https://www.plazavea.com.pe/tablet-samsung-tab-s10-fe-10-9-128gb-8gb-silver-102308635/p
PlazaVea,Tablets,SAMSUNG,Tablet Samsung Galaxy Tab S10 FE Plus SM-X620 13.1  WiFi 12GB 256GB S-Pen Silver,3599.0,2899.0,VEGA SAC,True,https://www.plazavea.com.pe/tablet-samsung-galaxy-tab-s10-fe-plus-sm-x620-13-1--wifi-12gb-256gb-s-pen-silver-102291522/p
PlazaVea,Tablets,APPLE,iPad Air 11 WiFi 128GB Blue,3499.0,3299.0,oechsle,True,https://www.plazavea.com.pe/ipad-air-11-wifi-128gb-blue-102289573/p
PlazaVea,Tablets,XIAOMI,Tablet Xiaomi Redmi Pad 2 4gb 128gb Plata 9.7,899.0,619.0,STARK COMPUTER,True,https://www.plazavea.com.pe/tablet-xiaomi-redmi-pad-2-4gb-128gb-plata-9-7-102286262/p
PlazaVea,Tablets,XIAOMI,Tablet Xiaomi Redmi Pad 2 4gb 128gb Gris 9.7,899.0,619.0,STARK COMPUTER,True,https://www.plazavea.com.pe/tablet-xiaomi-redmi-pad-2-4gb-128gb-gris-9-7-102286201/p
PlazaVea,Tablets,HONOR,Tablet HONOR Pad X8b WiFi 4GB RAM - 128GB Gray,899.0,749.0,Mi Tienda,True,https://www.plazavea.com.pe/tablet-honor-pad-x8b-wifi-4gb-ram---128gb-gray-102266448/p
PlazaVea,Tablets,APPLE,iPad Air 11''  256GB Chip M4 WiFi Blue,3999.0,3499.0,GTECH X,True,https://www.plazavea.com.pe/ipad-air-11----256gb-chip-m4-wifi-blue-102260253/p
PlazaVea,Tablets,APPLE,iPad Air 11'' 256GB Chip M4 WiFi Space Black,4999.0,3999.0,GTECH X,True,https://www.plazavea.com.pe/ipad-air-11---256gb-chip-m4-wifi-space-black-102260249/p
PlazaVea,Tablets,APPLE,iPad Air 11 Pulgadas Chip M4 128 GB Wi-Fi iPad OS Spacegray - Funda Protectora,3499.0,3499.0,MIXELLExpress,True,https://www.plazavea.com.pe/ipad-air-11-pulgadas-chip-m4-128-gb-wi-fi-ipad-os-spacegray-funda-protectora-102259685/p
PlazaVea,Tablets,APPLE,iPad Air 11 Pulgadas Chip M4 128 GB Wi-Fi iPad OS Purple,3999.0,3999.0,MIXELLExpress,True,https://www.plazavea.com.pe/ipad-air-11-pulgadas-chip-m4-128-gb-wi-fi-ipad-os-purple-102259684/p
PlazaVea,Tablets,APPLE,iPad Air 11 Pulgadas Chip M4 128 GB Wi-Fi iPad OS Blue con Pencil Pro,3999.0,3999.0,MIXELLExpress,True,https://www.plazavea.com.pe/ipad-air-11-pulgadas-chip-m4-128-gb-wi-fi-ipad-os-blue-con-pencil-pro-102259358/p
PlazaVea,Tablets,APPLE,Pad Air 11 Pulgadas Chip M4 128 GB Wi-Fi iPad OS Spacegray,3499.0,3499.0,MIXELLExpress,True,https://www.plazavea.com.pe/pad-air-11-pulgadas-chip-m4-128-gb-wi-fi-ipad-os-spacegray-102259352/p
PlazaVea,Tablets,APPLE,iPad Air 11 Pulgadas Chip M4 128 GB Wi-Fi iPad OS SpaceGray con mica,3499.0,3499.0,MIXELLExpress,True,https://www.plazavea.com.pe/ipad-air-11-pulgadas-chip-m4-128-gb-wi-fi-ipad-os-spacegray-con-mica-102259339/p
PlazaVea,Tablets,APPLE,iPad Air 11 Chip M4 128GB Wi-Fi iPadOS Space Gray - Mica de Vidrio Templado,3499.0,3499.0,MIXELLExpress,True,https://www.plazavea.com.pe/ipad-air-11-chip-m4-128gb-wi-fi-ipados-space-gray-mica-de-vidrio-templado-102259338/p
PlazaVea,Tablets,APPLE,iPad Air 11 Pulgadas Chip M4 128 GB Wi-Fi iPad OS Spacegray con case protector y mica,3499.0,3499.0,MIXELLExpress,True,https://www.plazavea.com.pe/ipad-air-11-pulgadas-chip-m4-128-gb-wi-fi-ipad-os-spacegray-con-case-protector-y-mica-102259334/p
PlazaVea,Tablets,APPLE,iPad Air 11 Pulgadas Chip M4 128 GB Wi-Fi iPad OS SpaceGray con Pencil Universal,3499.0,3499.0,MIXELLExpress,True,https://www.plazavea.com.pe/ipad-air-11-pulgadas-chip-m4-128-gb-wi-fi-ipad-os-spacegray-con-pencil-universal-102259313/p
PlazaVea,Tablets,APPLE,iPad Air 11 Pulgadas Chip M4 128 GB Wi-Fi iPad OS Starlight,3499.0,3499.0,MIXELLExpress,True,https://www.plazavea.com.pe/ipad-air-11-pulgadas-chip-m4-128-gb-wi-fi-ipad-os-starlight-102259308/p
PlazaVea,Tablets,APPLE,iPad Air 11 Pulgadas Chip M4 128 GB Wi-Fi iPad OS SpaceGray con Smart Keyboard Compatible,3499.0,3499.0,MIXELLExpress,True,https://www.plazavea.com.pe/ipad-air-11-pulgadas-chip-m4-128-gb-wi-fi-ipad-os-spacegray-con-smart-keyboard-compatible-102259302/p
PlazaVea,Tablets,APPLE,Apple iPad Air 11 M4 Wi-Fi 128GB Space Gray - Apple Pencil Pro,4099.0,4099.0,MIXELLExpress,True,https://www.plazavea.com.pe/apple-ipad-air-11-m4-wi-fi-128gb-space-gray-apple-pencil-pro-102259294/p
PlazaVea,Tablets,APPLE,iPad Pro 11 Pulgadas M5 256GB WiFi SpaceBlack con Case Protector y mica,6499.0,6499.0,MIXELLExpress,True,https://www.plazavea.com.pe/ipad-pro-11-pulgadas-m5-256gb-wifi-spaceblack-con-case-protector-y-mica-102258758/p
PlazaVea,Tablets,APPLE,iPad Pro 11 Pulgadas M5 256GB WiFi SpaceBlack con Pencil Pro,6499.0,6499.0,MIXELLExpress,True,https://www.plazavea.com.pe/ipad-pro-11-pulgadas-m5-256gb-wifi-spaceblack-con-pencil-pro-102258757/p
PlazaVea,Tablets,APPLE,iPad Air 11 Pulgadas M4 128 GB WiFi SpaceGray Smart Keyboard Compatible y Pencil Pro y mica,3999.0,3999.0,MIXELLExpress,True,https://www.plazavea.com.pe/ipad-air-11-pulgadas-m4-128-gb-wifi-spacegray-smart-keyboard-compatible-y-pencil-pro-y-mica-102258747/p
PlazaVea,Tablets,APPLE,iPad Air 11 Pulgadas M4 128 GB WiFi SpaceGray Smart Keyboard Compatible y Pencil Pro,3999.0,3999.0,MIXELLExpress,True,https://www.plazavea.com.pe/ipad-air-11-pulgadas-m4-128-gb-wifi-spacegray-smart-keyboard-compatible-y-pencil-pro-102258744/p
PlazaVea,Tablets,APPLE,iPad Air 11 Pulgadas M4 128 GB Wi-Fi SpaceGray con Smart Keyboard Compatible y Pencil Alternativo,3499.0,3499.0,MIXELLExpress,True,https://www.plazavea.com.pe/ipad-air-11-pulgadas-m4-128-gb-wi-fi-spacegray-con-smart-keyboard-compatible-y-pencil-alternativo-102258730/p
PlazaVea,Tablets,APPLE,iPad Air 11 Pulgadas Chip M4 128 GB Wi-Fi iPad OS SpaceGray con Smart Keyboard Compatible y mica,3499.0,3499.0,MIXELLExpress,True,https://www.plazavea.com.pe/ipad-air-11-pulgadas-chip-m4-128-gb-wi-fi-ipad-os-spacegray-con-smart-keyboard-compatible-y-mica-102258729/p
PlazaVea,Tablets,APPLE,iPad Air 11 Pulgadas Chip M4 128 GB Wi-Fi iPad OS Blue,3499.0,3499.0,MIXELLExpress,True,https://www.plazavea.com.pe/ipad-air-11-pulgadas-chip-m4-128-gb-wi-fi-ipad-os-blue-102258724/p
PlazaVea,Tablets,SAMSUNG,Tablet Samsung Galaxy Tab S10 Lite 6GB 128G - Gray,1499.0,1159.0,STARK COMPUTER,True,https://www.plazavea.com.pe/tablet-samsung-galaxy-tab-s10-lite-6gb-128g---gray0-9-102241628/p
PlazaVea,Tablets,APPLE,Apple Ipad Pro 11 Chip M5 256Gb Wifi Space Black con Mica Hidrogel,5799.0,4999.0,M&M CELULARES,True,https://www.plazavea.com.pe/apple-ipad-pro-11-chip-m5-256gb-wifi-space-black-con-mica-hidrogel-102240892/p
PlazaVea,Tablets,APPLE,Ipad Pro 11 M5 256Gb Wifi Space Black con Mica Hidrogel,5799.0,4999.0,TECH HUB,True,https://www.plazavea.com.pe/ipad-pro-11-m5-256gb-wifi-space-black-con-mica-hidrogel-102240306/p
PlazaVea,Tablets,XIAOMI,TABLET XIAOMI PAD 2  9.7 P. 4GB 128GB PLATEADO,1209.0,639.0,MILLENNIALS MOBILE,True,https://www.plazavea.com.pe/tablet-xiaomi-pad-2--9-7-p--4gb-128gb-plateado-102238556/p
PlazaVea,Tablets,XIAOMI,TABLET XIAOMI PAD 2  9.7 P. 4GB 128GB GRIS,1209.0,639.0,MILLENNIALS MOBILE,True,https://www.plazavea.com.pe/tablet-xiaomi-pad-2--9-7-p--4gb-128gb-gris-102238055/p
PlazaVea,Tablets,APPLE,iPad Pro M5 13 256GB Wifi Space Black,5999.0,5229.0,BLOOMY PARFUM,True,https://www.plazavea.com.pe/ipad-pro-m5-13-256gb-wifi-space-black-102230892/p
PlazaVea,Tablets,SAMSUNG,"Tablet Samsung S10 FE 10.9"" 256GB 12GB Gris",2527.0,2340.0,Celulares Peru Smart,True,https://www.plazavea.com.pe/tablet-samsung-s10-fe-10-9--256gb-12gb-gris-102230184/p
PlazaVea,Tablets,XIAOMI,Tablet Xiaomi Redmi Pad 2 9.7 2K WiFi 4GB 128GB HyperOS 3.0 con Android 16 Gris oscuro,799.0,649.0,VEGA SAC,True,https://www.plazavea.com.pe/tablet-xiaomi-redmi-pad-2-9-7-2k-wifi-4gb-128gb-hyperos-3-0-con-android-16-gris-oscuro-102228585/p
PlazaVea,Tablets,XIAOMI,Tablet Xiaomi Redmi Pad 2 9.7 2K WiFi 4GB 128GB HyperOS 3.0 con Android 16 Silver,799.0,649.0,VEGA SAC,True,https://www.plazavea.com.pe/tablet-xiaomi-redmi-pad-2-9-7-2k-wifi-4gb-128gb-hyperos-3-0-con-android-16-silver-102228283/p
PlazaVea,Tablets,SAMSUNG,Tablet Samsung Galaxy Tab A11 8.7 64GB 4GB Ram Color Gris,799.0,799.0,INFOTECSHOP,True,https://www.plazavea.com.pe/tablet-samsung-galaxy-tab-a11-8-7-64gb-4gb-ram-color-gris-102200661/p
PlazaVea,Tablets,XIAOMI,Tablet Xiaomi Redmi Pad 2 11 128GB 4GB RAM Color Gris,1099.0,699.0,INFOTECSHOP,True,https://www.plazavea.com.pe/tablet-xiaomi-redmi-pad-2-11-128gb-4gb-ram-color-gris-102200596/p
PlazaVea,Tablets,APPLE,iPad Pro 11 Pulgadas M5 256GB WiFi SpaceBlack con Smart Keyboard Compatible y Pencil Pro,6499.0,6499.0,MIXELL,True,https://www.plazavea.com.pe/ipad-pro-11-pulgadas-m5-256gb-wifi-spaceblack-con-smart-keyboard-compatible-y-pencil-pro-102200382/p
PlazaVea,Tablets,APPLE,iPad Air 11 Pulgadas Chip M4 128 GB Wi-Fi iPad OS Blue con Case protector y mica,3499.0,3499.0,MIXELL,True,https://www.plazavea.com.pe/ipad-air-11-pulgadas-chip-m4-128-gb-wi-fi-ipad-os-blue-con-case-protector-y-mica-102192220/p
PlazaVea,Tablets,APPLE,Apple Ipad AIR 11 M4 2026 MH304CL A 11 M4 WIFI 12GB 128GB Gris Espacial,3499.0,2999.0,VEGA SAC,True,https://www.plazavea.com.pe/apple-ipad-air-11-m4-2026-mh304cl-a-11-m4-wifi-12gb-128gb-gris-espacial-102191493/p
PlazaVea,Tablets,SAMSUNG,TABLET SAMSUNG GALAXY TAB A11 8.7 64GB,899.0,459.0,ELECTRODOMESTICOS GALEXA,True,https://www.plazavea.com.pe/tablet-samsung-galaxy-tab-a11-8-7-64gb-102191019/p
PlazaVea,Tablets,XIAOMI,Tablet Xiaomi Redmi Pad 2 Pro 12.1 2.5K WiFi 6GB 128GB HyperOS 2.0 con Android 15 Gris oscuro,1599.0,1199.0,VEGA SAC,True,https://www.plazavea.com.pe/tablet-xiaomi-redmi-pad-2-pro-12-1-2-5k-wifi-6gb-128gb-hyperos-2-0-con-android-15-gris-oscuro-102186574/p
PlazaVea,Tablets,APPLE,iPad Pro 11 Pulgadas M5 256GB WiFi SpaceBlack con Smart Keyboard Compatible y Pencil Pro y Mica,6499.0,6499.0,MIXELL,True,https://www.plazavea.com.pe/ipad-pro-11-pulgadas-m5-256gb-wifi-spaceblack-con-smart-keyboard-compatible-y-pencil-pro-y-mica-102181856/p
PlazaVea,Tablets,APPLE,iPad Air 11 Pulgadas M4 128 GB WiFi SpaceGray Smart Keyboard Compatible y Pencil Pro,3999.0,3999.0,MIXELL,True,https://www.plazavea.com.pe/ipad-air-11-pulgadas-m4-128-gb-wifi-spacegray-smart-keyboard-compatible-y-pencil-pro-102181854/p
PlazaVea,Tablets,APPLE,iPad Air 11 Pulgadas M4 128 GB WiFi SpaceGray Smart Keyboard Compatible y Pencil Pro y mica,3999.0,3999.0,MIXELL,True,https://www.plazavea.com.pe/ipad-air-11-pulgadas-m4-128-gb-wifi-spacegray-smart-keyboard-compatible-y-pencil-pro-y-mica-102181851/p
PlazaVea,Tablets,APPLE,iPad Pro 11 Pulgadas M5 256GB WiFi SpaceBlack con Smart Keyboard Compatible y Mica,6499.0,6499.0,MIXELL,True,https://www.plazavea.com.pe/ipad-pro-11-pulgadas-m5-256gb-wifi-spaceblack-con-smart-keyboard-compatible-y-mica-102181846/p
PlazaVea,Tablets,APPLE,iPad Pro 11 Pulgadas M5 256GB WiFi SpaceBlack con Pencil Pro,6499.0,6499.0,MIXELL,True,https://www.plazavea.com.pe/ipad-pro-11-pulgadas-m5-256gb-wifi-spaceblack-con-pencil-pro-102181837/p
PlazaVea,Tablets,APPLE,iPad Pro 11 Pulgadas M5 256GB WiFi Silver con Smart Keyboard Compatible y Pencil Pro y Mica,6499.0,6499.0,MIXELL,True,https://www.plazavea.com.pe/ipad-pro-11-pulgadas-m5-256gb-wifi-silver-con-smart-keyboard-compatible-y-pencil-pro-y-mica-102181833/p
PlazaVea,Tablets,APPLE,iPad Pro 11 Pulgadas M5 256GB WiFi SpaceBlack con  Smart Keyboard Compatible,6499.0,6499.0,MIXELL,True,https://www.plazavea.com.pe/ipad-pro-11-pulgadas-m5-256gb-wifi-spaceblack-con--smart-keyboard-compatible-102181827/p
PlazaVea,Tablets,APPLE,iPad Pro 11 Pulgadas M5 256GB WiFi Silver con Pencil Universal,6499.0,6499.0,MIXELL,True,https://www.plazavea.com.pe/ipad-pro-11-pulgadas-m5-256gb-wifi-silver-con-pencil-universal-102181824/p
PlazaVea,Tablets,APPLE,iPad Pro 11 Pulgadas M5 256GB WiFi SpaceBlack con Mica,6499.0,6499.0,MIXELL,True,https://www.plazavea.com.pe/ipad-pro-11-pulgadas-m5-256gb-wifi-spaceblack-con-mica-102181746/p
PlazaVea,Tablets,APPLE,iPad Pro 11 Pulgadas M5 256GB WiFi Silver con Mica,6499.0,6499.0,MIXELL,True,https://www.plazavea.com.pe/ipad-pro-11-pulgadas-m5-256gb-wifi-silver-con-mica-102181743/p
PlazaVea,Tablets,APPLE,iPad Air 11 Pulgadas M4 128 GB WiFi Blue Smart Keyboard Compatible y Pencil Pro,3999.0,3999.0,MIXELL,True,https://www.plazavea.com.pe/ipad-air-11-pulgadas-m4-128-gb-wifi-blue-smart-keyboard-compatible-y-pencil-pro-102181735/p
PlazaVea,Tablets,APPLE,iPad Pro 11 Pulgadas M5 256GB WiFi Silver con Smart Keyboard Compatible y Pencil Pro,6499.0,6499.0,MIXELL,True,https://www.plazavea.com.pe/ipad-pro-11-pulgadas-m5-256gb-wifi-silver-con-smart-keyboard-compatible-y-pencil-pro-102181729/p
PlazaVea,Tablets,APPLE,iPad Pro 11 Pulgadas M5 256GB WiFi SpaceBlack con Pencil Universal,6499.0,6499.0,MIXELL,True,https://www.plazavea.com.pe/ipad-pro-11-pulgadas-m5-256gb-wifi-spaceblack-con-pencil-universal-102181724/p
PlazaVea,Tablets,APPLE,iPad Pro 11 Pulgadas M5 256GB WiFi Silver con Smart Keyboard Compatible y Mica,6499.0,6499.0,MIXELL,True,https://www.plazavea.com.pe/ipad-pro-11-pulgadas-m5-256gb-wifi-silver-con-smart-keyboard-compatible-y-mica-102181719/p
PlazaVea,Tablets,APPLE,iPad Air 11 Pulgadas M4 128 GB WiFi Blue Smart Keyboard Compatible y Pencil Pro y mica,3999.0,3999.0,MIXELL,True,https://www.plazavea.com.pe/ipad-air-11-pulgadas-m4-128-gb-wifi-blue-smart-keyboard-compatible-y-pencil-pro-y-mica-102181698/p
PlazaVea,Tablets,APPLE,iPad Pro 11 Pulgadas M5 256GB WiFi Silver con Case Transparente y mica,6499.0,6499.0,MIXELL,True,https://www.plazavea.com.pe/ipad-pro-11-pulgadas-m5-256gb-wifi-silver-con-case-transparente-y-mica-102181646/p
PlazaVea,Tablets,APPLE,iPad Pro 11 Pulgadas M5 256GB WiFi SpaceBlack y Case Protector,6199.0,6199.0,MIXELL,True,https://www.plazavea.com.pe/ipad-pro-11-pulgadas-m5-256gb-wifi-spaceblack-y-case-protector-102181644/p
PlazaVea,Tablets,APPLE,iPad Pro 11 Pulgadas M5 256GB WiFi Silver con Smart Keyboard Compatible y Pencil Universal,6499.0,6499.0,MIXELL,True,https://www.plazavea.com.pe/ipad-pro-11-pulgadas-m5-256gb-wifi-silver-con-smart-keyboard-compatible-y-pencil-universal-102181638/p
PlazaVea,Tablets,APPLE,iPad Pro 11 Pulgadas M5 256GB WiFi SpaceBlack con Smart Keyboard y Pencil Universal y Mica,6499.0,6499.0,MIXELL,True,https://www.plazavea.com.pe/ipad-pro-11-pulgadas-m5-256gb-wifi-spaceblack-con-smart-keyboard-y-pencil-universal-y-mica-102181629/p
PlazaVea,Tablets,APPLE,iPad Pro 11 Pulgadas M5 256GB WiFi SpaceBlack con Smart Keyboard Compatible y Pencil Universal,6499.0,6499.0,MIXELL,True,https://www.plazavea.com.pe/ipad-pro-11-pulgadas-m5-256gb-wifi-spaceblack-con-smart-keyboard-compatible-y-pencil-universal-102181614/p
PlazaVea,Tablets,APPLE,iPad Pro 11 Pulgadas M5 256GB WiFi SpaceBlack con Case Transparente,6499.0,6499.0,MIXELL,True,https://www.plazavea.com.pe/ipad-pro-11-pulgadas-m5-256gb-wifi-spaceblack-con-case-transparente-102181587/p
PlazaVea,Tablets,APPLE,iPad Pro 11 Pulgadas M5 256GB WiFi SpaceBlack con Case Protector y mica,6499.0,6499.0,MIXELL,True,https://www.plazavea.com.pe/ipad-pro-11-pulgadas-m5-256gb-wifi-spaceblack-con-case-protector-y-mica-102181586/p
PlazaVea,Tablets,APPLE,iPad Pro 11 Pulgadas M5 256GB WiFi Silver con Smart Keyboard Compatible,6499.0,6499.0,MIXELL,True,https://www.plazavea.com.pe/ipad-pro-11-pulgadas-m5-256gb-wifi-silver-con-smart-keyboard-compatible-102181558/p
PlazaVea,Tablets,APPLE,iPad Pro 11 Pulgadas M5 256GB WiFi Silver con Smart Keyboard Compatible y Pencil Universal y Mica,6499.0,6499.0,MIXELL,True,https://www.plazavea.com.pe/ipad-pro-11-pulgadas-m5-256gb-wifi-silver-con-smart-keyboard-compatible-y-pencil-universal-y-mica-102181526/p
PlazaVea,Tablets,APPLE,iPad Pro 11 Pulgadas M5 256GB WiFi Silver con Pencil Pro,6499.0,6499.0,MIXELL,True,https://www.plazavea.com.pe/ipad-pro-11-pulgadas-m5-256gb-wifi-silver-con-pencil-pro-102181500/p
PlazaVea,Tablets,APPLE,iPad Pro 11 Pulgadas M5 256GB WiFi Silver Case Protector y mica,6699.0,6699.0,MIXELL,True,https://www.plazavea.com.pe/ipad-pro-11-pulgadas-m5-256gb-wifi-silver-case-protector-y-mica-102181498/p
PlazaVea,Tablets,APPLE,iPad Pro 11 Pulgadas M5 256GB WiFi Silver con Case Transparente,6499.0,6499.0,MIXELL,True,https://www.plazavea.com.pe/ipad-pro-11-pulgadas-m5-256gb-wifi-silver-con-case-transparente-102181489/p
PlazaVea,Tablets,APPLE,iPad Pro 11 Pulgadas M5 256GB WiFi SpaceBlack con Case transparente y Mica,6499.0,6499.0,MIXELL,True,https://www.plazavea.com.pe/ipad-pro-11-pulgadas-m5-256gb-wifi-spaceblack-con-case-transparente-y-mica-102181486/p
PlazaVea,Tablets,APPLE,iPad Air 11 Pulgadas Chip M4 128 GB Wi-Fi iPad OS Blue con Pencil Universal,3499.0,3499.0,MIXELL,True,https://www.plazavea.com.pe/ipad-air-11-pulgadas-chip-m4-128-gb-wi-fi-ipad-os-blue-con-pencil-universal-102181466/p
PlazaVea,Tablets,APPLE,iPad Air 11 Pulgadas Chip M4 128 GB Wi-Fi iPad OS Blue con Smart Keyboard Compatible,3499.0,3499.0,MIXELL,True,https://www.plazavea.com.pe/ipad-air-11-pulgadas-chip-m4-128-gb-wi-fi-ipad-os-blue-con-smart-keyboard-compatible-102181461/p
PlazaVea,Tablets,APPLE,iPad Air 11 Pulgadas Chip M4 128 GB Wi-Fi iPad OS SpaceGray con Smart Keyboard Compatible,3499.0,3499.0,MIXELL,True,https://www.plazavea.com.pe/ipad-air-11-pulgadas-chip-m4-128-gb-wi-fi-ipad-os-spacegray-con-smart-keyboard-compatible-102181455/p
PlazaVea,Tablets,APPLE,iPad Air 11 Pulgadas M4 128 GB WiFi Blue Smart Keyboard Compatible y Pencil Alternativo y mica,3499.0,3499.0,MIXELL,True,https://www.plazavea.com.pe/ipad-air-11-pulgadas-m4-128-gb-wifi-blue-smart-keyboard-compatible-y-pencil-alternativo-y-mica-102181453/p
PlazaVea,Tablets,APPLE,iPad Air 11 Pulgadas Chip M4 128 GB Wi-Fi iPad OS Blue con Smart Keyboard Compatible y mica,3499.0,3499.0,MIXELL,True,https://www.plazavea.com.pe/ipad-air-11-pulgadas-chip-m4-128-gb-wi-fi-ipad-os-blue-con-smart-keyboard-compatible-y-mica-102181451/p
PlazaVea,Tablets,APPLE,iPad Air 11 Pulgadas Chip M4 128 GB Wi-Fi iPad OS SpaceGray con Smart Keyboard Compatible y mica,3499.0,3499.0,MIXELL,True,https://www.plazavea.com.pe/ipad-air-11-pulgadas-chip-m4-128-gb-wi-fi-ipad-os-spacegray-con-smart-keyboard-compatible-y-mica-102181446/p
PlazaVea,Tablets,APPLE,iPad Air 11 Pulgadas M4 128 GB Wi-Fi SpaceGray con Smart Keyboard Compatible y Pencil Alternativo,3499.0,3499.0,MIXELL,True,https://www.plazavea.com.pe/ipad-air-11-pulgadas-m4-128-gb-wi-fi-spacegray-con-smart-keyboard-compatible-y-pencil-alternativo-102181442/p
PlazaVea,Tablets,APPLE,iPad Air 11 Pulgadas Chip M4 128 GB Wi-Fi iPad OS SpaceGray con Pencil Universal,3499.0,3499.0,MIXELL,True,https://www.plazavea.com.pe/ipad-air-11-pulgadas-chip-m4-128-gb-wi-fi-ipad-os-spacegray-con-pencil-universal-102181441/p
PlazaVea,Tablets,APPLE,iPad Air 11 Pulgadas M4 128 GB WiFi SpaceGray Smart Keyboard Compatible y Pencil Alternativo y mica,3499.0,3499.0,MIXELL,True,https://www.plazavea.com.pe/ipad-air-11-pulgadas-m4-128-gb-wifi-spacegray-smart-keyboard-compatible-y-pencil-alternativo-y-mica-102181440/p
PlazaVea,Tablets,APPLE,iPad Air 11 Pulgadas M4 128 GB Wi-Fi iPad OS Blue con Smart Keyboard Compatible y Pencil Alternativo,3499.0,3499.0,MIXELL,True,https://www.plazavea.com.pe/ipad-air-11-pulgadas-m4-128-gb-wi-fi-ipad-os-blue-con-smart-keyboard-compatible-y-pencil-alternativo-102181437/p
PlazaVea,Tablets,APPLE,"iPad Air 11"" Chip M4 128GB WiFi Purple + Apple Pencil Pro",4299.0,3549.0,GTECH X,True,https://www.plazavea.com.pe/ipad-air-11-chip-m4-128gb-wifi-purple-apple-pencil-pro-102181408/p
PlazaVea,Tablets,APPLE,"iPad Air 11"" Chip M4 128GB WiFi Purple + Apple Pencil USB-C",3899.0,3449.0,GTECH X,True,https://www.plazavea.com.pe/ipad-air-11-chip-m4-128gb-wifi-purple-apple-pencil-usb-c-102181389/p
PlazaVea,Tablets,APPLE,"iPad Air 11"" Chip M4 128GB WiFi Blue + Apple Pencil Pro",4299.0,3549.0,GTECH X,True,https://www.plazavea.com.pe/ipad-air-11-chip-m4-128gb-wifi-blue-apple-pencil-pro-102181352/p
PlazaVea,Tablets,APPLE,"iPad Air 11"" Chip M4 128GB WiFi Space Gray + Apple Pencil USB-C",3899.0,3449.0,GTECH X,True,https://www.plazavea.com.pe/ipad-air-11-chip-m4-128gb-wifi-space-gray-apple-pencil-usb-c-102181347/p
PlazaVea,Tablets,APPLE,"iPad Air 11"" Chip M4 128GB WiFi Starlight + Apple Pencil Pro",4299.0,3549.0,GTECH X,True,https://www.plazavea.com.pe/ipad-air-11-chip-m4-128gb-wifi-starlight-apple-pencil-pro-102181342/p
PlazaVea,Tablets,APPLE,"iPad Air 11"" Chip M4 128GB WiFi Space Gray + Apple Pencil Pro",4299.0,3549.0,GTECH X,True,https://www.plazavea.com.pe/ipad-air-11-chip-m4-128gb-wifi-space-gray-apple-pencil-pro-102181336/p
PlazaVea,Tablets,APPLE,Tablets Apple iPad Pro 13'' M5 256GB WiFi & Cell Space Black,6099.0,5499.0,GTECH X,True,https://www.plazavea.com.pe/tablets-apple-ipad-pro-13-m5-256gb-wifi-cell-space-black-102181287/p
PlazaVea,Tablets,APPLE,"iPad Air 11"" Chip M4 128GB WiFi Blue + Apple Pencil USB-C",3899.0,3449.0,GTECH X,True,https://www.plazavea.com.pe/ipad-air-11-chip-m4-128gb-wifi-blue-apple-pencil-usb-c-102181284/p
PlazaVea,Tablets,APPLE,"iPad Air 11"" Chip M4 128GB WiFi Starlight + Apple Pencil USB-C",3899.0,3449.0,GTECH X,True,https://www.plazavea.com.pe/ipad-air-11-chip-m4-128gb-wifi-starlight-apple-pencil-usb-c-102181248/p
PlazaVea,Tablets,APPLE,iPAD A16 - 11 PULGADAS - 128GB - SILVER,3599.0,1649.0,NEOSHOP IMPORTACIONES,True,https://www.plazavea.com.pe/ipad-a16-11-pulgadas-128gb-silver-102180742/p
PlazaVea,Tablets,APPLE,iPad Air 11 Pulgadas Chip M4 128 GB Wi-Fi iPad OS Blue,3499.0,3499.0,MIXELL,True,https://www.plazavea.com.pe/ipad-air-11-pulgadas-chip-m4-128-gb-wi-fi-ipad-os-blue-102180484/p
PlazaVea,Tablets,APPLE,iPad Air 11 Pulgadas Chip M4 128 GB Wi-Fi iPad OS Spacegray con case protector y mica,3499.0,3499.0,MIXELL,True,https://www.plazavea.com.pe/ipad-air-11-pulgadas-chip-m4-128-gb-wi-fi-ipad-os-spacegray-con-case-protector-y-mica-102180001/p
PlazaVea,Tablets,APPLE,iPad Air 11 Pulgadas Chip M4 128 GB Wi-Fi iPad OS Blue y Case Protector,3499.0,3499.0,MIXELL,True,https://www.plazavea.com.pe/ipad-air-11-pulgadas-chip-m4-128-gb-wi-fi-ipad-os-blue-y-case-protector-102179990/p
PlazaVea,Tablets,APPLE,iPad Air 11 Pulgadas Chip M4 128 GB Wi-Fi iPad OS SpaceGray con mica,3499.0,3499.0,MIXELL,True,https://www.plazavea.com.pe/ipad-air-11-pulgadas-chip-m4-128-gb-wi-fi-ipad-os-spacegray-con-mica-102179979/p
PlazaVea,Tablets,APPLE,iPad Air 11 Pulgadas Chip M4 128 GB Wi-Fi iPad OS Blue con mica,3499.0,3499.0,MIXELL,True,https://www.plazavea.com.pe/ipad-air-11-pulgadas-chip-m4-128-gb-wi-fi-ipad-os-blue-con-mica-102179657/p
PlazaVea,Tablets,APPLE,iPad Air 11 Pulgadas Chip M4 128 GB Wi-Fi iPad OS Blue con Pencil Pro,3999.0,3999.0,MIXELL,True,https://www.plazavea.com.pe/ipad-air-11-pulgadas-chip-m4-128-gb-wi-fi-ipad-os-blue-con-pencil-pro-102179634/p
PlazaVea,Tablets,APPLE,iPad Air 11 Pulgadas Chip M4 128 GB Wi-Fi iPad OS Spacegray - Funda Protectora,3499.0,3499.0,MIXELL,True,https://www.plazavea.com.pe/ipad-air-11-pulgadas-chip-m4-128-gb-wi-fi-ipad-os-spacegray-funda-protectora-102178646/p
PlazaVea,Tablets,APPLE,iPad Air 11-inch M3 MCFY4LL/A Wifi+Cellular 11 128GB 8GB Purple,3405.0,3153.0,Celulares Peru Smart,True,https://www.plazavea.com.pe/ipad-air-11-inch-m3-mcfy4ll-a-wifi-cellular-11-128gb-8gb-purple-102178642/p
PlazaVea,Tablets,APPLE,iPad Air 11 Chip M4 128GB Wi-Fi iPadOS Space Gray - Mica de Vidrio Templado,3499.0,3499.0,MIXELL,True,https://www.plazavea.com.pe/ipad-air-11-chip-m4-128gb-wi-fi-ipados-space-gray-mica-de-vidrio-templado-102178625/p
PlazaVea,Tablets,APPLE,iPad Pro 11 Pulgadas M5 256GB WiFi Silver,6999.0,6999.0,MIXELL,True,https://www.plazavea.com.pe/ipad-pro-11-pulgadas-m5-256gb-wifi-silver-102178621/p
PlazaVea,Tablets,APPLE,Apple iPad Air 11 M4 Wi-Fi 128GB Space Gray - Apple Pencil Pro,4099.0,4099.0,MIXELL,True,https://www.plazavea.com.pe/apple-ipad-air-11-m4-wi-fi-128gb-space-gray-apple-pencil-pro-102178609/p
PlazaVea,Tablets,APPLE,Pad Air 11 Pulgadas Chip M4 128 GB Wi-Fi iPad OS Spacegray,3499.0,3499.0,MIXELL,True,https://www.plazavea.com.pe/pad-air-11-pulgadas-chip-m4-128-gb-wi-fi-ipad-os-spacegray-102178534/p
PlazaVea,Tablets,XIAOMI,"Tablet Redmi Pad 2 9.7"" Grap Gray 4GB RAM 128GB ROM",799.0,499.0,oechsle,True,https://www.plazavea.com.pe/redmi-pad-2-9-7--grap-gray-4gb-ram-128gb-rom-102172703/p
PlazaVea,Tablets,APPLE,iPad Apple A16 11pulgadas 128GB Wi-Fi Azul,1618.0,1529.0,CARSA,True,https://www.plazavea.com.pe/ipad-apple-a16-11pulgadas-128gb-wi-fi-azul-102157294/p
PlazaVea,Tablets,APPLE,iPad Apple A16 11 pulgadas 128GB Wi-Fi Plateado,1699.0,1529.0,CARSA,True,https://www.plazavea.com.pe/ipad-apple-a16-11-pulgadas-128gb-wi-fi-plateado-102157290/p
PlazaVea,Tablets,XIAOMI,Tablet Xiaomi Redmi Pad 2 128GB 4GB RAM 8MP gris,899.0,499.0,CARSA,True,https://www.plazavea.com.pe/tablet-xiaomi-redmi-pad-2-128gb-4gb-ram-8mp-gris-102156294/p
PlazaVea,Tablets,APPLE,"iPad Mini A17 Pro 8.3"" 128GB 8GB Blue",2752.0,2548.0,Celulares Peru Smart,True,https://www.plazavea.com.pe/ipad-mini-a17-pro-8-3-128gb-8gb-blue-102152674/p
PlazaVea,Tablets,APPLE,Ipad Air 8va generación 11 Wi-Fi 128GB Chip M4 2026 Gris . Pencil USB- C,3999.0,3499.0,TECHNOGEEK,True,https://www.plazavea.com.pe/ipad-air-8va-generacion-11-wi-fi-128gb-chip-m4-2026-gris-pencil-usb-c-102144677/p
PlazaVea,Tablets,APPLE,Ipad Air 8va generación 11 Wi-Fi 128GB Chip M4 2026 Starlight . Pencil USB C,3999.0,3499.0,TECHNOGEEK,True,https://www.plazavea.com.pe/ipad-air-8va-generacion-11-wi-fi-128gb-chip-m4-2026-starlight-pencil-usb-c-102144627/p
PlazaVea,Tablets,APPLE,Ipad Air 8va generación 11 Wi-Fi 128GB Chip M4 2026 Morado . Pencil USB - C,3999.0,3499.0,TECHNOGEEK,True,https://www.plazavea.com.pe/ipad-air-8va-generacion-11-wi-fi-128gb-chip-m4-2026-morado-pencil-usb-c-102144584/p
PlazaVea,Tablets,APPLE,Ipad Air 8va generación 11 Wi-Fi 128GB Chip M4 2026 Gris . Pencil pro,4149.0,3649.0,TECHNOGEEK,True,https://www.plazavea.com.pe/ipad-air-8va-generacion-11-wi-fi-128gb-chip-m4-2026-gris-pencil-pro-102142892/p
PlazaVea,Tablets,APPLE,Ipad Air 8va generación 11 Wi-Fi 128GB Chip M4 2026 Starlight Pencil pro,4149.0,3649.0,TECHNOGEEK,True,https://www.plazavea.com.pe/ipad-air-8va-generacion-11-wi-fi-128gb-chip-m4-2026-starlight-pencil-pro-102142182/p
PlazaVea,Tablets,APPLE,Ipad Air 8va generación 11 Wi-Fi 128GB Chip M4 2026 Gris Espacial . Pencil premiun,3649.0,3149.0,TECHNOGEEK,True,https://www.plazavea.com.pe/ipad-air-8va-generacion-11-wi-fi-128gb-chip-m4-2026-gris-espacial-pencil-premiun-102141887/p
PlazaVea,Tablets,APPLE,ipad Air 8va generación 11 Wi-Fi 128GB Chip M4 2026 - Starlight . Pencil premium,3649.0,3149.0,TECHNOGEEK,True,https://www.plazavea.com.pe/ipad-air-8va-generacion-11-wi-fi-128gb-chip-m4-2026-starlight-pencil-premium-102141734/p
PlazaVea,Tablets,APPLE,ipad Air 8va generación 11 Wi-Fi 128GB Chip M4 2026 - Azul . Pencil premium,3649.0,3149.0,TECHNOGEEK,True,https://www.plazavea.com.pe/ipad-air-8va-generacion-11-wi-fi-128gb-chip-m4-2026-azul-pencil-premium-102141686/p
PlazaVea,Tablets,APPLE,Ipad Air 8va generación 11 Wi-Fi 128GB Chip M4 2026 Morado . Pencil Pro,4149.0,3649.0,TECHNOGEEK,True,https://www.plazavea.com.pe/ipad-air-8va-generacion-11-wi-fi-128gb-chip-m4-2026-morado-pencil-pro-102141607/p
PlazaVea,Tablets,APPLE,Ipad Air 8va generación 11 Wi-Fi 128GB Chip M4 2026 Morado . Pencil premium,3649.0,3149.0,TECHNOGEEK,True,https://www.plazavea.com.pe/ipad-air-8va-generacion-11-wi-fi-128gb-chip-m4-2026-morado-pencil-premium-102141554/p
PlazaVea,Tablets,APPLE,Ipad Air Octava Generación 13 Wi-Fi 128GB Chip M4 2026 - Gris Espacial,4499.0,3999.0,TECHNOGEEK,True,https://www.plazavea.com.pe/ipad-air-octava-generacion-13-wi-fi-128gb-chip-m4-2026-gris-espacial-102137218/p
PlazaVea,Tablets,APPLE,ipad Air 8va generación 11 Wi-Fi 256GB Chip M4 2026 - Starlight,4049.0,3549.0,TECHNOGEEK,True,https://www.plazavea.com.pe/ipad-air-8va-generacion-11-wi-fi-256gb-chip-m4-2026-starlight-102136953/p
PlazaVea,Tablets,APPLE,ipad Air 8va generación 11 Wi-Fi 128GB Chip M4 2026 - Starlight,3499.0,2999.0,TECHNOGEEK,True,https://www.plazavea.com.pe/ipad-air-8va-generacion-11-wi-fi-128gb-chip-m4-2026-starlight-102135675/p
PlazaVea,Tablets,APPLE,Ipad Air 8va generación 11 Wi-Fi 128GB Chip M4 2026 Azul,3499.0,2999.0,TECHNOGEEK,True,https://www.plazavea.com.pe/ipad-air-8va-generacion-11-wi-fi-128gb-chip-m4-2026-azul-102135531/p
PlazaVea,Tablets,APPLE,Ipad Air 8va generación 11 Wi-Fi 128GB Chip M4 2026 Gris Espacial,3499.0,2999.0,TECHNOGEEK,True,https://www.plazavea.com.pe/ipad-air-8va-generacion-11-wi-fi-128gb-chip-m4-2026-gris-espacial-102135522/p
PlazaVea,Tablets,SAMSUNG,"Samsung Galaxy Tab S9+ 12.4"" 512GB Tablet Multi-Touch - Snapdragon 8 Gen 2, 12GB RAM, IP68",5239.0,3609.0,ProSmart,True,https://www.plazavea.com.pe/samsung-galaxy-tab-s9-12-4-512gb-tablet-multi-touch-snapdragon-8-gen-2-12gb-ram-ip68-102127405/p
PlazaVea,Tablets,APPLE,"iPad Air 11"" Chip M4 128GB WiFi Space Black",3699.0,2999.0,GTECH X,True,https://www.plazavea.com.pe/ipad-air-11-chip-m4-128gb-wifi-space-black-102126815/p
PlazaVea,Tablets,APPLE,"iPad Air 11"" Chip M4 128GB WiFi Starlight",3699.0,2999.0,GTECH X,True,https://www.plazavea.com.pe/ipad-air-11-chip-m4-128gb-wifi-starlight-102126096/p
PlazaVea,Tablets,APPLE,"iPad Air 11"" Chip M4 128GB WiFi Purple",3699.0,2999.0,GTECH X,True,https://www.plazavea.com.pe/ipad-air-11-chip-m4-128gb-wifi-purple-102124819/p
PlazaVea,Tablets,APPLE,"iPad Air 11"" Chip M4 128GB WiFi Blue",3699.0,2999.0,GTECH X,True,https://www.plazavea.com.pe/ipad-air-11-chip-m4-128gb-wifi-blue-102124813/p
PlazaVea,Tablets,APPLE,iPad Apple 11 Chip A16 Wi-Fi 128 GB - YELLOW,2899.0,1599.0,GRUPO LINEA HOGAR,True,https://www.plazavea.com.pe/ipad-apple-11-chip-a16-wi-fi-128-gb-yellow-102102254/p
PlazaVea,Tablets,APPLE,Apple iPad A16 128GB Wi-Fi Pantalla 11 Chip A16,2899.0,1599.0,GRUPO LINEA HOGAR,True,https://www.plazavea.com.pe/apple-ipad-a16-128gb-wi-fi-pantalla-11-chip-a16-102100720/p
PlazaVea,Tablets,SAMSUNG,Tablet Samsung Galaxy Tab A11 de 8.7 SM-X133 4GB / 64GB Wi-Fi Gray - SM-X133NZAAPEO Gris,839.0,819.0,ROIS COMPUTER,True,https://www.plazavea.com.pe/tablet-samsung-galaxy-tab-a11-de-8-7-sm-x133-4gb-64gb-wi-fi-gray-sm-x133nzaapeo-102099853/p
PlazaVea,Tablets,XIAOMI,Combo Tablet Xiaomi Pad 7 Gris 8GB 256GB más Parlante Bluetooth Xiaomi Sound Party 50W IP67 Negro,1999.0,1699.0,Mi Tienda,True,https://www.plazavea.com.pe/combo-tablet-xiaomi-pad-7-gris-8gb-256gb-mas-parlante-bluetooth-xiaomi-sound-party-50w-ip67-negro-102094880/p
PlazaVea,Tablets,APPLE,iPad Air M4 11' WiFi 128GB Blue - Regalo Incluido,4499.0,2789.0,COOLTRADE,True,https://www.plazavea.com.pe/ipad-air-m4-11-wifi-128gb-blue-regalo-incluido-102088447/p
PlazaVea,Tablets,APPLE,iPad Air M4 11' WiFi 128GB Purple - Regalo Incluido,4499.0,2789.0,COOLTRADE,True,https://www.plazavea.com.pe/ipad-air-m4-11-wifi-128gb-purple-regalo-incluido-102088428/p
PlazaVea,Tablets,APPLE,iPad Air M4 11' WiFi 128GB Starlight - Regalo Incluido,4499.0,2789.0,COOLTRADE,True,https://www.plazavea.com.pe/ipad-air-m4-11-wifi-128gb-starlight-regalo-incluido-102088420/p
PlazaVea,Tablets,APPLE,iPad Air M4 11' WiFi 128GB Space Gray - Regalo Incluido,4499.0,2789.0,COOLTRADE,True,https://www.plazavea.com.pe/ipad-air-m4-11-wifi-128gb-space-gray-regalo-incluido-102088320/p
PlazaVea,Tablets,XIAOMI,"Tablet Xiaomi Pad 8 11.2"" 256GB 8GB Gray",2278.0,2109.0,Celulares Peru Smart,True,https://www.plazavea.com.pe/tablet-xiaomi-pad-8-11-2-256gb-8gb-gray-102087089/p
PlazaVea,Tablets,SAMSUNG,"Tablet Samsung A11+ SM-X230NZAAPEO 11"" 128GB 6GB Gray",1080.0,900.0,Celulares Peru Smart,True,https://www.plazavea.com.pe/tablet-samsung-a11-sm-x230nzaapeo-11-128gb-6gb-gray-102087037/p
PlazaVea,Tablets,SAMSUNG,TABLET SAMSUNG GALAXY TAB S11 512GB-WIFI S PEN - GRIS,7239.0,5429.0,COMPRAFACIL USA,True,https://www.plazavea.com.pe/tablet-samsung-galaxy-tab-s11-512gb-wifi-s-pen---gris-102086311/p
PlazaVea,Tablets,SAMSUNG,TABLET SAMSUNG GALAXY TAB S11 512GB WIFI  S PEN - PLATA,7239.0,5429.0,COMPRAFACIL USA,True,https://www.plazavea.com.pe/tablet-samsung-galaxy-tab-s11-512gb-wifi--s-pen---plata-102086109/p
PlazaVea,Tablets,SAMSUNG,TABLET SAMSUNG GALAXY TAB S9 11 256GB WIFI  S PEN - BEIGE,4949.0,4299.0,COMPRAFACIL USA,True,https://www.plazavea.com.pe/tablet-samsung-galaxy-tab-s9-11-256gb-wifi--s-pen---beige-102086088/p
PlazaVea,Tablets,SAMSUNG,TABLET SAMSUNG GALAXY TAB S11 128GB-WIFI  S PEN - GRIS,5059.0,4399.0,COMPRAFACIL USA,True,https://www.plazavea.com.pe/tablet-samsung-galaxy-tab-s11-128gb-wifi--s-pen---gris-102086035/p
PlazaVea,Tablets,SAMSUNG,TABLET SAMSUNG GALAXY TAB S11 128GB WIFI S PEN - PLATA,6509.0,4879.0,COMPRAFACIL USA,True,https://www.plazavea.com.pe/tablet-samsung-galaxy-tab-s11-128gb-wifi-s-pen-plata-102085775/p
PlazaVea,Tablets,SAMSUNG,Tablet Samsung Galaxy A11 Plus 6gb Ram 128gb Grafito,1299.0,889.0,CIROX ELECTRONICS S.A.C,True,https://www.plazavea.com.pe/tablet-samsung-galaxy-a11-plus-6gb-ram-128gb-grafito-102078431/p
PlazaVea,Tablets,HONOR,Tablet Honor PAD X7 128GB,499.0,469.0,oechsle,True,https://www.plazavea.com.pe/tablet-honor-pad-x7-128gb-102074259/p
PlazaVea,Tablets,HONOR,Tablet Honor Pad X8B 4Gb + 128Gb Grey,799.0,729.0,oechsle,True,https://www.plazavea.com.pe/tablet-honor-pad-x8b-4gb---128gb-grey-102074258/p
PlazaVea,Tablets,HONOR,Tabler Honor Pad X7 128gb Wi-fi,599.0,449.0,STARK COMPUTER,True,https://www.plazavea.com.pe/tabler-honor-pad-x7-128gb-wi-fi-102068796/p
PlazaVea,Tablets,SAMSUNG,Tablet Samsung Galaxy Tab S11 SM-X730 11 12GB 128GB S-Pen y Keyboard Cover Gris,3999.0,3699.0,VEGA SAC,True,https://www.plazavea.com.pe/tablet-samsung-galaxy-tab-s11-sm-x730-11-12gb-128gb-s-pen-y-keyboard-cover-gris-102065244/p
PlazaVea,Tablets,HONOR,Tablet HONOR PAD X7 8.7 WiFi 4GB 128GB Android 15 Case Gris,699.0,479.0,VEGA SAC,True,https://www.plazavea.com.pe/tablet-honor-pad-x7-8-7-wifi-4gb-128gb-android-15-case-gris-102059270/p
PlazaVea,Tablets,HONOR,Tablet HONOR PAD X9A 11.5 2.5K WiFi 8GB 128GB Android 15 Flip cover Gris,1099.0,899.0,VEGA SAC,True,https://www.plazavea.com.pe/tablet-honor-pad-x9a-11-5-2-5k-wifi-8gb-128gb-android-15-flip-cover-gris-102059203/p
PlazaVea,Tablets,APPLE,"iPad Air 11-inch M4 MH304LL/A 11"" 128GB 8GB SpaceGray",3358.0,3109.0,Celulares Peru Smart,True,https://www.plazavea.com.pe/ipad-air-11-inch-m4-mh304ll-a-11-128gb-8gb-spacegray-102053875/p
PlazaVea,Tablets,APPLE,"iPad Air 11-inch M4 MH314LL/A 11"" 128GB 8GB Blue",3405.0,3153.0,Celulares Peru Smart,True,https://www.plazavea.com.pe/ipad-air-11-inch-m4-mh314ll-a-11-128gb-8gb-blue-102053874/p
PlazaVea,Tablets,SAMSUNG,Tableta Samsung Galaxy Tab A11 Plus SM-X236B 11 WUXGA 5G LTE 6GB 128GB Android 15 Gris,1899.0,1399.0,VEGA SAC,True,https://www.plazavea.com.pe/tableta-samsung-galaxy-tab-a11-plus-sm-x236b-11-wuxga-5g-lte-6gb-128gb-android-15-gris-102052033/p
PlazaVea,Tablets,SAMSUNG,Tablet Samsung Galaxy Tab S10 LITE SM-X406B 10.9 WUXGA 5G LTE 6GB 128GB S Pen Gris,2299.0,1899.0,VEGA SAC,True,https://www.plazavea.com.pe/tablet-samsung-galaxy-tab-s10-lite-sm-x406b-10-9-wuxga-5g-lte-6gb-128gb-s-pen-gris-102051372/p
PlazaVea,Tablets,SAMSUNG,Tablet Samsung Galaxy TAB A11 4GB 64GB SSD 8.7 - SM-X133 - GRAY,999.0,449.0,VICMARK,True,https://www.plazavea.com.pe/tablet-samsung-galaxy-tab-a11-4gb-64gb-ssd-8-7-sm-x133-gray-102050933/p
PlazaVea,Tablets,SAMSUNG,Tablet Samsung GALAXY TAB A11 Plus 6GB 128GB 11 Pulgadas - Graphite SM-X230,1499.0,999.0,VICMARK,True,https://www.plazavea.com.pe/tablet-samsung-galaxy-tab-a11-plus-6gb-128gb-11-pulgadas-graphite-sm-x230-102050884/p
PlazaVea,Tablets,SAMSUNG,Tablet Samsung Galaxy TAB A11 4GB 64GB SSD 8.7 - SM-X133 - GRAY,1799.0,549.0,Ivance electronic online,True,https://www.plazavea.com.pe/tablet-samsung-galaxy-tab-a11-4gb-64gb-ssd-8-7-sm-x133-gray-102050869/p
PlazaVea,Tablets,SAMSUNG,Tablet Samsung GALAXY TAB A11 Plus 6GB 128GB 11 Pulgadas - Graphite,1499.0,999.0,Ivance electronic online,True,https://www.plazavea.com.pe/tablet-samsung-galaxy-tab-a11-plus-6gb-128gb-11-pulgadas-graphite-102050866/p
PlazaVea,Tablets,SAMSUNG,Tablet Samsung Galaxy Tab A11 4GB 64GB Gray,939.0,499.0,CARSA,True,https://www.plazavea.com.pe/tablet-samsung-galaxy-tab-a11-4gb-64gb-gray-102050382/p
PlazaVea,Tablets,REDMI,Tablet Xiaomi Redmi Pad 2 128GB 4GB 11 Gris Grafito,999.0,699.0,MERCADOLIBRE,True,https://www.plazavea.com.pe/tablet-xiaomi-redmi-pad-2-128gb-4gb-11-gris-grafito-102020175/p
PlazaVea,Tablets,REDMI,Tablet XIAOMI Redmi Pad 2 Pro 12.1 8GB 256GB UFS Gray,1999.0,1399.0,MERCADOLIBRE,True,https://www.plazavea.com.pe/tablet-xiaomi-redmi-pad-2-pro-12-1-8gb-256gb-ufs-gray-101996715/p
PlazaVea,Tablets,XIAOMI,Tablet Xiaomi Redmi Pad 2 Pro 6GB 128GB Gris - Pantalla 2.5K 120Hz con Snapdragon 7s Gen4,1299.0,1159.0,Mi Tienda,True,https://www.plazavea.com.pe/tablet-xiaomi-redmi-pad-2-pro-6gb-128gb-gris-pantalla-2-5k-120hz-con-snapdragon-7s-gen4-101985918/p
PlazaVea,Tablets,APPLE,Apple iPad Air M4 11'' WiFi 128GB  Purple 2026 y Pencil Pro,4999.0,3169.0,COOLTRADE,True,https://www.plazavea.com.pe/nuevo-apple-ipad-air-m4-11-wifi-128gb-purple-2026-y-pencil-pro-101974419/p
PlazaVea,Tablets,APPLE,Apple iPad Air M4 11'' WiFi 128GB  Blue 2026 y Pencil Pro,4999.0,3169.0,COOLTRADE,True,https://www.plazavea.com.pe/nuevo-apple-ipad-air-m4-11-wifi-128gb-blue-2026-y-pencil-pro-101974418/p
PlazaVea,Tablets,SAMSUNG,Tablet SAMSUNG Galaxy A11 8.7 4GB 64GB Gris,549.0,499.0,GRUPO LINEA HOGAR,True,https://www.plazavea.com.pe/tablet-samsung-galaxy-a11-8-7-4gb-64gb-gris-101959936/p
PlazaVea,Tablets,HONOR,Tablet Honor Pad X7 4GB 128GB WIFI,499.0,489.0,SanyPeru,True,https://www.plazavea.com.pe/tablet-honor-pad-x7-4gb-128gb-wifi-101959695/p
PlazaVea,Tablets,APPLE,Nuevo iPad Air M4 11'' Wi-Fi 128GB - Starlight,3999.0,2739.0,COOLTRADE,True,https://www.plazavea.com.pe/nuevo-ipad-air-m4-11-wi-fi-128gb-starlight-101959528/p
PlazaVea,Tablets,APPLE,Nuevo iPad Air M4 11'' Wi-Fi 128GB - Blue,3999.0,2739.0,COOLTRADE,True,https://www.plazavea.com.pe/nuevo-ipad-air-m4-11-wi-fi-128gb-blue-101959527/p
PlazaVea,Tablets,APPLE,Nuevo iPad Air M4 11'' Wi-Fi 128GB - Purple,3999.0,2739.0,COOLTRADE,True,https://www.plazavea.com.pe/nuevo-ipad-air-m4-11-wi-fi-128gb-purple-101959477/p
PlazaVea,Tablets,APPLE,Nuevo iPad Air M4 11'' 2026 Wi-Fi 128GB - Space Gray,3999.0,2739.0,COOLTRADE,True,https://www.plazavea.com.pe/nuevo-ipad-air-m4-11-wi-fi-128gb-space-gray-101959017/p
PlazaVea,Tablets,SAMSUNG,TABLET SAMSUNG GALAXY TAB A11 WIFI 4GB RAM 64GB ROM - GRAY,999.0,499.0,IMPORT CASO E.I.R.L.,True,https://www.plazavea.com.pe/tablet-samsung-galaxy-tab-a11-wifi-4gb-ram-64gb-rom---gray-101957586/p
PlazaVea,Tablets,SAMSUNG,TABLET SAMSUNG GALAXY TAB A11 WIFI 4GB RAM 64GB ROM - GRAY,999.0,499.0,D´TEEC-TECNOLOGÍA ELECTRO,True,https://www.plazavea.com.pe/tablet-samsung-galaxy-tab-a11-wifi-4gb-ram-64gb-rom---gray-101957505/p
PlazaVea,Tablets,SAMSUNG,TABLET SAMSUNG GALAXY TAB A11 WIFI 4GB RAM 64GB ROM - GRAY,999.0,499.0,RP INVERSIONES,True,https://www.plazavea.com.pe/tablet-samsung-galaxy-tab-a11-wifi-4gb-ram-64gb-rom---gray-101956979/p
PlazaVea,Tablets,SAMSUNG,TABLET SAMSUNG GALAXY TAB A11 8.7 1340X800 WXGA+ TFT LCD 4GB RAM 64GB ROM NEGRO,988.0,740.0,T-SUPPORT GROUPS,True,https://www.plazavea.com.pe/tablet-samsung-galaxy-tab-a11-8-7-1340x800-wxga--tft-lcd-4gb-ram-64gb-rom-negro-101954295/p
PlazaVea,Tablets,SAMSUNG,TABLET SAMSUNG GALAXY TAB A11+ 11.0 1920X1200 WUXGA TFT LCD 6GB RAM 128GB ROM NEGRO,1861.6,1374.0,T-SUPPORT GROUPS,True,https://www.plazavea.com.pe/tablet-samsung-galaxy-tab-a11--11-0-1920x1200-wuxga-tft-lcd-6gb-ram-128gb-rom-negro-101953576/p
PlazaVea,Tablets,SAMSUNG,TABLET SAMSUNG GALAXY TAB A11+ 11.0 1920X1200 WUXGA TFT LCD 6GB RAM 128GB ROM NEGRO,1861.6,1190.0,T-SUPPORT GROUPS,True,https://www.plazavea.com.pe/tablet-samsung-galaxy-tab-a11--11-0-1920x1200-wuxga-tft-lcd-6gb-ram-128gb-rom-negro-101953576/p
PlazaVea,Tablets,SAMSUNG,Tablet Samsung Galaxy Tab A11 8.7 4GB 64GB Gris,799.0,429.0,Ofertec,True,https://www.plazavea.com.pe/tablet-samsung-galaxy-tab-a11-8-7-4gb-64gb-gris-101943596/p
PlazaVea,Tablets,XIAOMI,TABLET XIAOMI POCO PAD M1 256GB 8GB | AZUL,1499.0,1299.0,COMPRAFACIL USA,True,https://www.plazavea.com.pe/tablet-xiaomi-poco-pad-m1-256gb-8gb-azul-101927789/p
PlazaVea,Tablets,XIAOMI,TABLET XIAOMI REDMI PAD 2 4G 256GB 8GB | GRIS GRAFITO,1479.0,1279.0,COMPRAFACIL USA,True,https://www.plazavea.com.pe/tablet-xiaomi-redmi-pad-2-4g-256gb-8gb-gris-grafito-101927787/p
PlazaVea,Tablets,XIAOMI,TABLET XIAOMI REDMI PAD 2 256GB 8GB | LAVANDA PÚRPURA,1299.0,919.0,COMPRAFACIL USA,True,https://www.plazavea.com.pe/tablet-xiaomi-redmi-pad-2-256gb-8gb-lavanda-purpura-101927755/p
PlazaVea,Tablets,XIAOMI,TABLET XIAOMI REDMI PAD 2 PRO 256GB 8GB | LAVANDA PÚRPURA,2139.0,1599.0,COMPRAFACIL USA,True,https://www.plazavea.com.pe/tablet-xiaomi-redmi-pad-2-pro-256gb-8gb-lavanda-purpura-101927753/p
PlazaVea,Tablets,XIAOMI,TABLET XIAOMI PAD 7 AI 256GB 8GB | AZUL,2069.0,1799.0,COMPRAFACIL USA,True,https://www.plazavea.com.pe/tablet-xiaomi-pad-7-ai-256gb-8gb-azul-101927714/p
PlazaVea,Tablets,XIAOMI,TABLET XIAOMI REDMI PAD 2 PRO 128GB 6GB | GRIS GRAFITO,1639.0,1229.0,COMPRAFACIL USA,True,https://www.plazavea.com.pe/tablet-xiaomi-redmi-pad-2-pro-128gb-6gb-gris-grafito-101927672/p
PlazaVea,Tablets,XIAOMI,TABLET XIAOMI REDMI PAD 2 128GB 4GB | GRIS GRAFITO,969.0,839.0,COMPRAFACIL USA,True,https://www.plazavea.com.pe/tablet-xiaomi-redmi-pad-2-128gb-4gb-gris-grafito-101927644/p
PlazaVea,Tablets,XIAOMI,Tablet Xiaomi Redmi Pad 2 Pro 12.1' 256GB 8GB Silver,1696.0,1570.0,Celulares Peru Smart,True,https://www.plazavea.com.pe/tablet-xiaomi-redmi-pad-2-pro-12-1-256gb-8gb-silver-101922510/p
PlazaVea,Tablets,APPLE,iPad A16 Wi-Fi MD4E4LL-A 11' 128GB 6GB Pink,2016.0,1867.0,Celulares Peru Smart,True,https://www.plazavea.com.pe/ipad-a16-wi-fi-md4e4ll-a-11-128gb-6gb-pink-101922424/p
PlazaVea,Tablets,XIAOMI,Tablet Redmi Pad 2 Pro 6GB+128GB Graphite Gray + Smart Pen,1399.0,1399.0,oechsle,True,https://www.plazavea.com.pe/tablet-redmi-pad-2-pro-6gb-128gb-graphite-gray---smart-pen-101908981/p
PlazaVea,Tablets,HONOR,Tablet Honor PAD 10 256GB,1699.0,1699.0,oechsle,True,https://www.plazavea.com.pe/tablet-honor-pad-10-256gb-101908807/p
PlazaVea,Tablets,XIAOMI,"Tablet Xiaomi Pad 7 AI 11.2"" 256GB WiFi | Azul",2509.0,1879.0,COMPRAFACIL USA,True,https://www.plazavea.com.pe/tablet-xiaomi-pad-7-ai-11-2-256gb-wifi-azul-101893625/p
PlazaVea,Tablets,XIAOMI,"Tablet Xiaomi Pad 7 AI 11.2"" 256GB WiFi | Verde",2309.0,1729.0,COMPRAFACIL USA,True,https://www.plazavea.com.pe/tablet-xiaomi-pad-7-ai-11-2-256gb-wifi-verde-101893624/p
PlazaVea,Tablets,XIAOMI,"Tablet Xiaomi Pad 7 AI 11.2"" 128GB WiFi | Verde",2359.0,1769.0,COMPRAFACIL USA,True,https://www.plazavea.com.pe/tablet-xiaomi-pad-7-ai-11-2-128gb-wifi-verde-101893623/p
PlazaVea,Tablets,SAMSUNG,"Tablet Samsung Galaxy Tab S10 FE 10.9"" 128GB WiFi + S Pen | Plateado",2069.0,1729.0,COMPRAFACIL USA,True,https://www.plazavea.com.pe/tablet-samsung-galaxy-tab-s10-fe-10-9-128gb-wifi-s-pen-plateado-101893620/p
PlazaVea,Tablets,XIAOMI,"Tablet Xiaomi Pad 7 AI 11.2"" 256GB WiFi | Gris",2499.0,1869.0,COMPRAFACIL USA,True,https://www.plazavea.com.pe/tablet-xiaomi-pad-7-ai-11-2-256gb-wifi-gris-101889562/p
PlazaVea,Tablets,XIAOMI,Tablet Xiaomi Redmi Pad 2 11 2.5K WiFi 4GB 128GB HyperOS 2.0 con Android 15 Gris oscuro,899.0,699.0,VEGA SAC,True,https://www.plazavea.com.pe/tablet-xiaomi-redmi-pad-2-11-2-5k-wifi-4gb-128gb-hyperos-2-0-con-android-15-gris-oscuro-101889241/p
PlazaVea,Tablets,XIAOMI,"Tablet Xiaomi Redmi Pad 2 11"" 128GB 4GB Gris Gris",882.0,735.0,Celulares Peru Smart,True,https://www.plazavea.com.pe/tablet-xiaomi-redmi-pad-2-11-128gb-4gb-gris-gris-101859972/p
PlazaVea,Tablets,SAMSUNG,"Tablet Samsung Galaxy Tab A11 11"" 6Gb + 128Gb Gris",1099.0,899.0,oechsle,True,https://www.plazavea.com.pe/tablet-samsung-galaxy-tab-a11-11--6gb---128gb-gris-101853907/p
PlazaVea,Tablets,SAMSUNG,Tablet Samsung Galaxy Tab S10 FE 10.9 Pulg. WUXGA  256GB 12GB RAM GRIS,3499.0,2399.0,VICMARK,True,https://www.plazavea.com.pe/tablet-samsung-galaxy-tab-s10-fe-10-9-pulg-wuxga-256gb-12gb-ram-azul-101847448/p
PlazaVea,Tablets,SAMSUNG,Tablet Samsung Galaxy Tab S10 FE 10.9 Pulg. WUXGA 256GB 12GB RAM SILVER,3499.0,2199.0,VICMARK,True,https://www.plazavea.com.pe/tablet-samsung-galaxy-tab-s10-fe-10-9-pulg-wuxga-256gb-12gb-ram-silver-101847020/p
PlazaVea,Tablets,SAMSUNG,Tablet Samsung Galaxy Tab S10 Lite 10.9 Pulg. 8GB 256GB con S Pen - Gray,2999.0,1599.0,VICMARK,True,https://www.plazavea.com.pe/tablet-samsung-galaxy-tab-s10-lite-10-9-pulg-8gb-256gb-con-s-pen-gray-101843886/p
PlazaVea,Tablets,SAMSUNG,Tablet Samsung Galaxy TAB A11 SM-X133 4GB Ram - 64GB 8.7 Pulgadas,999.0,469.0,IMPORTACIONES HUANKITA EIRL,True,https://www.plazavea.com.pe/tablet-samsung-galaxy-tab-a11-sm-x133-4gb-ram-64gb-8-7-pulgadas-101843569/p
PlazaVea,Tablets,SAMSUNG,"TABLET SAMSUNG GALAXY TAB S10 FE, 10.9"" 2304 X 1440 (WUXGA+) 90HZ, LCD",3740.0,2745.0,T-SUPPORT GROUPS,True,https://www.plazavea.com.pe/tablet-samsung-galaxy-tab-s10-fe-10-9-2304-x-1440-wuxga-90hz-lcd-101838779/p
PlazaVea,Tablets,SAMSUNG,"TABLET SAMSUNG GALAXY TAB S10 FE+ 13.1"" 2880 X 1800 (WQUXGA) 90HZ, LCD, 5G",4408.3,3289.0,T-SUPPORT GROUPS,True,https://www.plazavea.com.pe/tablet-samsung-galaxy-tab-s10-fe-13-1-2880-x-1800-wquxga-90hz-lcd-5g-101838746/p
PlazaVea,Tablets,APPLE,"IPAD 2021 10.2"" 64GB (WI-FI) APPLE PLATEADO REACONDICIONADO",1039.0,899.0,COMPRAFACIL USA,True,https://www.plazavea.com.pe/-reacondicionad0-apple-ipad-2021-10-2-64gb-wi-fi-plateado-101826779/p
PlazaVea,Tablets,APPLE,"IPAD 6ª GEN 9.7"" 32GB (WI-FI + CELLULAR) APPLE ORO REACONDICIONADO",919.0,799.0,COMPRAFACIL USA,True,https://www.plazavea.com.pe/-reacondicionad0-apple-ipad-6ª-gen-9-7-32gb-wi-fi-cellular-oro-101818425/p
PlazaVea,Tablets,SAMSUNG,Tablet Samsung Galaxy Tab S10 FE SM-X520 10.9 2304x1440 WUXGA+ WiFi 8GB 128GB S-Pen Gris,1999.0,1799.0,VEGA SAC,True,https://www.plazavea.com.pe/tablet-samsung-galaxy-tab-s10-fe-sm-x520-10-9-2304x1440-wuxga-wifi-8gb-128gb-s-pen-gris-101814594/p
PlazaVea,Tablets,SAMSUNG,Samsung Galaxy Tab S10 FE 10.9'' 128GB WiFi color Plata,2759.0,2329.0,COMPRAFACIL USA,True,https://www.plazavea.com.pe/samsung-galaxy-tab-s10-fe-10-9--128gb-wifi-|-plata-101809168/p
PlazaVea,Tablets,SAMSUNG,"TABLET SAMSUNG GALAXY TAB S10 LITE 10.9"" 256GB PLATA",2529.0,2199.0,COMPRAFACIL USA,True,https://www.plazavea.com.pe/samsung-galaxy-tab-s10-lite-10-9--256gb-|-plata-101807883/p
PlazaVea,Tablets,APPLE,iPad 10.2 32GB 8TH Gen Chip A12 WIFI Plateado,1699.0,1049.0,CIROX ELECTRONICS S.A.C,True,https://www.plazavea.com.pe/ipad-10-2-32gb-8th-gen-chip-a12-wifi-plateado-101744481/p
PlazaVea,Tablets,APPLE,"IPAD APPLE 10.9"" OLED 10MA GEN 64GB 4G LTE RESOLUCION 2360DPI 12MP WI-FI COLOR PLATA P/N: MQ6J3LZ/A",4259.99,4259.99,EAC CONSULTING,True,https://www.plazavea.com.pe/ipad-apple-10-9-oled-10ma-gen-64gb-4g-lte-resolucion-2360dpi-12mp-wi-fi-color-plata-p-n-mq6j3lz-a-101736120/p
PlazaVea,Tablets,SAMSUNG,"Tablet Samsung Galaxy Tab S10 FE+, 13.1"" (2880x1800)(WQUXGA) LCD, 8GB RAM + 128GB ROM",3269.0,2942.0,SIMI PERÚ,True,https://www.plazavea.com.pe/tablet-samsung-galaxy-tab-s10-fe-13-1-2880x1800-wquxga-lcd-8gb-ram-128gb-rom-101736032/p
PlazaVea,Tablets,APPLE,iPad Pro 13 Apple Chip M4 256GB - Space Black,7900.0,7000.0,Tech Mood Preventa,True,https://www.plazavea.com.pe/ipad-pro-13-apple-chip-m4-256gb-space-black-101734574/p
PlazaVea,Tablets,REDMI,TABLET XIAOMI REDMI PAD PRO-12 8GB 256GB GRAPHITE GRAY,1599.0,1589.0,JB EIRL,True,https://www.plazavea.com.pe/tablet-xiaomi-redmi-pad-pro-12-8gb-256gb-graphite-gray-101729742/p
PlazaVea,Tablets,SAMSUNG,Tablet Samsung Tab S10 Lite 10.9 128GB 6GB Grey Grey,1423.0,1318.0,Celulares Peru Smart,True,https://www.plazavea.com.pe/tablet-samsung-tab-s10-lite-10-9-128gb-6gb-grey-grey-101729571/p
PlazaVea,Tablets,APPLE,"IPAD PRO 11"" (2025) M5 256GB (WI-FI + CELLULAR) APPLE SPACE BLACK",7129.0,6199.0,COMPRAFACIL USA,True,https://www.plazavea.com.pe/ipad-pro-m5-2025-11-wifi-cellular-256gb-space-black-101729452/p
PlazaVea,Tablets,APPLE,"IPAD PRO 13"" (2025) M5 2TB (WI-FI + CELLULAR) - GLASS NANOTEXTURIZADO APPLE SPACE BLACK",14609.0,12699.0,COMPRAFACIL USA,True,https://www.plazavea.com.pe/ipad-pro-m5-2025-13-wifi-cellular-2tb-glass-nanotexturizado-space-black-101729411/p
PlazaVea,Tablets,APPLE,"IPAD PRO 11"" (2025) M5 1TB (WI-FI + CELLULAR) APPLE SILVER",10349.0,8999.0,COMPRAFACIL USA,True,https://www.plazavea.com.pe/ipad-pro-m5-2025-11-wifi-cellular-1tb-silver-101729410/p
PlazaVea,Tablets,APPLE,"IPAD PRO 13"" (2025) M5 1TB (WI-FI + CELLULAR) APPLE SPACE BLACK",12189.0,10599.0,COMPRAFACIL USA,True,https://www.plazavea.com.pe/ipad-pro-m5-2025-13-wifi-cellular-1tb-space-black-101729398/p
PlazaVea,Tablets,APPLE,"IPAD PRO 13"" (2025) M5 1TB (WI-FI) - GLASS NANOTEXTURIZADO APPLE SILVER",10699.0,9299.0,COMPRAFACIL USA,True,https://www.plazavea.com.pe/ipad-pro-m5-2025-13-wifi-1tb-glass-nanotexturizado-silver-101729397/p
PlazaVea,Tablets,XIAOMI,Redmi Pad 2 Mint Green 4GB RAM 128GB ROM,699.0,699.0,oechsle,True,https://www.plazavea.com.pe/redmi-pad-2-mint-green-4gb-ram-128gb-rom-101723877/p
PlazaVea,Tablets,SAMSUNG,"Tablet Samsung Galaxy Tab S11 11"" 128GB Gris + S Pen",3799.0,3099.0,oechsle,True,https://www.plazavea.com.pe/tablet-samsung-galaxy-tab-s11-11--128gb-gris---s-pen-101723678/p
PlazaVea,Tablets,APPLE,iPad 11 Apple 128GB Silver Wi-Fi con Chip A16,2499.0,1699.0,Ofertec,True,https://www.plazavea.com.pe/ipad-11-apple-128gb-silver-wi-fi-con-chip-a16-101713196/p
PlazaVea,Tablets,HONOR,Tablet HONOR Pad X7 8.7''4GB 128GB Space Gray,499.0,469.0,Plaza Vea,True,https://www.plazavea.com.pe/tablet-honor-pad-x7-8-74gb-128gb-space-gray-20565819/p
PlazaVea,Tablets,SAMSUNG,"Tablet Samsung Galaxy Tab S10 FE, 10.9"" (2304x1440)(WUXGA+) LCD, 8GB RAM + 128GB ROM",2984.0,2387.0,SIMI PERÚ,True,https://www.plazavea.com.pe/tablet-samsung-galaxy-tab-s10-fe-10-9-2304x1440-wuxga-lcd-8gb-ram-128gb-rom-101680747/p
PlazaVea,Tablets,XIAOMI,"TABLET XIAOMI REDMI PAD SE DUAL SIM  8.7"" 4-128GB - GRIS",799.0,799.0,SMART PRODUCTS,True,https://www.plazavea.com.pe/tablet-xiaomi-redmi-pad-se-dual-sim-8-7-4-128gb-gris-101635889/p
PlazaVea,Tablets,XIAOMI,Tablet Xiaomi Redmi Pad 2 9000mha 11Pulg.  2.5K  - Gris,899.0,779.0,SMART PRODUCTS,True,https://www.plazavea.com.pe/tablet-xiaomi-redmi-pad-2-9000mha-2-5k-gris-101633432/p
PlazaVea,Tablets,XIAOMI,Tablet Xiaomi Redmi Pad 2 4G 128GB Gris - Pantalla 90Hz 2.5K con 4 Parlantes y 9000mAh.,799.0,719.9,Mi Tienda,True,https://www.plazavea.com.pe/tablet-xiaomi-redmi-pad-2-graphite-gray-4g-ram-128g-rom-101628210/p
PlazaVea,Tablets,APPLE,"iPad A16 Wi-Fi MD3Y4LL/A 11"" 128GB 6GB Silver",1743.0,1614.0,Celulares Peru Smart,True,https://www.plazavea.com.pe/ipad-a16-wi-fi-md3y4ll-a-11-128gb-6gb-silver-101605968/p
PlazaVea,Tablets,SAMSUNG,"Tablet Samsung SM-X620NLBAPEO 128GB 8GB 13""",2899.0,2699.0,oechsle,True,https://www.plazavea.com.pe/tablet-samsung-sm-x620nlbapeo-128gb-8gb-13--101584007/p
PlazaVea,Tablets,SAMSUNG,Tablets SAMSUNG S10 LITE 10.9'' Gray,1499.0,1199.0,Plaza Vea,True,https://www.plazavea.com.pe/tablets-samsung-s10-lite-10-9-gray/p
PlazaVea,Tablets,SAMSUNG,Tablet Samsung Galaxy Tab S10 FE 128GB 8GB RAM Gris mas Regalo,2499.0,1699.0,Techpro Store,True,https://www.plazavea.com.pe/tablet-samsung-galaxy-tab-s10-fe-128gb-8gb-ram-gris-101526207/p
PlazaVea,Tablets,APPLE,"Apple iPad Air 11"" M3 128GB Purple",4599.0,4599.0,INNOVATECH STORE,True,https://www.plazavea.com.pe/apple-ipad-air-11-m3-128gb-purple-101522005/p
PlazaVea,Tablets,APPLE,iPad A16 WiFi 128GB iPadOs,1699.0,1599.0,oechsle,True,https://www.plazavea.com.pe/ipad-a16-wifi-128gb-ipados-101521252/p
PlazaVea,Tablets,APPLE,"iPad 11"" (A16, 128GB, Wifi) Azul",1699.0,1599.0,oechsle,True,https://www.plazavea.com.pe/ipad-a16-wifi-128gb-blu-cla-ipados-101521160/p
PlazaVea,Tablets,SAMSUNG,Tablet Samsung Galaxy Tab S10 FE+ 131 2880x1800 WQUXGA 90Hz LCD 5G,3752.0,3377.0,SIMI PERÚ,True,https://www.plazavea.com.pe/tablet-samsung-galaxy-tab-s10-fe-131-2880x1800-wquxga-90hz-lcd-5g-101502193/p
PlazaVea,Tablets,HONOR,Tablet HONOR PAD X9A 11.5'' 8GB 128GB Gris,999.0,849.0,Plaza Vea,True,https://www.plazavea.com.pe/tablet-honor-pad-x9a-11-5-8gb-128gb-gris/p
PlazaVea,Tablets,SAMSUNG,"TABLET SAMSUNG GALAXY TAB S10 ULTRA 14.6"" DYNAMIC AMOLED 2X 12GB+512GB 13MP+8MP P/N: SM-X920NZAHPEO",6726.7,6726.7,EAC CONSULTING,True,https://www.plazavea.com.pe/tablet-samsung-galaxy-tab-s10-ultra-14-6-dynamic-amoled-2x-12gb-512gb-13mp-8mp-p-n-sm-x920nzahpeo-101475972/p
PlazaVea,Tablets,SAMSUNG,"TABLET SAMSUNG GALAXY SM-X516B TAB S9 FE 10.9"" 5G OCTA-CORE 6GB 128GB GRIS P/N: SM-X516BZAAPEO",1882.55,1882.55,EAC CONSULTING,True,https://www.plazavea.com.pe/tablet-samsung-galaxy-sm-x516b-tab-s9-fe-10-9-5g-octa-core-6gb-128gb-gris-p-n-sm-x516bzaapeo-101469349/p
PlazaVea,Tablets,SAMSUNG,Tablet Samsung Tab S10 FE 10.9 128GB 8GB Gris,2123.0,1966.0,Celulares Peru Smart,True,https://www.plazavea.com.pe/tablet-samsung-tab-s10-fe-10-9-128gb-8gb-gris-101466379/p
PlazaVea,Tablets,SAMSUNG,Tablet Samsung Tab S10 FE 10.9 128GB 8GB Azul,2040.0,1889.0,Celulares Peru Smart,True,https://www.plazavea.com.pe/tablet-samsung-tab-s10-fe-10-9-128gb-8gb-azul-101466377/p
PlazaVea,Tablets,SAMSUNG,"Tablet SAMSUNG Galaxy S10FE+ 13"" 8GB 128GB Gris",2899.0,2699.0,Plaza Vea,True,https://www.plazavea.com.pe/tablet-samsung-galaxy-s10fe-13--8gb-128gb-gris/p
PlazaVea,Tablets,APPLE,"Apple iPad 11"" Chip A16 256gb Wifi 2025 Silver con Mica Hidrogel",3199.0,2399.0,M&M CELULARES,True,https://www.plazavea.com.pe/apple-ipad-11-chip-a16-256gb-wifi-2025-silver-con-mica-hidrogel-101419126/p
PlazaVea,Tablets,XIAOMI,"Tablet XIAOMI Redmi Pad SE 11"" 4GB 128GB Gris",849.0,849.0,L'viral Store,True,https://www.plazavea.com.pe/tablet-xiaomi-redmi-pad-se-11-4gb-128gb-gris-101401786/p
PlazaVea,Tablets,SAMSUNG,Samsung S6 LITE 4gb 128gb Wifi + Lapiz gris,1499.0,1499.0,L'viral Store,True,https://www.plazavea.com.pe/samsung-s6-lite-4gb-128gb-wifi-lapiz-gris-101401781/p
PlazaVea,Tablets,APPLE,A2902,4499.0,2999.0,Marvelous,True,https://www.plazavea.com.pe/ipad-air-de-11-pulgadas-128-gb-space-gray-101364661/p
PlazaVea,Tablets,APPLE,"IPAD 11"" (2025) 11VA GEN CHIP A16 (WI-FI + CELLULAR) APPLE 128GB",2989.0,2599.0,COMPRAFACIL USA,True,https://www.plazavea.com.pe/ipad-11-2025-11va-gen-chip-a16-wifi-celular-128gb-101354614/p
PlazaVea,Tablets,APPLE,"IPAD 11"" (2025) 11VA GEN CHIP A16 (WI-FI) 128GB APPLE",1789.0,1439.0,COMPRAFACIL USA,True,https://www.plazavea.com.pe/ipad-11-2025-11va-gen-chip-a16-wifi-128gb-101352048/p
PlazaVea,Tablets,APPLE,"IPAD 11"" (2025) 11VA GEN CHIP A16 (WI-FI) 128GB APPLE",1899.0,1589.0,COMPRAFACIL USA,True,https://www.plazavea.com.pe/ipad-11-2025-11va-gen-chip-a16-wifi-128gb-101352048/p
PlazaVea,Tablets,APPLE,"IPAD 11"" (2025) 11VA GEN CHIP A16 (WI-FI) 256GB APPLE",2649.0,2299.0,COMPRAFACIL USA,True,https://www.plazavea.com.pe/ipad-11-2025-11va-gen-chip-a16-wifi-256gb-101352045/p
PlazaVea,Tablets,XIAOMI,"Tablet XIAOMI Redmi Pad PRO 12"" 8GB 256GB Graphite Gray",1599.0,1599.0,Plaza Vea,True,https://www.plazavea.com.pe/tablet-xiaomi-redmi-pad-pro-12--8gb-256gb-graphite-gray/p
PlazaVea,Tablets,APPLE,"Apple iPad Air 13"" Chip M2 Wifi 2024 256GB - Starlight + Apple Pencil Pro",8699.0,8699.0,Oh! Shop,True,https://www.plazavea.com.pe/apple-ipad-air-13-chip-m2-wifi-2024-256gb-starlight-apple-pencil-pro-101065127/p
PlazaVea,Tablets,APPLE,"Apple iPad Air 13"" Chip M2 Wifi 2024 256GB - Space Gray + Apple Pencil USB-C",8699.0,8699.0,Oh! Shop,True,https://www.plazavea.com.pe/apple-ipad-air-13-chip-m2-wifi-2024-256gb-space-gray-apple-pencil-usb-c-101065126/p
PlazaVea,Tablets,APPLE,"Apple iPad Air 13"" Chip M2 Wifi 2024 256GB - Blue + Apple Pencil USB-C",8699.0,8699.0,Oh! Shop,True,https://www.plazavea.com.pe/apple-ipad-air-13-chip-m2-wifi-2024-256gb-blue-apple-pencil-usb-c-101065125/p
PlazaVea,Tablets,APPLE,"Apple iPad Air 13"" Chip M2 Wifi 2024 128GB - Starlight + Apple Pencil USB-C",7899.0,7899.0,Oh! Shop,True,https://www.plazavea.com.pe/apple-ipad-air-13-chip-m2-wifi-2024-128gb-starlight-apple-pencil-usb-c-101065124/p
PlazaVea,Tablets,APPLE,"Apple iPad Air 13"" Chip M2 Wifi 2024 128GB - Purple + Apple Pencil USB-C",6899.0,6899.0,Oh! Shop,True,https://www.plazavea.com.pe/apple-ipad-air-13-chip-m2-wifi-2024-128gb-purple-apple-pencil-usb-c-101065123/p
PlazaVea,Tablets,APPLE,"Apple iPad Air 13"" Chip M2 Wifi 2024 128GB - Purple + Apple Pencil Pro",7799.0,7799.0,Oh! Shop,True,https://www.plazavea.com.pe/apple-ipad-air-13-chip-m2-wifi-2024-128gb-purple-apple-pencil-pro-101065122/p
PlazaVea,Tablets,APPLE,"Apple iPad Air 11"" Chip M2 Wifi 2024 128GB - Purple + Apple Pencil USB-C",3899.0,3899.0,Oh! Shop,True,https://www.plazavea.com.pe/apple-ipad-air-11-chip-m2-wifi-2024-128gb-purple-apple-pencil-usb-c-101065118/p
PlazaVea,Tablets,APPLE,"Apple iPad Air 11"" Chip M2 Wifi 2024 128GB - Starlight + Apple Pencil USB-C",3799.0,3799.0,Oh! Shop,True,https://www.plazavea.com.pe/apple-ipad-air-11-chip-m2-wifi-2024-128gb-starlight-apple-pencil-usb-c-101061158/p
PlazaVea,Tablets,APPLE,"Apple iPad Air 13"" Chip M2 Wifi 2024 128GB - Space Gray + Apple Pencil Pro",7799.0,7799.0,Oh! Shop,True,https://www.plazavea.com.pe/apple-ipad-air-13-chip-m2-wifi-2024-128gb-space-gray-apple-pencil-pro-101061157/p
PlazaVea,Tablets,APPLE,"Apple iPad Air 13"" Chip M2 Wifi 2024 256GB - Purple + Apple Pencil USB-C",8699.0,8699.0,Oh! Shop,True,https://www.plazavea.com.pe/apple-ipad-air-13-chip-m2-wifi-2024-256gb-purple-apple-pencil-usb-c-101059409/p
PlazaVea,Tablets,APPLE,"Apple iPad Air 13"" Chip M2 Wifi 2024 128GB - Space Gray + Apple Pencil USB-C",4999.0,4999.0,Oh! Shop,True,https://www.plazavea.com.pe/apple-ipad-air-13-chip-m2-wifi-2024-128gb-space-gray-apple-pencil-usb-c-101059408/p
PlazaVea,Tablets,APPLE,"Apple iPad Air 13"" Chip M2 Wifi 2024 128GB - Blue + Apple Pencil USB-C",6699.0,6699.0,Oh! Shop,True,https://www.plazavea.com.pe/apple-ipad-air-13-chip-m2-wifi-2024-128gb-blue-apple-pencil-usb-c-101059407/p
PlazaVea,Tablets,APPLE,"Apple iPad Air 13"" Chip M2 Wifi 2024 256GB - Purple + Apple Pencil Pro",8699.0,8699.0,Oh! Shop,True,https://www.plazavea.com.pe/apple-ipad-air-13-chip-m2-wifi-2024-256gb-purple-apple-pencil-pro-101059402/p
PlazaVea,Tablets,APPLE,"Apple iPad Air 13"" Chip M2 Wifi 2024 256GB - Space Gray + Apple Pencil Pro",8699.0,8699.0,Oh! Shop,True,https://www.plazavea.com.pe/apple-ipad-air-13-chip-m2-wifi-2024-256gb-space-gray-apple-pencil-pro-101059401/p
PlazaVea,Tablets,APPLE,"Apple iPad Air 13"" Chip M2 Wifi 2024 256GB - Blue + Apple Pencil Pro",8699.0,8699.0,Oh! Shop,True,https://www.plazavea.com.pe/apple-ipad-air-13-chip-m2-wifi-2024-256gb-blue-apple-pencil-pro-101059400/p
PlazaVea,Tablets,APPLE,"Apple iPad Air 13"" Chip M2 Wifi 2024 128GB - Starlight + Apple Pencil Pro",7799.0,7799.0,Oh! Shop,True,https://www.plazavea.com.pe/apple-ipad-air-13-chip-m2-wifi-2024-128gb-starlight-apple-pencil-pro-101059399/p
PlazaVea,Tablets,APPLE,"Apple iPad Air 13"" Chip M2 Wifi 2024 128GB - Blue + Apple Pencil Pro",7099.0,7099.0,Oh! Shop,True,https://www.plazavea.com.pe/apple-ipad-air-13-chip-m2-wifi-2024-128gb-blue-apple-pencil-pro-101059398/p
PlazaVea,Tablets,APPLE,"Apple iPad Air 13"" Chip M2 Wifi 2024 128GB - Blue",4499.0,4499.0,Oh! Shop,True,https://www.plazavea.com.pe/apple-ipad-air-13-chip-m2-wifi-2024-128gb-blue-101044587/p
PlazaVea,Tablets,APPLE,"Apple iPad Air 13"" Chip M2 Wifi 2024 256GB - Purple",8499.0,8499.0,Oh! Shop,True,https://www.plazavea.com.pe/apple-ipad-air-13-chip-m2-wifi-2024-256gb-purple-101044582/p
PlazaVea,Tablets,APPLE,"Apple iPad Air 13"" Chip M2 Wifi 2024 256GB - Space Gray",8499.0,8499.0,Oh! Shop,True,https://www.plazavea.com.pe/apple-ipad-air-13-chip-m2-wifi-2024-256gb-space-gray-101044579/p
PlazaVea,Tablets,APPLE,"Apple iPad Air 13"" Chip M2 Wifi 2024 128GB - Purple",6499.0,6499.0,Oh! Shop,True,https://www.plazavea.com.pe/apple-ipad-air-13-chip-m2-wifi-2024-128gb-purple-101044578/p
PlazaVea,Tablets,APPLE,"Apple iPad Air 13"" Chip M2 Wifi 2024 256GB - Starlight",8499.0,8499.0,Oh! Shop,True,https://www.plazavea.com.pe/apple-ipad-air-13-chip-m2-wifi-2024-256gb-starlight-101044577/p
PlazaVea,Tablets,APPLE,"Apple iPad Air 13"" Chip M2 Wifi 2024 128GB - Space Gray",6499.0,6499.0,Oh! Shop,True,https://www.plazavea.com.pe/apple-ipad-air-13-chip-m2-wifi-2024-128gb-space-gray-101044575/p
PlazaVea,Tablets,APPLE,"Apple iPad Air 13"" Chip M2 Wifi 2024 256GB - Blue",8499.0,8499.0,Oh! Shop,True,https://www.plazavea.com.pe/apple-ipad-air-13-chip-m2-wifi-2024-256gb-blue-101044570/p
PlazaVea,Tablets,APPLE,"Apple iPad Pro 11"" Chip M4 Wifi 2024 512GB - Silver",8299.0,8299.0,Oh! Shop,True,https://www.plazavea.com.pe/apple-ipad-pro-11-chip-m4-wifi-2024-512gb-silver-101044563/p
PlazaVea,Tablets,APPLE,"Apple iPad Pro 13"" Chip M4 Wifi 2024 256GB - Silver + Apple Pencil Pro",9999.0,9999.0,Oh! Shop,True,https://www.plazavea.com.pe/apple-ipad-pro-13-chip-m4-wifi-2024-256gb-silver-apple-pencil-pro-101044561/p
PlazaVea,Tablets,APPLE,"Apple iPad Pro 13"" Chip M4 Wifi 2024 256GB - Silver",8999.0,8999.0,Oh! Shop,True,https://www.plazavea.com.pe/apple-ipad-pro-13-chip-m4-wifi-2024-256gb-silver-101044560/p
PlazaVea,Tablets,APPLE,"Apple iPad Pro 13"" Chip M4 Wifi 2024 512GB - Space Black",10999.0,10999.0,Oh! Shop,True,https://www.plazavea.com.pe/apple-ipad-pro-13-chip-m4-wifi-2024-512gb-space-black-101044555/p
PlazaVea,Tablets,APPLE,"Apple iPad Pro 11"" Chip M4 Wifi 2024 512GB - Space Black",8299.0,8299.0,Oh! Shop,True,https://www.plazavea.com.pe/apple-ipad-pro-11-chip-m4-wifi-2024-512gb-space-black-101044554/p
PlazaVea,Tablets,APPLE,"Apple iPad Pro 13"" Chip M4 Wifi 2024 512GB - Silver + Apple Pencil Pro",11999.0,11999.0,Oh! Shop,True,https://www.plazavea.com.pe/apple-ipad-pro-13-chip-m4-wifi-2024-512gb-silver-apple-pencil-pro-101044553/p
PlazaVea,Tablets,APPLE,"Apple iPad Pro 13"" Chip M4 Wifi 2024 512GB - Silver",10999.0,10999.0,Oh! Shop,True,https://www.plazavea.com.pe/apple-ipad-pro-13-chip-m4-wifi-2024-512gb-silver-101044552/p
PlazaVea,Tablets,APPLE,"Apple iPad Pro 13"" Chip M4 Wifi 2024 512GB - Silver + Apple Pencil USB-C",11999.0,11999.0,Oh! Shop,True,https://www.plazavea.com.pe/apple-ipad-pro-13-chip-m4-wifi-2024-512gb-silver-apple-pencil-usb-c-101044550/p
PlazaVea,Tablets,APPLE,"Apple iPad Pro 13"" Chip M4 Wifi 2024 512GB - Space Black + Apple Pencil USB-C",11999.0,11999.0,Oh! Shop,True,https://www.plazavea.com.pe/apple-ipad-pro-13-chip-m4-wifi-2024-512gb-space-black-apple-pencil-usb-c-101044548/p
PlazaVea,Tablets,APPLE,"Apple iPad Pro 11"" Chip M4 Wifi 2024 512GB - Space Black + Apple Pencil Pro",9299.0,9299.0,Oh! Shop,True,https://www.plazavea.com.pe/apple-ipad-pro-11-chip-m4-wifi-2024-512gb-space-black-apple-pencil-pro-101044546/p
PlazaVea,Tablets,APPLE,"Apple iPad Pro 11"" Chip M4 Wifi 2024 256GB - Space Black + Apple Pencil Pro",5999.0,5999.0,Oh! Shop,True,https://www.plazavea.com.pe/apple-ipad-pro-11-chip-m4-wifi-2024-256gb-space-black-apple-pencil-pro-101044545/p
PlazaVea,Tablets,APPLE,"Apple iPad Pro 13"" Chip M4 Wifi 2024 512GB - Space Black + Apple Pencil Pro",11999.0,11999.0,Oh! Shop,True,https://www.plazavea.com.pe/apple-ipad-pro-13-chip-m4-wifi-2024-512gb-space-black-apple-pencil-pro-101044544/p
PlazaVea,Tablets,APPLE,"Apple iPad Pro 11"" Chip M4 Wifi 2024 256GB - Silver",5499.0,5499.0,Oh! Shop,True,https://www.plazavea.com.pe/apple-ipad-pro-11-chip-m4-wifi-2024-256gb-silver-101044540/p
PlazaVea,Tablets,SAMSUNG,"Tablet SAMSUNG S6 LITE 2024 10.4"" 4GB 128GB Negro",1299.0,1299.0,Plaza Vea,True,https://www.plazavea.com.pe/tablet-samsung-s6-lite-2024-10-4--4gb-128gb-negro/p
PlazaVea,Tablets,SAMSUNG,Tablet SAMSUNG Galaxy A7 10.4'' 3GB 32GB Dorado,799.0,799.0,Plaza Vea,True,https://www.plazavea.com.pe/tablet-samsung-galaxy-a7-10-4-3gb-32gb-dorado/p
Promart,Smartphones,HONOR,"Smartphone HONOR X5C Plus 6.75"" 4GB 256GB 50M+Auxiliary Camera Meteor Silver",569.0,459.0,Plaza Vea,True,https://www.promart.pe/smartphone-honor-x5c-plus-6-75--4gb-256gb-50m-auxiliary-camera-meteor-silver-1001398326/p
Promart,Smartphones,SAMSUNG,Smartphones SAMSUNG Galaxy A17 4GB 128GB Negro,749.0,699.0,Plaza Vea,True,https://www.promart.pe/smartphones-samsung-galaxy-a17-4gb-128gb-negro-1001525135/p
Promart,Smartphones,XIAOMI,Celular Xiaomi Redmi 15C 256GB 4GB RAM Negro,799.0,497.0,RAYKOV,True,https://www.promart.pe/celular-xiaomi-redmi-15c-256gb-4gb-ram-negro-1001509930/p
Promart,Smartphones,MOTOROLA,"Smartphone MOTOROLA G17 6.8"" 4GB 128GB 50MP+5MP Arándano",699.0,449.0,Plaza Vea,True,https://www.promart.pe/smartphone-motorola-g17-6-8--4gb-128gb-50mp-5mp-arandano-1001417242/p
Promart,Smartphones,SAMSUNG,Smartphones SAMSUNG Galaxy A27 6GB 128GB Negro,1349.0,1099.0,Plaza Vea,True,https://www.promart.pe/smartphones-samsung-galaxy-a27-6gb-128gb-negro-1001525128/p
Promart,Smartphones,XIAOMI,Celular Xiaomi Redmi Note 15 256GB RAM 8GB ROM - Negro,1199.0,829.0,RAYKOV,True,https://www.promart.pe/celular-xiaomi-redmi-note-15-256gb-ram-8gb-rom-negro-1001511817/p
Promart,Smartphones,HONOR,Celular Honor X5C Plus 4GB RAM  256GB rom - Negro 50 mgpx,649.0,459.0,RAYKOV,True,https://www.promart.pe/celular-honor-x5c-plus-4gb-ram-256gb-rom-negro-50-mgpx-1001511379/p
Promart,Smartphones,HONOR,Celular Honor X5C Plus 4 + 256GB Ocean Cyan,569.0,459.0,Oechsle,True,https://www.promart.pe/celular-honor-x5c-plus-4---256gb-ocean-cyan-1001507592/p
Promart,Smartphones,SAMSUNG,SAMSUNG GALAXY S26 ULTRA 12RAM 512GB LILA,5900.0,4019.0,Marketcell,True,https://www.promart.pe/samsung-galaxy-s26-ultra-lila-1001389148/p
Promart,Smartphones,APPLE,IPHONE 17 DE 256GB ESIM - NEGRO,5600.0,3299.0,Marketcell,True,https://www.promart.pe/iphone-17-de-256gb-esim-negro-1001351794/p
Promart,Smartphones,HONOR,"Smartphone HONOR X6C 6.6"" 6GB 256GB 50MP + 0.08MP Moonlight White",649.0,499.0,Plaza Vea,True,https://www.promart.pe/smartphone-honor-x6c-6-6--6gb-256gb-50mp---0-08mp-moonlight-white-1001181413/p
Promart,Smartphones,HONOR,Celular HONOR X8D 256GB ROM 8GB RAM - NEGRO 108 mpx,1299.0,899.0,RAYKOV,True,https://www.promart.pe/celular-honor-x8d-256gb-rom-8gb-ram-negro-108-mpx-1001540109/p
Promart,Smartphones,XIAOMI,Celular Xiaomi Redmi A7 Pro 4GB RAM 64 GB ROM - Negro,699.0,369.0,RAYKOV,True,https://www.promart.pe/celular-xiaomi-redmi-a7-pro-4gb-ram-64-gb-rom-negro-1001540102/p
Promart,Smartphones,SAMSUNG,"Smartphone SAMSUNG Galaxy A37 6.7"" 8GB 256GB 50 MP Light Violet",1799.0,1599.0,Plaza Vea,True,https://www.promart.pe/smartphone-samsung-galaxy-a37-6-7--8gb-256gb-50-mp-light-violet-1001417224/p
Promart,Smartphones,SAMSUNG,Samsung Galaxy S25 Ultra 512GB 12GB RAM Titanium Negro,6800.0,3339.0,MAXICOMPRA,True,https://www.promart.pe/samsung-galaxy-s25-ultra-512gb-12gb-ram-titanium-negro-1001407142/p
Promart,Smartphones,HONOR,"Smartphone HONOR X5C Plus 6.75"" 4GB 256GB 50M+Auxiliary Camera Midnight Black",569.0,459.0,Plaza Vea,True,https://www.promart.pe/smartphone-honor-x5c-plus-6-75--4gb-256gb-50m-auxiliary-camera-midnight-black-1001397131/p
Promart,Smartphones,HONOR,Smartphone HONOR X7D 8 Gb Ram 256 Gb Color Meteor Silver,949.0,749.0,Plaza Vea,True,https://www.promart.pe/smartphone-honor-x7d-8-gb-ram-256-gb-color-meteor-silver-1001376015/p
Promart,Smartphones,HONOR,"Smartphone HONOR Magic 8 Lite 6.78"" 8GB 512GB 108MP+5MP Dorado",1899.0,1599.0,Plaza Vea,True,https://www.promart.pe/smartphone-honor-magic-8-lite-6-78--8gb-512gb-108mp-5mp-dorado-1001366158/p
Promart,Smartphones,APPLE,iPhone 17 PRO MAX 512gb ESIM color Plata,7999.0,5609.0,Fox Móviles SAC,True,https://www.promart.pe/iphone-17-pro-max-512gb-esim-color-plata-1001242875/p
Promart,Smartphones,MOTOROLA,"Smartphone MOTOROLA Edge 60 Fusion 6.8"" 8GB 256GB 50MP Slipstream",1099.0,999.0,Plaza Vea,True,https://www.promart.pe/smartphone-motorola-edge-60-fusion-6-8--8gb-256gb-50mp-slipstream-1001145311/p
Promart,Smartphones,APPLE,Iphone 15 128GB Chip Fisico - Azul,4299.0,2699.0,Fox Móviles SAC,True,https://www.promart.pe/iphone-15-128gb-chip-fisico---azul-1001602120/p
Promart,Smartphones,HONOR,CELULAR HONOR X5C PLUS 4GB RAM 256GB ROM - AZUL CIAN,999.0,549.0,D´TEEC-TECNOLOGÍA ELECTRO,True,https://www.promart.pe/celular-honor-x5c-plus-4gb-ram-256gb-rom---azul-cian-1001602106/p
Promart,Smartphones,HONOR,CELULAR HONOR X5C PLUS 4GB RAM 256GB ROM - NEGRO MEDIANOCHE,999.0,549.0,IMPORT CASO E.I.R.L.,True,https://www.promart.pe/celular-honor-x5c-plus-4gb-ram-256gb-rom---negro-medianoche-1001602074/p
Promart,Smartphones,HONOR,CELULAR HONOR X5D 4GB RAM 128GB ROM - PLATA METEORO,999.0,495.0,RP INVERSIONES,True,https://www.promart.pe/celular-honor-x5d-4gb-ram-128gb-rom---plata-meteoro-1001602054/p
Promart,Smartphones,HONOR,CELULAR HONOR X5D 4GB RAM 128GB ROM - NEGRO MEDIANOCHE,999.0,495.0,IMPORT CASO E.I.R.L.,True,https://www.promart.pe/celular-honor-x5d-4gb-ram-128gb-rom---negro-medianoche-1001601970/p
Promart,Smartphones,HONOR,CELULAR HONOR X5D 4GB RAM 128GB ROM - PLATA METEORO,999.0,495.0,D´TEEC-TECNOLOGÍA ELECTRO,True,https://www.promart.pe/celular-honor-x5d-4gb-ram-128gb-rom---plata-meteoro-1001601961/p
Promart,Smartphones,HONOR,CELULAR HONOR X5C PLUS 4GB RAM 256GB ROM - AZUL CIAN,999.0,549.0,RP INVERSIONES,True,https://www.promart.pe/celular-honor-x5c-plus-4gb-ram-256gb-rom---azul-cian-1001601949/p
Promart,Smartphones,HONOR,CELULAR HONOR X5D 4GB RAM 128GB ROM - NEGRO MEDIANOCHE,999.0,495.0,D´TEEC-TECNOLOGÍA ELECTRO,True,https://www.promart.pe/celular-honor-x5d-4gb-ram-128gb-rom---negro-medianoche-1001601937/p
Promart,Smartphones,HONOR,CELULAR HONOR X5D 4GB RAM 128GB ROM - PLATA METEORO,999.0,495.0,IMPORT CASO E.I.R.L.,True,https://www.promart.pe/celular-honor-x5d-4gb-ram-128gb-rom---plata-meteoro-1001601929/p
Promart,Smartphones,HONOR,CELULAR HONOR X5C PLUS 4GB RAM 256GB ROM - NEGRO MEDIANOCHE,999.0,549.0,D´TEEC-TECNOLOGÍA ELECTRO,True,https://www.promart.pe/celular-honor-x5c-plus-4gb-ram-256gb-rom---negro-medianoche-1001601927/p
Promart,Smartphones,HONOR,CELULAR HONOR X5C PLUS 4GB RAM 256GB ROM - NEGRO MEDIANOCHE,999.0,549.0,RP INVERSIONES,True,https://www.promart.pe/celular-honor-x5c-plus-4gb-ram-256gb-rom---negro-medianoche-1001601875/p
Promart,Smartphones,HONOR,CELULAR HONOR X5D 4GB RAM 128GB ROM - NEGRO MEDIANOCHE,999.0,495.0,RP INVERSIONES,True,https://www.promart.pe/celular-honor-x5d-4gb-ram-128gb-rom---negro-medianoche-1001601867/p
Promart,Smartphones,POCO,Poco X8 Pro Black 12g Ram 512gb Rom,3800.0,3500.0,MAXICOMPRA,True,https://www.promart.pe/poco-x8-pro-black-12g-ram-512gb-rom-1001600687/p
Promart,Smartphones,XIAOMI,CELULAR  XIAOMI REDMI 15C   4GB 256GB,620.0,559.0,JA INNOVATION GROUP S.A.C,True,https://www.promart.pe/celular--xiaomi-redmi-15c---4gb-256gb-1001599023/p
Promart,Smartphones,MOTOROLA,CELULAR MOTOROLA  G23 128GB 4GB Gris,659.9,579.9,JA INNOVATION GROUP S.A.C,True,https://www.promart.pe/-celular-motorola--g23-128gb-4gb-gris-1001599020/p
Promart,Smartphones,HONOR,Celular HONOR MAGIC 8 LITE 8GB-512GB 5G,2190.0,1759.0,JA INNOVATION GROUP S.A.C,True,https://www.promart.pe/celular-honor-magic-8-lite-8gb-512gb-5g-1001599018/p
Promart,Smartphones,SAMSUNG,Celular Samsung A17 5G 4GB RAM 128GB 6.7 Pulg. Android 14 - Negro,920.0,799.0,JA INNOVATION GROUP S.A.C,True,https://www.promart.pe/celular-samsung-a17-5g-4gb-ram-128gb-6-7-pulg--android-14---negro-1001599015/p
Promart,Smartphones,HONOR,HONOR X7D 6GB RAM 256GB - NEGRO Negro,1099.0,759.0,Velocell,True,https://www.promart.pe/honor-x7d-6gb-ram-256gb---negro-1001598832/p
Promart,Smartphones,APPLE,IPHONE 17 PRO MAX 1TB ESIM - SILVER,7399.0,6869.0,ROCICELL CELULARES,True,https://www.promart.pe/iphone-17-pro-max-1tb-esim---silver-1001594182/p
Promart,Smartphones,APPLE,IPHONE 17 PRO MAX 1TB ESIM - NARANJA,7299.0,6869.0,ROCICELL CELULARES,True,https://www.promart.pe/iphone-17-pro-max-1tb-esim---naranja-1001594176/p
Promart,Smartphones,APPLE,IPHONE 17 PRO MAX 1TB ESIM - AZUL,7299.0,6869.0,ROCICELL CELULARES,True,https://www.promart.pe/iphone-17-pro-max-1tb-esim---azul-1001594167/p
Promart,Smartphones,XIAOMI,Xiaomi Poco X8 Pro Max 512gb 12gb Azul,2699.0,2279.0,Telcelperu,True,https://www.promart.pe/xiaomi-poco-x8-pro-max-512gb-12gb-azul-1001593937/p
Promart,Smartphones,APPLE,Apple Iphone 16 Pro Max 256gb Desert Titanium Chip Fisico,7699.0,5999.0,Telcelperu,True,https://www.promart.pe/apple-iphone-16-pro-max-256gb-desert-titanium-chip-fisico-1001593932/p
Promart,Smartphones,XIAOMI,Xiaomi Poco X8 Pro Max 512gb 12gb Azul,2699.0,2279.0,TelcelperuExpress,True,https://www.promart.pe/xiaomi-poco-x8-pro-max-512gb-12gb-azul-1001593927/p
Promart,Smartphones,XIAOMI,Xiaomi Poco X8 Pro Max 256gb 12gb Naranja,2499.0,2099.0,Telcelperu,True,https://www.promart.pe/xiaomi-poco-x8-pro-max-256gb-12gb-naranja-1001593926/p
Promart,Smartphones,XIAOMI,Xiaomi Poco X8 Pro Max 256gb 12gb Naranja,2499.0,2099.0,TelcelperuExpress,True,https://www.promart.pe/xiaomi-poco-x8-pro-max-256gb-12gb-naranja-1001593919/p
Promart,Smartphones,XIAOMI,REDMI NOTE 15 4G 256GB 8RAM VERDE,999.0,830.0,PRIME MOBILE EIRL,True,https://www.promart.pe/redmi-note-15-4g-256gb-8ram-verde-1001593491/p
Promart,Smartphones,XIAOMI,REDMI 15C 128GB 4RAM AZUL REGISTRADO,789.0,500.0,PRIME MOBILE EIRL,True,https://www.promart.pe/redmi-15c-128gb-4ram-azul-registrado-1001593490/p
Promart,Smartphones,HONOR,"Honor Magic 8 Lite 5G Nfc, 8GB Ram - 256GB, COLOR VERDE Verde",1600.0,1519.9,MILLENNIALSTEC,True,https://www.promart.pe/honor-magic-8-lite-5g-nfc-8gb-ram---256gb-color-verde-1001593279/p
Promart,Smartphones,REDMI,"A7 Pro 4G, 4GB De Ram - 64GB, Color Azul Azul",590.0,469.9,MILLENNIALSTEC,True,https://www.promart.pe/a7-pro-4g-4gb-de-ram---64gb-color-azul-1001593278/p
Promart,Smartphones,REDMI,ReRedmi Note 15 Pro 4G 256GB y 8GB Ram color Gris,1399.0,1099.99,MILLENNIALSTEC,True,https://www.promart.pe/redmi-note-15-pro-4g-1001593277/p
Promart,Smartphones,REDMI,"Redmi Note 15 4G, 6GB RAM - 128GB, Color Púrpura Púrpura",990.0,804.99,MILLENNIALSTEC,True,https://www.promart.pe/redmi-note-15-4g-6gb-ram---128gb-color-purpura-1001593276/p
Promart,Smartphones,REDMI,Xiaomi Redmi A7 Pro 4G 128GB 4GB Ram Color Azul,620.0,509.9,MILLENNIALSTEC,True,https://www.promart.pe/xiaomi-redmi-a7-pro-4g-128gb-4gb-ram-color-azul-1001593275/p
Promart,Smartphones,REDMI,"Redmi Note 15 4G, 6GB RAM - 128GB, Color Negro Negro",990.0,804.99,MILLENNIALSTEC,True,https://www.promart.pe/redmi-note-15-4g-6gb-ram---128gb-color-negro-1001593272/p
Promart,Smartphones,REDMI,"Redmi Note 15 Pro 4G, 8GB DE RAM - 256GB, Color Glacier Blue Azul",1399.0,1149.99,MILLENNIALSTEC,True,https://www.promart.pe/redmi-note-15-pro-4g-8gb-de-ram---256gb-color-glacier-blue-1001593270/p
Promart,Smartphones,HONOR,"Honor Magic 8 Lite 5G Nfc, 8GB Ram - 256GB, Color Dorado Dorado",1600.0,1519.9,MILLENNIALSTEC,True,https://www.promart.pe/honor-magic-8-lite-5g-nfc-8gb-ram---256gb-color-dorado-1001593269/p
Promart,Smartphones,HONOR,Honor 600e 5G 256GB 8 hasta 16GB Ram Color Verde,1919.0,1689.9,MILLENNIALSTEC,True,https://www.promart.pe/honor-600e-5g-256gb-8-hasta-16gb-ram-color-verde-1001593266/p
Promart,Smartphones,HONOR,"Honor Magic 8 Lite 5G, 8GB Ram - 256GB, Color Negro Negro",1600.0,1519.9,MILLENNIALSTEC,True,https://www.promart.pe/honor-magic-8-lite-5g-8gb-ram---256gb-color-negro-1001593264/p
Promart,Smartphones,SAMSUNG,Samsung Galaxy S26 normal 512gb Sky Blue,5399.0,3699.0,EPM PHONESTORE,True,https://www.promart.pe/samsung-galaxy-s26-normal-512gb-sky-blue-1001593003/p
Promart,Smartphones,SAMSUNG,Samsung Galaxy S26 Plus 256gb Black,5499.0,3999.0,EPM PHONESTORE,True,https://www.promart.pe/samsung-galaxy-s26-plus-256gb-black-1001593001/p
Promart,Smartphones,APPLE,iPhone 17 Pro Max 256GB NARANJA - ESIM,8999.0,5199.0,MarketcellExpress,True,https://www.promart.pe/iphone-17-pro-max-256gb-naranja---esim-1001592955/p
Promart,Smartphones,APPLE,IPHONE 17 DE 256GB ESIM - BLANCO,5999.0,3449.0,MarketcellExpress,True,https://www.promart.pe/iphone-17-de-256gb-esim---blanco-1001592936/p
Promart,Smartphones,SAMSUNG,SAMSUNG S26 ULTRA 256GB - SKY BLUE Celeste Claro,5999.0,3939.0,USATEC IMPORT,True,https://www.promart.pe/samsung-s26-ultra-256gb---sky-blue-1001583486/p
Promart,Smartphones,SAMSUNG,SAMSUNG S26 ULTRA 512GB - SKY BLUE Celeste Claro,6999.0,4629.0,USATEC IMPORT,True,https://www.promart.pe/samsung-s26-ultra-512gb---sky-blue-1001583485/p
Promart,Smartphones,SAMSUNG,SAMSUNG S26 ULTRA 256GB - BLANCO Blanco,5999.0,3939.0,USATEC IMPORT,True,https://www.promart.pe/samsung-s26-ultra-256gb---blanco-1001583484/p
Promart,Smartphones,SAMSUNG,SAMSUNG S26 ULTRA 256GB - NEGRO + CASE+ MICA + CARGADOR Blanco,5999.0,3939.0,USATEC IMPORT,True,https://www.promart.pe/samsung-s26-ultra-256gb---negro---case--mica---cargador-1001583483/p
Promart,Smartphones,SAMSUNG,SAMSUNG S25ULTRA -  AZUL - 512GB + CASE + MICA + CARGADOR 45W Azul,4500.0,4059.0,USATEC IMPORT,True,https://www.promart.pe/samsung-s25ultra----azul---512gb---case---mica---cargador-45w-1001583481/p
Promart,Smartphones,SAMSUNG,SAMSUNG S25 ULTRA 512GB - GRAY Gris,5000.0,4059.0,USATEC IMPORT,True,https://www.promart.pe/samsung-s25-ultra-512gb---gray-1001583480/p
Promart,Smartphones,SAMSUNG,SAMSUNG S25 ULTRA  256GB  NEGRO - PACK PREMIUN,5000.0,3529.0,USATEC IMPORT,True,https://www.promart.pe/samsung-s25-ultra--256gb---white--case---cargador-1001583479/p
Promart,Smartphones,SAMSUNG,SAMSUNG GALAXY S25 ULTRA  512GB - GRAY - CASE + MICA + CARGADOR 45W Gris,4500.0,4059.0,USATEC IMPORT,True,https://www.promart.pe/samsung-galaxy-s25-ultra--512gb---gray---case---mica---cargador-45w-1001583477/p
Promart,Smartphones,SAMSUNG,SAMSUNG S25 ULTRA 256GB GRAY Gris,5000.0,3529.0,USATEC IMPORT,True,https://www.promart.pe/samsung-s25-ultra-256gb-gray-1001583476/p
Promart,Smartphones,APPLE,IPHONE 17 256GB ESIM  BLANCO + CASE + MICA + CARGADOR Blanco,5789.0,3809.0,USATEC IMPORT,True,https://www.promart.pe/iphone-17-256gb-esim--blanco---case---mica---cargador-1001583474/p
Promart,Smartphones,APPLE,IPHONE 17 256GB ESIM  AZUL + MICA + CARGADOR + CASE Azul,5789.0,3809.0,USATEC IMPORT,True,https://www.promart.pe/iphone-17-256gb-esim--azul---mica---cargador---case-1001583473/p
Promart,Smartphones,APPLE,IPHONE 17 256GB ESIM  BLACK  + CASE + MICA + CARGADOR Blanco,5789.0,3809.0,USATEC IMPORT,True,https://www.promart.pe/iphone-17-256gb-esim--black----case---mica---cargador-1001583472/p
Promart,Smartphones,XIAOMI,Celular Xiaomi Redmi 17 6.9 Pulgadas 4GB 128GB 50MP Negro,1599.0,899.0,Ofertec,True,https://www.promart.pe/celular-xiaomi-redmi-17-6-9-pulgadas-4gb-128gb-50mp-negro-1001583183/p
Promart,Smartphones,XIAOMI,Celular Xiaomi Redmi 17 6.9 Pulgadas 4GB 128GB 50MP Azul,1599.0,899.0,Ofertec,True,https://www.promart.pe/celular-xiaomi-redmi-17-6-9-pulgadas-4gb-128gb-50mp-azul-1001583139/p
Promart,Smartphones,SAMSUNG,Samsung Galaxy S25 ULTRA 5G 256gb 12gb - Blanco,4299.0,3319.0,ROCICELL CELULARES,True,https://www.promart.pe/samsung-galaxy-s25-ultra-5g-256gb-12gb---blanco-1001583093/p
Promart,Smartphones,SAMSUNG,Samsung Galaxy S25 ULTRA 5G 256gb 12gb - NEGRO,4799.0,3319.0,ROCICELL CELULARES,True,https://www.promart.pe/samsung-galaxy-s25-ultra-5g-256gb-12gb---negro-1001583079/p
Promart,Smartphones,SAMSUNG,SAMSUNG GALAXY S26 ULTA 1TB 16GB - VIOLETA,5999.0,5459.0,ROCICELL CELULARES,True,https://www.promart.pe/samsung-galaxy-s26-ulta-1tb-16gb---violeta-1001583078/p
Promart,Smartphones,SAMSUNG,SAMSUNG GALAXY S26 ULTA 1TB 16GB - BLANCO,5999.0,5459.0,ROCICELL CELULARES,True,https://www.promart.pe/samsung-galaxy-s26-ulta-1tb-16gb---blanco-1001583072/p
Promart,Smartphones,XIAOMI,Poco X8 Pro Max 12RAM 512GB Azul,2999.0,2279.0,F MOBILE TECH,True,https://www.promart.pe/poco-x8-pro-max-12ram-512gb-azul-1001581825/p
Promart,Smartphones,XIAOMI,Combo Xiaomi 17T PRO 512GB 12GB Negro + Audifonos JBL Vibe Buds,3917.0,3627.0,Celulares Peru Smart,True,https://www.promart.pe/combo-xiaomi-17t-pro-512gb-12gb-negro---audifonos-jbl-vibe-buds-1001581809/p
Promart,Smartphones,XIAOMI,Celular Xiaomi Redmi A7 3GB RAM 64GB 6.88 5200mAh 4G Negro,699.0,399.0,GRUPO LINEA HOGAR,True,https://www.promart.pe/celular-xiaomi-redmi-a7-3gb-ram-64gb-6-88-5200mah-4g-negro-1001581807/p
Promart,Smartphones,APPLE,iPhone Air e/SIM 512GB 8GB Cloud White,4620.0,4278.0,Celulares Peru Smart,True,https://www.promart.pe/iphone-air-e-sim-512gb-8gb-cloud-white-1001581804/p
Promart,Smartphones,XIAOMI,Xiaomi POCO M8S 128GB 6GB Negro,1102.0,1020.0,Celulares Peru Smart,True,https://www.promart.pe/xiaomi-poco-m8s-128gb-6gb-negro-1001581798/p
Promart,Smartphones,APPLE,iPhone Air e/SIM 512GB 8GB Sky Blue,4620.0,4278.0,Celulares Peru Smart,True,https://www.promart.pe/iphone-air-e-sim-512gb-8gb-sky-blue-1001581787/p
Promart,Smartphones,APPLE,iPhone Air e/SIM 512GB 8GB Light Gold,4620.0,4278.0,Celulares Peru Smart,True,https://www.promart.pe/iphone-air-e-sim-512gb-8gb-light-gold-1001581768/p
Promart,Smartphones,APPLE,iPhone Air e/SIM 256GB 8GB Sky Blue,4214.0,3902.0,Celulares Peru Smart,True,https://www.promart.pe/iphone-air-e-sim-256gb-8gb-sky-blue-1001581759/p
Promart,Smartphones,XIAOMI,Xiaomi POCO M8 256GB 8GB Verde,1241.0,1149.0,Celulares Peru Smart,True,https://www.promart.pe/xiaomi-poco-m8-256gb-8gb-verde-1001581753/p
Promart,Smartphones,XIAOMI,Combo Xiaomi 17T Leica 512GB 12GB Violeta + Audifonos JBL Vibe Buds,3348.0,3100.0,Celulares Peru Smart,True,https://www.promart.pe/combo-xiaomi-17t-leica-512gb-12gb-violeta---audifonos-jbl-vibe-buds-1001581748/p
Promart,Smartphones,HONOR,Honor 400 5G 512GB 12GB Dorado,2042.0,1891.0,Celulares Peru Smart,True,https://www.promart.pe/honor-400-5g-512gb-12gb-dorado-1001581747/p
Promart,Smartphones,XIAOMI,Xiaomi REDMI 15 5G 256GB 8GB Titaniumgray,1137.0,1053.0,Celulares Peru Smart,True,https://www.promart.pe/xiaomi-redmi-15-5g-256gb-8gb-titaniumgray-1001581741/p
Promart,Smartphones,HONOR,Honor 200 256GB 12GB Negro,1531.0,1418.0,Celulares Peru Smart,True,https://www.promart.pe/honor-200-256gb-12gb-negro-1001581740/p
Promart,Smartphones,XIAOMI,Poco X8 Pro 5G 12Gb Ram 512GB Rom Negro Registrado con Mica Hidrogel,2199.0,1809.0,M&M CELULARES,True,https://www.promart.pe/poco-x8-pro-5g-12gb-ram-512gb-rom-negro-registrado-con-mica-hidrogel-1001581286/p
Promart,Smartphones,XIAOMI,Poco X8 Pro 5G 12Gb Ram 512GB Rom Blanco Registrado con Mica Hidrogel,2199.0,1809.0,M&M CELULARES,True,https://www.promart.pe/poco-x8-pro-5g-12gb-ram-512gb-rom-blanco-registrado-con-mica-hidrogel-1001581283/p
Promart,Smartphones,XIAOMI,Xiaomi Poco X8 Pro 5G 12Gb Ram 512GB Rom Negro Registrado con Mica Hidrogel,2199.0,1809.0,TECH HUB,True,https://www.promart.pe/xiaomi-poco-x8-pro-5g-12gb-ram-512gb-rom-negro-registrado-con-mica-hidrogel-1001581281/p
Promart,Smartphones,XIAOMI,Xiaomi Poco X8 Pro 5G 12Gb Ram 512GB Rom Blanco Registrado con Mica Hidrogel,2199.0,1809.0,TECH HUB,True,https://www.promart.pe/xiaomi-poco-x8-pro-5g-12gb-ram-512gb-rom-blanco-registrado-con-mica-hidrogel-1001581279/p
Promart,Smartphones,XIAOMI,Poco M8 Pro 5G 8RAM 256GB Plata,1899.0,1389.0,F MOBILE TECH,True,https://www.promart.pe/poco-m8-pro-5g-8ram-256gb-plata-1001581112/p
Promart,Smartphones,MOTOROLA,Motorola Moto G06 4RAM 64GB Azul,789.0,449.0,F MOBILE TECH,True,https://www.promart.pe/motorola-moto-g06-4ram-64gb-azul-1001581107/p
Promart,Smartphones,HONOR,Celular Honor X6d 5G 4 GB 256GB Cyan,999.0,672.0,MI CEL PERU,True,https://www.promart.pe/celular-honor-x6d-5g-4-gb-256gb-cyan-1001581098/p
Promart,Smartphones,SAMSUNG,SAMSUNG GALAXY S26 ULTRA 1TB 16GB - VIOLETA regalos,5949.0,5479.0,Fox Móviles SAC,True,https://www.promart.pe/samsung-galaxy-s26-ultra-1tb-16gb---violeta-regalos-1001581053/p
Promart,Smartphones,SAMSUNG,SAMSUNG GALAXY S26 ULTRA 1TB 16GB - BLANCO regalos,5949.0,5949.0,Fox Móviles SAC,True,https://www.promart.pe/samsung-galaxy-s26-ultra-1tb-16gb---blanco-regalos-1001581047/p
Promart,Smartphones,APPLE,IPHONE 16 PRO MAX 256GB CHIP FISICO -DESERT,5299.0,4879.0,Fox Móviles SAC,True,https://www.promart.pe/iphone-16-pro-max-256gb-chip-fisico--desert-1001581025/p
Promart,Smartphones,XIAOMI,"Smartphone XIAOMI Redmi 17 6.9"" 4GB 128GB 50MP Black",849.0,699.0,Plaza Vea,True,https://www.promart.pe/smartphone-xiaomi-redmi-17-6-9--4gb-128gb-50mp-black-1001580179/p
Promart,Smartphones,XIAOMI,"Smartphone XIAOMI Redmi 17 6.9"" 4GB 128GB 50MP Deep Blue",849.0,699.0,Plaza Vea,True,https://www.promart.pe/smartphone-xiaomi-redmi-17-6-9--4gb-128gb-50mp-deep-blue-1001580176/p
Promart,Smartphones,APPLE,IPHONE 17 PRO 256GB CHIP FISICO - AZUL,6499.0,5179.0,Fox Móviles SAC,True,https://www.promart.pe/iphone-17-pro-256gb-chip-fisico---azul-1001580083/p
Promart,Smartphones,HONOR,"Smartphone HONOR Magic 8 Pro 6.7"" 12GB 512GB 50MP Negro",5099.0,4899.0,Plaza Vea,True,https://www.promart.pe/smartphone-honor-magic-8-pro-6-7--12gb-512gb-50mp-negro-1001578536/p
Promart,Smartphones,APPLE,iPhone 17 256GB Esim White con Cubo 40W,3999.0,3599.0,MIXELLExpress,True,https://www.promart.pe/iphone-17-256gb-esim-white-con-cubo-40w--1001577042/p
Promart,Smartphones,APPLE,iPhone 17 256GB Esim White con Mica,3999.0,3399.0,MIXELLExpress,True,https://www.promart.pe/iphone-17-256gb-esim-white-con-mica--1001577041/p
Promart,Smartphones,APPLE,iPhone 17 Pro Max 256GB Esim Silver con Cubo 20W,5999.0,5099.0,MIXELLExpress,True,https://www.promart.pe/iphone-17-pro-max-256gb-esim-silver-con-cubo-20w--1001577040/p
Promart,Smartphones,APPLE,iPhone 17 Pro Max 256GB Esim Silver con Case,5999.0,4999.0,MIXELLExpress,True,https://www.promart.pe/iphone-17-pro-max-256gb-esim-silver-con-case---1001577039/p
Promart,Smartphones,APPLE,iPhone 17 256GB Esim White con Case y Mica,3999.0,3399.0,MIXELLExpress,True,https://www.promart.pe/iphone-17-256gb-esim-white-con-case-y-mica--1001577038/p
Promart,Smartphones,APPLE,iPhone 17 Pro Max 256GB Esim Silver con Cubo 40W,5999.0,5199.0,MIXELLExpress,True,https://www.promart.pe/iphone-17-pro-max-256gb-esim-silver-con-cubo-40w--1001577036/p
Promart,Smartphones,APPLE,iPhone 17 Pro Max 256GB Esim Silver con Mica,5999.0,4999.0,MIXELLExpress,True,https://www.promart.pe/iphone-17-pro-max-256gb-esim-silver-con-mica--1001577035/p
Promart,Smartphones,APPLE,iPhone 17 Pro Max 256GB Esim Silver,5999.0,4999.0,MIXELLExpress,True,https://www.promart.pe/iphone-17-pro-max-256gb-esim-silver--1001577034/p
Promart,Smartphones,APPLE,iPhone 17 Pro Max 256GB Esim Silver con Case y Mica,5999.0,4999.0,MIXELLExpress,True,https://www.promart.pe/iphone-17-pro-max-256gb-esim-silver-con-case-y-mica--1001577033/p
Promart,Smartphones,APPLE,iPhone 16 128GB Chip Físico - Ultramarine - Reacondicionado,3999.0,2799.0,CASAL,True,https://www.promart.pe/iphone-16-128gb-chip-fisico---ultramarine---reacondicionado-1001576992/p
Promart,Smartphones,APPLE,iPhone 16 Pro 128GB Chip Físico - Natural Titanium . Reacondicionado,4899.0,3799.0,CASAL,True,https://www.promart.pe/iphone-16-pro-128gb-chip-fisico---natural-titanium---reacondicionado-1001576961/p
Promart,Smartphones,APPLE,iPhone 16 Pro 128GB Chip Físico - Desert Titanium - Reacondicionado,4999.0,3799.0,CASAL,True,https://www.promart.pe/iphone-16-pro-128gb-chip-fisico---desert-titanium---reacondicionado-1001576959/p
Promart,Smartphones,APPLE,iPhone 16 Pro 128GB Chip Físico - BlackTitanium - Reacondicionado,4999.0,3799.0,CASAL,True,https://www.promart.pe/iphone-16-pro-128gb-chip-fisico---blacktitanium---reacondicionado-1001576951/p
Promart,Smartphones,MOTOROLA,Celular Motorola Moto G06 256GB 4GB Azul,689.0,459.0,HolaPlaza,True,https://www.promart.pe/celular-motorola-moto-g06-256gb-4gb-azul-1001576887/p
Promart,Smartphones,MOTOROLA,Celular Motorola Moto G06 256GB 4GB Cafe,689.0,459.0,HolaPlaza,True,https://www.promart.pe/celular-motorola-moto-g06-256gb-4gb-cafe-1001576819/p
Promart,Smartphones,HONOR,Celular Honor X5D 4GB+256GB TIDAL BLUE,765.7,589.0,MI CEL PERU,True,https://www.promart.pe/celular-honor-x5d-4gb-256gb-tidal-blue-1001576641/p
Promart,Smartphones,HONOR,Celular Honor X5D 4GB+256GB  METEOR SILVER,765.7,589.0,MI CEL PERU,True,https://www.promart.pe/celular-honor-x5d-4gb-256gb--meteor-silver-1001576623/p
Promart,Smartphones,HONOR,Celular Honor X5D 4GB+256GB MIDNIGHT BLACK,765.7,589.0,MI CEL PERU,True,https://www.promart.pe/celular-honor-x5d-4gb-256gb-midnight-black-1001576574/p
Promart,Smartphones,APPLE,iPhone 12 128gb Azul - Grado B Reacondicionado,2899.0,1209.0,SMARTLEBEN,True,https://www.promart.pe/iphone-12-128gb-azul---grado-b-reacondicionado-1001576477/p
Promart,Smartphones,APPLE,iPhone 12 128gb Morado - Grado B Reacondicionado,2899.0,1239.0,SMARTLEBEN,True,https://www.promart.pe/iphone-12-128gb-morado---grado-b-reacondicionado-1001576463/p
Promart,Smartphones,HONOR,CELULAR HONOR X7E 6GB 256GB - NARANJA,1289.0,865.0,MILLENNIALS MOBILE,True,https://www.promart.pe/celular-honor-x7e-6gb-256gb---naranja-1001576446/p
Promart,Smartphones,SAMSUNG,CELULAR SAMSUNG GALAXY A07 4GB  128GB,889.0,465.0,MILLENNIALS MOBILE,True,https://www.promart.pe/celular-samsung-galaxy-a07-4gb--128gb-1001576445/p
Promart,Smartphones,HONOR,CELULAR HONOR X7E 6GB 256GB - AZUL,1289.0,865.0,MILLENNIALS MOBILE,True,https://www.promart.pe/celular-honor-x7e-6gb-256gb---azul-1001576444/p
Promart,Smartphones,HONOR,CELULAR HONOR X7E 6GB 256GB - NEGRO,1289.0,865.0,MILLENNIALS MOBILE,True,https://www.promart.pe/celular-honor-x7e-6gb-256gb---negro-1001576441/p
Promart,Smartphones,REDMI,CELULAR XIAOMI REDMI NOTE 15 8GB RAM 256GB ROM - NEGRO,1999.0,999.0,D´TEEC-TECNOLOGÍA ELECTRO,True,https://www.promart.pe/celular-xiaomi-redmi-note-15-8gb-ram-256gb-rom---negro-1001576329/p
Promart,Smartphones,REDMI,CELULAR XIAOMI REDMI NOTE 15 8GB RAM 256GB ROM - NEGRO,1999.0,999.0,RP INVERSIONES,True,https://www.promart.pe/celular-xiaomi-redmi-note-15-8gb-ram-256gb-rom---negro-1001576293/p
Promart,Smartphones,REDMI,CELULAR XIAOMI REDMI NOTE 15 8GB RAM 256GB ROM - AZUL,1999.0,999.0,RP INVERSIONES,True,https://www.promart.pe/celular-xiaomi-redmi-note-15-8gb-ram-256gb-rom---azul-1001576291/p
Promart,Smartphones,HONOR,HONOR X8d 8GB RAM - 256GB - GRIS,1199.0,999.0,Mi Tienda,True,https://www.promart.pe/honor-x8d-8gb-ram---256gb---gris-1001576289/p
Promart,Smartphones,REDMI,CELULAR XIAOMI REDMI NOTE 15 8GB RAM 256GB ROM - AZUL,1999.0,999.0,IMPORT CASO E.I.R.L.,True,https://www.promart.pe/celular-xiaomi-redmi-note-15-8gb-ram-256gb-rom---azul-1001576275/p
Promart,Smartphones,REDMI,CELULAR XIAOMI REDMI NOTE 15 8GB RAM 256GB ROM - NEGRO,1999.0,999.0,IMPORT CASO E.I.R.L.,True,https://www.promart.pe/celular-xiaomi-redmi-note-15-8gb-ram-256gb-rom---negro-1001576268/p
Promart,Smartphones,HONOR,HONOR X8d 8GB - 256GB Light Blue,1199.0,999.0,Mi Tienda,True,https://www.promart.pe/honor-x8d-8gb---256gb-light-blue-1001576258/p
Promart,Smartphones,REDMI,CELULAR XIAOMI REDMI NOTE 15 8GB RAM 256GB ROM - AZUL,1999.0,999.0,D´TEEC-TECNOLOGÍA ELECTRO,True,https://www.promart.pe/celular-xiaomi-redmi-note-15-8gb-ram-256gb-rom---azul-1001576223/p
Promart,Smartphones,HONOR,HONOR X8d 8GB RAM - 256GB Negro,1199.0,999.0,Mi Tienda,True,https://www.promart.pe/honor-x8d-8gb-ram---256gb-negro-1001576108/p
Promart,Smartphones,XIAOMI,Xiaomi Poco C85 128GB 6GB Verde,799.0,510.0,MI CEL PERU,True,https://www.promart.pe/xiaomi-poco-c85-128gb-6gb-verde-1001575509/p
Promart,Smartphones,SAMSUNG,Celular Samsung Galaxy S25 FE 5G 8GB 512GB Negro,4999.0,2799.0,ITG PERU,True,https://www.promart.pe/celular-samsung-galaxy-s25-fe-5g-8gb-512gb-negro-1001575442/p
Promart,Smartphones,SAMSUNG,Celular Samsung Galaxy S25 5G 12GB 128GB Navy,5999.0,2599.0,ITG PERU,True,https://www.promart.pe/celular-samsung-galaxy-s25-5g-12gb-128gb-navy-1001575434/p
Promart,Smartphones,SAMSUNG,Celular Samsung Galaxy S25 FE 5G 8GB 256GB Azul,4999.0,2399.0,ITG PERU,True,https://www.promart.pe/celular-samsung-galaxy-s25-fe-5g-8gb-256gb-azul-1001575432/p
Promart,Smartphones,SAMSUNG,Celular Samsung Galaxy S25 5G 12GB 128GB Silver,5999.0,2599.0,ITG PERU,True,https://www.promart.pe/celular-samsung-galaxy-s25-5g-12gb-128gb-silver-1001575427/p
Promart,Smartphones,XIAOMI,Celular Xiaomi Redmi 15c 128GB 4RAM Azul,759.0,479.0,HolaPlaza,True,https://www.promart.pe/celular-xiaomi-redmi-15c-128gb-4ram-azul-1001574392/p
Promart,Smartphones,XIAOMI,Celular Xiaomi Redmi 15c 128GB 4RAM Negro,759.0,479.0,HolaPlaza,True,https://www.promart.pe/celular-xiaomi-redmi-15c-128gb-4ram-negro-1001574184/p
Promart,Smartphones,HONOR,Oppo Reno16 5G 8RAM 256GB Blanco,3599.0,2799.0,F MOBILE TECH,True,https://www.promart.pe/oppo-reno-16-5g-8ram-256gb-blanco-1001574176/p
Promart,Smartphones,HONOR,HONOR 600e 8GB+512GB Sprout Green,2199.0,1899.0,Oechsle,True,https://www.promart.pe/honor-600e-8gb-512gb-sprout-green-1001572300/p
Promart,Smartphones,HONOR,Celular Honor 600e 8GB+512GB Velvet Grey,2199.0,1899.0,Oechsle,True,https://www.promart.pe/honor-600e-8gb-512gb-velvet-grey-1001572298/p
Promart,Smartphones,SAMSUNG,Smartwatch 9 Samsung Small Beige SM-L340NZEALTA,1599.0,1599.0,Oechsle,True,https://www.promart.pe/smartwatch-9-samsung-small-beige-sm-l340nzealta-1001572297/p
Promart,Smartphones,SAMSUNG,Smartwatch Ultra 2 Samsung Black SM-L715FZKAPEO,2849.0,2799.0,Oechsle,True,https://www.promart.pe/smartwatch-ultra-2-samsung-black-sm-l715fzkapeo-1001572296/p
Promart,Smartphones,SAMSUNG,Smartwatch 9 Samsung Large Black SM-L350NZKALTA,1699.0,1649.0,Oechsle,True,https://www.promart.pe/smartwatch-9-samsung-large-black-sm-l350nzkalta-1001572295/p
Promart,Smartphones,SAMSUNG,Smartwatch 9 Samsung Small Black SM-L340NZKALTA,1599.0,1599.0,Oechsle,True,https://www.promart.pe/smartwatch-9-samsung-small-black-sm-l340nzkalta-1001572294/p
Promart,Smartphones,SAMSUNG,Smartwatch Ultra 2 Samsung Silver SM-L715FZSAPEO,2849.0,2799.0,Oechsle,True,https://www.promart.pe/smartwatch-ultra-2-samsung-silver-sm-l715fzsapeo-1001572293/p
Promart,Smartphones,SAMSUNG,Celular Samsung Galaxy A27 8GB RAM 256GB Negro,1699.0,1499.0,Oechsle,True,https://www.promart.pe/celular-samsung-galaxy-a27-8gb-ram-256gb-negro-1001572287/p
Promart,Smartphones,SAMSUNG,Smartwatch 9 Samsung Large Silver SM-L350NZSALTA,1699.0,1649.0,Oechsle,True,https://www.promart.pe/smartwatch-9-samsung-large-silver-sm-l350nzsalta-1001572274/p
Promart,Smartphones,XIAOMI,REDMI NOTE 15  6GB-128GB PURPLE,899.0,719.0,PHONE SPOT PERU,True,https://www.promart.pe/redmi-note-15--6gb-128gb-purple-1001571530/p
Promart,Smartphones,HONOR,Celular Honor X6d 5G 4 GB 256GB Black,899.0,672.0,MI CEL PERU,True,https://www.promart.pe/celular-honor-x6d-5g-4-gb-256gb-black-1001571429/p
Promart,Smartphones,SAMSUNG,Celular SAMSUNG Galaxy S25 Ultra 5G 12GB 1TB Gray,7599.0,4199.0,ITG PERU,True,https://www.promart.pe/celular-samsung-galaxy-s25-ultra-5g-12gb-1tb-gray-1001571231/p
Promart,Smartphones,HONOR,Celular Honor Play 10 4G 3GB 64GB Negro,799.0,439.0,ITG PERU,True,https://www.promart.pe/celular-honor-play-10-4g-3gb-64gb-negro-1001571228/p
Promart,Smartphones,SAMSUNG,Celular Samsung Galaxy A37 5G 8GB 256GB Negro,2499.0,1719.0,ITG PERU,True,https://www.promart.pe/celular-samsung-galaxy-a37-5g-8gb-256gb-negro-1001571225/p
Promart,Smartphones,XIAOMI,Celular XIAOMI Redmi A7 Pro 4GB 128GB Azul,799.0,539.0,ITG PERU,True,https://www.promart.pe/celular-xiaomi-redmi-a7-pro-4gb-128gb-azul-1001571223/p
Promart,Smartphones,XIAOMI,Celular XIAOMI Redmi A7 Pro 4GB 64GB Negro,799.0,499.0,ITG PERU,True,https://www.promart.pe/celular-xiaomi-redmi-a7-pro-4gb-64gb-negro-1001571222/p
Promart,Smartphones,SAMSUNG,Celular SAMSUNG Galaxy S26 Ultra 5G 12GB 256GB Negro,9999.0,4079.0,ITG PERU,True,https://www.promart.pe/celular-samsung-galaxy-s26-ultra-5g-12gb-256gb-negro-1001571221/p
Promart,Smartphones,XIAOMI,Celular Xiaomi Redmi 15C 4GB 256GB Negro,899.0,599.0,ITG PERU,True,https://www.promart.pe/celular-xiaomi-redmi-15c-4gb-256gb-negro-1001571220/p
Promart,Smartphones,APPLE,Iphone 17 Pro 256GB 5G Chip Físico Azul,9999.0,5399.0,ITG PERU,True,https://www.promart.pe/iphone-17-pro-256gb-5g-chip-fisico-azul-1001571218/p
Promart,Smartphones,SAMSUNG,Celular Samsung Galaxy A37 5G 8GB 256GB Lavanda,2499.0,1719.0,ITG PERU,True,https://www.promart.pe/celular-samsung-galaxy-a37-5g-8gb-256gb-lavanda-1001571215/p
Promart,Smartphones,XIAOMI,Celular Xiaomi Redmi Note 15 4G 8GB 256GB Negro,1499.0,849.0,ITG PERU,True,https://www.promart.pe/celular-xiaomi-redmi-note-15-4g-8gb-256gb-negro-1001571214/p
Promart,Smartphones,SAMSUNG,Celular Samsung Galaxy A57 5G 8GB 256GB Awesome Navy,3499.0,1899.0,ITG PERU,True,https://www.promart.pe/celular-samsung-galaxy-a57-5g-8gb-256gb-awesome-navy-1001571213/p
Promart,Smartphones,XIAOMI,Celular XIAOMI Redmi A7 Pro 4GB 128GB Negro,799.0,539.0,ITG PERU,True,https://www.promart.pe/celular-xiaomi-redmi-a7-pro-4gb-128gb-negro-1001571212/p
Promart,Smartphones,XIAOMI,Celular Xiaomi Redmi 15C 4GB 128GB Negro,899.0,549.0,ITG PERU,True,https://www.promart.pe/celular-xiaomi-redmi-15c-4gb-128gb-negro-1001571207/p
Promart,Smartphones,XIAOMI,Celular Xiaomi Redmi Note 14 Pro Plus 5G 8GB 256GB Negro,1999.0,1399.0,ITG PERU,True,https://www.promart.pe/celular-xiaomi-redmi-note-14-pro-plus-5g-8gb-256gb-negro-1001571206/p
Promart,Smartphones,SAMSUNG,Celular SAMSUNG Galaxy S25 Ultra 5G 12GB 1TB Blanco,7599.0,4199.0,ITG PERU,True,https://www.promart.pe/celular-samsung-galaxy-s25-ultra-5g-12gb-1tb-blanco-1001571205/p
Promart,Smartphones,APPLE,Iphone 17 Pro 256GB 5G Chip Físico Naranja,9999.0,5399.0,ITG PERU,True,https://www.promart.pe/iphone-17-pro-256gb-5g-chip-fisico-naranja-1001571204/p
Promart,Smartphones,HONOR,Celular Honor Play 10 4G 4GB 128GB Negro,799.0,509.0,ITG PERU,True,https://www.promart.pe/celular-honor-play-10-4g-4gb-128gb-negro-1001571202/p
Promart,Smartphones,APPLE,Iphone 17 Pro Max 256GB Edición ESIM Naranja,9999.0,5299.0,ITG PERU,True,https://www.promart.pe/iphone-17-pro-max-256gb-edicion-esim-naranja-1001571201/p
Promart,Smartphones,SAMSUNG,Celular SAMSUNG Galaxy S26 Ultra 5G 12GB 256GB Blanco,9999.0,4079.0,ITG PERU,True,https://www.promart.pe/celular-samsung-galaxy-s26-ultra-5g-12gb-256gb-blanco-1001571200/p
Promart,Smartphones,APPLE,Iphone 17 Pro Max 256GB Edición ESIM Azul,9999.0,5299.0,ITG PERU,True,https://www.promart.pe/iphone-17-pro-max-256gb-edicion-esim-azul-1001571196/p
Promart,Smartphones,XIAOMI,Celular Xiaomi Redmi 15C 8GB 256GB Negro,899.0,679.0,ITG PERU,True,https://www.promart.pe/celular-xiaomi-redmi-15c-8gb-256gb-negro-1001571195/p
Promart,Smartphones,SAMSUNG,Celular SAMSUNG Galaxy S26 Ultra 5G 12GB 256GB Azul,9999.0,4079.0,ITG PERU,True,https://www.promart.pe/celular-samsung-galaxy-s26-ultra-5g-12gb-256gb-azul-1001571190/p
Promart,Smartphones,HONOR,Celular Honor MAGIC 8 LITE 5G 8GB 256GB Dorado,2299.0,1549.0,ITG PERU,True,https://www.promart.pe/celular-honor-magic-8-lite-5g-8gb-256gb-dorado-1001571188/p
Promart,Smartphones,XIAOMI,Celular XIAOMI Redmi A7 Pro 4GB 64GB Azul,799.0,499.0,ITG PERU,True,https://www.promart.pe/celular-xiaomi-redmi-a7-pro-4gb-64gb-azul-1001571187/p
Promart,Smartphones,HONOR,Celular Honor MAGIC 8 LITE 5G 8GB 256GB Verde,2299.0,1549.0,ITG PERU,True,https://www.promart.pe/celular-honor-magic-8-lite-5g-8gb-256gb-verde-1001571185/p
Promart,Smartphones,HONOR,Celular Honor MAGIC 8 LITE 5G 8GB 512GB Negro,2499.0,1619.0,ITG PERU,True,https://www.promart.pe/celular-honor-magic-8-lite-5g-8gb-512gb-negro-1001571183/p
Promart,Smartphones,SAMSUNG,Celular SAMSUNG Galaxy S25 Ultra 5G 12GB 256GB White Silver,7599.0,3349.0,ITG PERU,True,https://www.promart.pe/celular-samsung-galaxy-s25-ultra-5g-12gb-256gb-white-silver-1001571182/p
Promart,Smartphones,SAMSUNG,Celular Samsung Galaxy A57 5G 8GB 256GB Gris,3499.0,1899.0,ITG PERU,True,https://www.promart.pe/celular-samsung-galaxy-a57-5g-8gb-256gb-gris-1001571178/p
Promart,Smartphones,HONOR,Celular Honor X7D 8GB 256GB Negro,1399.0,849.0,ITG PERU,True,https://www.promart.pe/celular-honor-x7d-8gb-256gb-negro-1001571177/p
Promart,Smartphones,SAMSUNG,Celular SAMSUNG Galaxy S26 Ultra 5G 12GB 256GB Violeta,9999.0,4079.0,ITG PERU,True,https://www.promart.pe/celular-samsung-galaxy-s26-ultra-5g-12gb-256gb-violeta-1001571175/p
Promart,Smartphones,MOTOROLA,Celular Motorola Moto G77 5G 8GB 256GB Black Olive,1399.0,899.0,ITG PERU,True,https://www.promart.pe/celular-motorola-moto-g77-5g-8gb-256gb-black-olive-1001571174/p
Promart,Smartphones,APPLE,Iphone 17 Pro Max 256GB Edición ESIM Silver,9999.0,5299.0,ITG PERU,True,https://www.promart.pe/iphone-17-pro-max-256gb-edicion-esim-silver-1001571168/p
Promart,Smartphones,XIAOMI,Celular Xiaomi Redmi Note 15 Pro 8GB 256GB Negro,1999.0,1099.0,ITG PERU,True,https://www.promart.pe/celular-xiaomi-redmi-note-15-pro-8gb-256gb-negro-1001571167/p
Promart,Smartphones,SAMSUNG,Celular Samsung Galaxy A57 5G 8GB 256GB Violeta,3499.0,1899.0,ITG PERU,True,https://www.promart.pe/celular-samsung-galaxy-a57-5g-8gb-256gb-violeta-1001571166/p
Promart,Smartphones,XIAOMI,Celular Xiaomi Redmi 15 8GB 256GB Negro,999.0,789.0,ITG PERU,True,https://www.promart.pe/celular-xiaomi-redmi-15-8gb-256gb-negro-1001571163/p
Promart,Smartphones,SAMSUNG,Celular Samsung Galaxy A57 5G 8GB 256GB Azul Hielo,3499.0,1899.0,ITG PERU,True,https://www.promart.pe/celular-samsung-galaxy-a57-5g-8gb-256gb-azul-hielo-1001571162/p
Promart,Smartphones,SAMSUNG,Celular SAMSUNG Galaxy S25 Ultra 5G 12GB 256GB Negro,7599.0,3349.0,ITG PERU,True,https://www.promart.pe/celular-samsung-galaxy-s25-ultra-5g-12gb-256gb-negro-1001571161/p
Promart,Smartphones,HONOR,Celular Honor X8D 8GB 256GB Azul,1999.0,1049.0,ITG PERU,True,https://www.promart.pe/celular-honor-x8d-8gb-256gb-azul-1001571155/p
Promart,Smartphones,SAMSUNG,Celular SAMSUNG Galaxy S25 Ultra 5G 12GB 256GB Silver Blue,7599.0,3349.0,ITG PERU,True,https://www.promart.pe/celular-samsung-galaxy-s25-ultra-5g-12gb-256gb-silver-blue-1001571153/p
Promart,Smartphones,HONOR,Celular Honor X8D 8GB 256GB Gris,1999.0,1049.0,ITG PERU,True,https://www.promart.pe/celular-honor-x8d-8gb-256gb-gris-1001571152/p
Promart,Smartphones,APPLE,Iphone 17 Pro 256GB Edición ESIM Naranja,9999.0,5029.0,ITG PERU,True,https://www.promart.pe/iphone-17-pro-256gb-edicion-esim-naranja-1001571151/p
Promart,Smartphones,APPLE,Apple iPhone 14 - 128GB Reacondicionado A - Blanco mas Regalo,1999.0,1529.0,Techpro Store,True,https://www.promart.pe/apple-iphone-14---128gb-reacondicionado-a---blanco-1001570145/p
Promart,Smartphones,HONOR,Celular HONOR X6e 4GB Ram 256GB Rom - Negro,999.0,899.0,SanyPeru,True,https://www.promart.pe/celular-honor-x6e-4gb-ram-256gb-rom---negro-1001570015/p
Promart,Smartphones,XIAOMI,CELULAR XIAOMI NOTE 15 PRO 4G 8GB 256GB NEGRO,1499.0,1245.0,JA INNOVATION GROUP S.A.C,True,https://www.promart.pe/celular-xiaomi-note-15-pro-4g-8gb-256gb-negro-1001569903/p
Promart,Smartphones,HONOR,Celular HONOR X6e 4GB Ram 256GB Rom - Dorado,999.0,899.0,SanyPeru,True,https://www.promart.pe/celular-honor-x6e-4gb-ram-256gb-rom---dorado-1001569893/p
Promart,Smartphones,SAMSUNG,SAMSUNG GALAXY S26 ULTRA 12RAM 512GB LILA,5900.0,4199.0,MarketcellExpress,True,https://www.promart.pe/samsung-galaxy-s26-ultra-12ram-512gb-lila-1001569486/p
Promart,Smartphones,APPLE,iPhone 11 64GB Negro - Grado B Reacondicionado,1999.0,899.0,SMARTLEBEN,True,https://www.promart.pe/iphone-11-64gb-negro---grado-b-reacondicionado-1001569484/p
Promart,Smartphones,SAMSUNG,SAMSUNG GALAXY S26 ULTRA 12RAM 512GB BLANCO,5900.0,4009.0,MarketcellExpress,True,https://www.promart.pe/samsung-galaxy-s26-ultra-12ram-512gb-blanco-1001569434/p
Promart,Smartphones,APPLE,IPHONE 17 PRO 5G 256GB ESIM - NARANJA,5900.0,4759.0,MarketcellExpress,True,https://www.promart.pe/iphone-17-pro-5g-256gb-esim---naranja-1001569425/p
Promart,Smartphones,XIAOMI,Xiaomi 17T 512gb 12gb Negro,2959.0,2549.0,Moviles Eirl,True,https://www.promart.pe/xiaomi-17t-512gb-12gb-negro-1001569321/p
Promart,Smartphones,XIAOMI,Xiaomi 17T 512gb 12gb Negro,2959.0,2549.0,Telcelperu,True,https://www.promart.pe/xiaomi-17t-512gb-12gb-negro-1001569311/p
Promart,Smartphones,XIAOMI,Xiaomi 17T Pro 512gb 12gb Ram Azul,3649.0,2999.0,TelcelperuExpress,True,https://www.promart.pe/xiaomi-17t-pro-512gb-12gb-ram-azul-1001569287/p
Promart,Smartphones,SAMSUNG,Samsung Galaxy S26 Ultra 512gb 12gb Black,5149.0,4749.0,Telcelperu,True,https://www.promart.pe/samsung-galaxy-s26-ultra-512gb-12gb-black-1001569283/p
Promart,Smartphones,SAMSUNG,Samsung Galaxy S26 Ultra 512gb 12gb Black,5149.0,4749.0,TelcelperuExpress,True,https://www.promart.pe/samsung-galaxy-s26-ultra-512gb-12gb-black-1001569281/p
Promart,Smartphones,XIAOMI,Xiaomi 17T Pro 512gb 12gb Ram Azul,3649.0,2999.0,Moviles Eirl,True,https://www.promart.pe/xiaomi-17t-pro-512gb-12gb-ram-azul-1001569278/p
Promart,Smartphones,XIAOMI,Xiaomi 17T 512gb 12gb Negro,2959.0,2549.0,TelcelperuExpress,True,https://www.promart.pe/xiaomi-17t-512gb-12gb-negro-1001569272/p
Promart,Smartphones,XIAOMI,Xiaomi 17T Pro 512gb 12gb Ram Violeta,3649.0,2999.0,Telcelperu,True,https://www.promart.pe/xiaomi-17t-pro-512gb-12gb-ram-violeta-1001569271/p
Promart,Smartphones,XIAOMI,Xiaomi 17T Pro 512gb 12gb Ram Azul,3649.0,2999.0,Telcelperu,True,https://www.promart.pe/xiaomi-17t-pro-512gb-12gb-ram-azul-1001569269/p
Promart,Smartphones,SAMSUNG,Samsung Galaxy S26 Ultra 512gb 12gb Black,5149.0,4749.0,Moviles Eirl,True,https://www.promart.pe/samsung-galaxy-s26-ultra-512gb-12gb-black-1001569263/p
Promart,Smartphones,XIAOMI,Xiaomi 17T Pro 512gb 12gb Ram Violeta,3649.0,2999.0,TelcelperuExpress,True,https://www.promart.pe/xiaomi-17t-pro-512gb-12gb-ram-violeta-1001569262/p
Promart,Smartphones,XIAOMI,Xiaomi 17T Pro 512gb 12gb Ram Violeta,3649.0,2999.0,Moviles Eirl,True,https://www.promart.pe/xiaomi-17t-pro-512gb-12gb-ram-violeta-1001569261/p
Promart,Smartphones,XIAOMI,CELULAR XIAOMI 17 12GB 512GB NEGRO,5299.0,4585.0,JA INNOVATION GROUP S.A.C,True,https://www.promart.pe/celular-xiaomi-17-12gb-512gb-negro-1001569251/p
Promart,Smartphones,XIAOMI,CELULAR XIAOMI 17 Ultra 16GB  512GB Verde Estelar,7999.0,6999.0,JA INNOVATION GROUP S.A.C,True,https://www.promart.pe/celular-xiaomi-17-ultra-16gb--512gb-verde-estelar-1001569192/p
Promart,Smartphones,SAMSUNG,SAMSUNG GALAXY S26 ULTRA 12RAM 512GB CELESTE,5900.0,4009.0,MarketcellExpress,True,https://www.promart.pe/samsung-galaxy-s26-ultra-12ram-512gb-celeste-1001569156/p
Promart,Smartphones,XIAOMI,CELULAR XIAOMI 17 Ultra 16GB 512GB NEGRO,8299.0,6999.0,JA INNOVATION GROUP S.A.C,True,https://www.promart.pe/celular-xiaomi-17-ultra-16gb-512gb-negro-1001569155/p
Promart,Smartphones,APPLE,IPHONE 17 PRO 5G 256GB ESIM - SILVER,5900.0,4759.0,MarketcellExpress,True,https://www.promart.pe/iphone-17-pro-5g-256gb-esim---silver-1001569150/p
Promart,Smartphones,APPLE,iPhone 11 Pro 256GB Plata - Grado B Reacondicionado,2999.0,1209.0,SMARTLEBEN,True,https://www.promart.pe/iphone-11-pro-256gb-plata---grado-b-reacondicionado-1001569011/p
Promart,Smartphones,APPLE,IPHONE 17 PRO 5G 256GB ESIM - AZUL,5900.0,4759.0,MarketcellExpress,True,https://www.promart.pe/iphone-17-pro-5g-256gb-esim---azul-1001569006/p
Promart,Smartphones,MOTOROLA,MG174256ARA01,799.0,619.0,HOLA COMUNICACION,True,https://www.promart.pe/celular-motorola-g17-4gb-ram-256gb-arandano-1001568246/p
Promart,Smartphones,APPLE,Iphone 17 pro 256 GB ESIM - SILVER,5699.0,4799.0,MANZANA MIA,True,https://www.promart.pe/iphone-17-pro-256-gb-esim---silver-1001567655/p
Promart,Smartphones,SAMSUNG,SAMSUNG A56,1899.0,1769.0,TodoFon Inversiones,True,https://www.promart.pe/samsung-a56-1001566532/p
Promart,Smartphones,SAMSUNG,Celular Samsung Galaxy A56 5G 256GB 8GB RAM - Negro,2799.0,1529.0,GRUPO LINEA HOGAR,True,https://www.promart.pe/celular-samsung-galaxy-a56-5g-256gb-8gb-ram-negro-1001566379/p
Promart,Smartphones,XIAOMI,Celular Xiaomi Redmi Note 15 128GB Negro,869.0,739.0,HolaPlaza,True,https://www.promart.pe/celular-xiaomi-redmi-note-15-128gb-negro-1001565929/p
Promart,Smartphones,XIAOMI,Celular Xiaomi Redmi Note 15 128GB Verde,869.0,739.0,HolaPlaza,True,https://www.promart.pe/celular-xiaomi-redmi-note-15-128gb-verde-1001565917/p
Promart,Smartphones,XIAOMI,Celular Xiaomi Redmi Note 15 128GB Azul,869.0,739.0,HolaPlaza,True,https://www.promart.pe/celular-xiaomi-redmi-note-15-128gb-azul-1001565860/p
Promart,Smartphones,XIAOMI,XIAOMI REDMI NOTE 15 PRO,1359.0,1219.0,TodoFon Inversiones,True,https://www.promart.pe/xiaomi-redmi-note-15-pro-1001565842/p
Promart,Smartphones,HONOR,HONOR X6C,799.0,734.0,TodoFon Inversiones,True,https://www.promart.pe/honor-x6c-1001565143/p
Promart,Smartphones,HONOR,HONOR X8D,1199.0,1109.0,TodoFon Inversiones,True,https://www.promart.pe/honor-x8d-1001565141/p
Promart,Smartphones,HONOR,HONOR 600e,1899.0,1774.0,TodoFon Inversiones,True,https://www.promart.pe/honor-600e-1001565133/p
Promart,Smartphones,HONOR,HONOR X7D,949.0,879.0,TodoFon Inversiones,True,https://www.promart.pe/honor-x7d-1001565119/p
Promart,Smartphones,HONOR,HONOR X9D,1700.0,1629.0,TodoFon Inversiones,True,https://www.promart.pe/honor-x9d-1001565066/p
Promart,Smartphones,HONOR,Honor X7e 256GB 6GB Naranja,1147.0,956.0,Celulares Peru Smart,True,https://www.promart.pe/honor-x7e-256gb-6gb-naranja-1001564885/p
Promart,Smartphones,HONOR,Honor 600e 512GB 8GB Grey,2031.0,1881.0,Celulares Peru Smart,True,https://www.promart.pe/honor-600e-512gb-8gb-grey-1001564731/p
Promart,Smartphones,MOTOROLA,Celular Motorola Moto G17 256GB 4GB RAM Azul,989.0,565.0,HolaPlaza,True,https://www.promart.pe/celular-motorola-moto-g17-256gb-4gb-ram-azul-1001564718/p
Promart,Smartphones,SAMSUNG,Samsung A27 5G 256GB 8GB Azul,1521.0,1408.0,Celulares Peru Smart,True,https://www.promart.pe/samsung-a27-5g-256gb-8gb-azul-1001564692/p
Promart,Smartphones,APPLE,"iPhone 12 Pro Max, Sin Face ID, Batería 79% 512GB 6GB Gris (REACONDICIONADO GRADO A+)",1985.0,1838.0,Celulares Peru Smart,True,https://www.promart.pe/iphone-12-pro-max-sin-face-id-bateria-79-512gb-6gb-gris-reacondicionado-grado-a-1001564666/p
Promart,Smartphones,APPLE,iPhone 16 Pro Max 256GB Seminuevo Desert Titanium - Incluye Mica Case y Cargador Ugreen de regalo,4000.0,3899.0,ZIPPORT,True,https://www.promart.pe/iphone-16-pro-max-256gb-seminuevo-desert-titanium-incluye-mica-case-y-cargador-ugreen-de-regalo-1001564362/p
Promart,Smartphones,APPLE,iPhone 16 Pro Max 256GB Seminuevo Natural Titanium - Incluye Mica Case y Cargador Ugreen de regalo,4000.0,3899.0,ZIPPORT,True,https://www.promart.pe/iphone-16-pro-max-256gb-seminuevo-natural-titanium-incluye-mica-case-y-cargador-ugreen-de-regalo-1001564348/p
Promart,Smartphones,SAMSUNG,Samsung A27 5G 256GB 8GB Lightpink,1521.0,1408.0,Celulares Peru Smart,True,https://www.promart.pe/samsung-a27-5g-256gb-8gb-lightpink-1001563624/p
Promart,Smartphones,HONOR,Honor Magic 7 Pro 512GB 12GB Shadow Grey,3843.0,3558.0,Celulares Peru Smart,True,https://www.promart.pe/honor-magic-7-pro-512gb-12gb-shadow-grey-1001563583/p
Promart,Smartphones,SAMSUNG,Samsung s26 512GB 12GB Cobaltviolet,4470.0,4139.0,Celulares Peru Smart,True,https://www.promart.pe/samsung-s26-512gb-12gb-cobaltviolet-1001563575/p
Promart,Smartphones,MOTOROLA,Motorola Razr 50 ULTRA + MOTO BUDS PLUS 512GB 12GB Azul Medianoche,3192.0,2956.0,Celulares Peru Smart,True,https://www.promart.pe/motorola-razr-50-ultra-moto-buds-plus-512gb-12gb-azul-medianoche-1001563564/p
Promart,Smartphones,HONOR,Honor 600e + choiche earbuds X7 lite 256GB 8GB Sprout Green,1996.0,1848.0,Celulares Peru Smart,True,https://www.promart.pe/honor-600e-choiche-earbuds-x7-lite-256gb-8gb-sprout-green-1001563523/p
Promart,Smartphones,XIAOMI,XIAOMI 17T 12GB-512GB VIOLETA,4000.0,4000.0,PHONE SPOT PERU,True,https://www.promart.pe/xiaomi-17t-12gb-512gb-violeta-1001556540/p
Promart,Smartphones,MOTOROLA,Celular Motorola G17 4GB 256GB Arandano,980.0,575.0,MI CEL PERU,True,https://www.promart.pe/celular-moto-g17-4gb-256gb-1001555971/p
Promart,Smartphones,XIAOMI,REDMI NOTE 15 4G 128GB 6RAM PURPURA,999.0,719.0,PRIME MOBILE EIRL,True,https://www.promart.pe/redmi-note-15-4g-128gb-6ram-purpura-1001554407/p
Promart,Smartphones,XIAOMI,XIAOMI POCO X8 PRO 256GB 8RAM BLACK,1918.0,1499.0,PRIME MOBILE EIRL,True,https://www.promart.pe/xiaomi-poco-x8-pro-256gb-8ram-black-1001554353/p
Promart,Smartphones,HONOR,CELULAR HONOR MAGIC7 LITE 512GB 8GB 108 MP TITANIUM PURPLE,1999.0,1499.0,ELECTRODOMESTICOS GALEXA,True,https://www.promart.pe/celular-honor-magic7-lite-512gb-8gb-108-mp-titanium-purple-1001554351/p
Promart,Smartphones,XIAOMI,Celular Xiaomi 12 8-256GB,1500.0,1350.0,Y TU LO QUIERES,True,https://www.promart.pe/celular-xiaomi-12-8-256gb-1001549142/p
Promart,Smartphones,XIAOMI,Xiaomi Poco F8 Pro 512gb 12gb Negro,2999.0,2449.0,Telcelperu,True,https://www.promart.pe/xiaomi-poco-f8-pro-512gb-12gb-negro-1001547869/p
Promart,Smartphones,XIAOMI,Xiaomi Poco F8 Ultra 512gb 16gb Negro,3959.0,3399.0,TelcelperuExpress,True,https://www.promart.pe/xiaomi-poco-f8-ultra-512gb-16gb-negro-1001547867/p
Promart,Smartphones,XIAOMI,Xiaomi Poco F8 Pro 512gb 12gb Negro,2899.0,2449.0,TelcelperuExpress,True,https://www.promart.pe/xiaomi-poco-f8-pro-512gb-12gb-negro-1001547830/p
Promart,Smartphones,XIAOMI,Xiaomi Poco F8 Ultra 512gb 16gb Denim Blue,3959.0,3399.0,Telcelperu,True,https://www.promart.pe/xiaomi-poco-f8-ultra-512gb-16gb-denim-blue-1001547799/p
Promart,Smartphones,XIAOMI,Xiaomi Poco F8 Ultra 512gb 16gb Negro,3959.0,3399.0,Telcelperu,True,https://www.promart.pe/xiaomi-poco-f8-ultra-512gb-16gb-negro-1001547784/p
Promart,Smartphones,XIAOMI,Xiaomi Poco F8 Ultra 512gb 16gb Denim Blue,3959.0,3399.0,TelcelperuExpress,True,https://www.promart.pe/xiaomi-poco-f8-ultra-512gb-16gb-denim-blue-1001547739/p
Promart,Smartphones,XIAOMI,Xiaomi Poco F8 Pro 512gb 12gb Azul,2999.0,2449.0,Telcelperu,True,https://www.promart.pe/xiaomi-poco-f8-pro-512gb-12gb-azul-1001547661/p
Promart,Smartphones,HONOR,HONOR X7D 256GB 8RAM NEGRO,999.0,815.0,PRIME MOBILE EIRL,True,https://www.promart.pe/honor-x7d-256gb-8ram-negro-1001543314/p
Promart,Smartphones,SAMSUNG,Celular Samsung Galaxy S25 Ultra 12GB RAM 512GB Chip + eSIM Titanium Silver Blue,5799.0,3899.0,GTECH X,True,https://www.promart.pe/celular-samsung-galaxy-s25-ultra-12gb-ram-512gb-chip-esim-titanium-silver-blue-1001543297/p
Promart,Smartphones,HONOR,HONOR MAGIC 8 LITE 5G 256GB 8RAM VERDE,1679.0,1475.0,PRIME MOBILE EIRL,True,https://www.promart.pe/honor-magic-8-lite-5g-256gb-8ram-verde-1001543239/p
Promart,Smartphones,HONOR,HONOR X6E 256GB 4RAM NEGRO,899.0,675.0,PRIME MOBILE EIRL,True,https://www.promart.pe/honor-x6e-256gb-4ram-negro-1001542636/p
Promart,Smartphones,SAMSUNG,Celular Samsung Galaxy S25 Ultra 12GB RAM 512GB Chip + eSIM Titanium Gray,5799.0,3899.0,GTECH X,True,https://www.promart.pe/celular-samsung-galaxy-s25-ultra-12gb-ram-512gb-chip-esim-titanium-gray-1001542524/p
Promart,Smartphones,HONOR,HONOR X9D 5G 512GB 8RAM NEGRO,1999.0,1525.0,PRIME MOBILE EIRL,True,https://www.promart.pe/honor-x9d-5g-512gb-8ram-negro-1001542241/p
Promart,Smartphones,HONOR,HONOR X6E 256GB 4RAM DORADO,899.0,675.0,PRIME MOBILE EIRL,True,https://www.promart.pe/honor-x6e-256gb-4ram-dorado-1001542211/p
Promart,Smartphones,HONOR,HONOR X7D 256GB 6RAM SILVER,999.0,785.0,PRIME MOBILE EIRL,True,https://www.promart.pe/honor-x7d-256gb-6ram-silver-1001542209/p
Promart,Smartphones,HONOR,HONOR MAGIC 8 LITE 5G 256GB 8RAM NEGRO,1679.0,1475.0,PRIME MOBILE EIRL,True,https://www.promart.pe/honor-magic-8-lite-5g-256gb-8ram-negro-1001542028/p
Promart,Smartphones,HONOR,HONOR X8D 256GB 8RAM GRIS,1545.0,1000.0,PRIME MOBILE EIRL,True,https://www.promart.pe/honor-x8d-256gb-8ram-gris-1001541550/p
Promart,Smartphones,HONOR,HONOR X8D 256GB 8RAM AZUL,1545.0,1000.0,PRIME MOBILE EIRL,True,https://www.promart.pe/honor-x8d-256gb-8ram-azul-1001541382/p
Promart,Smartphones,SAMSUNG,Celular Samsung Galaxy S25 Ultra 12GB RAM 512GB Chip + eSIM Titanium White Silver,5799.0,3899.0,GTECH X,True,https://www.promart.pe/celular-samsung-galaxy-s25-ultra-12gb-ram-512gb-chip-esim-titanium-white-silver-1001541372/p
Promart,Smartphones,MOTOROLA,Motorola Moto G9 Power 128GB 4GB Verde Granito,528.0,440.0,CELULARESPERUSMARTSAC,True,https://www.promart.pe/motorola-moto-g9-power-128gb-4gb-verde-granito-1001540384/p
Promart,Smartphones,APPLE,IPhone 17 PRO MAX 256gb CHIP FISICO - COSMIC ORANGE,7999.0,5299.0,Fox Móviles SAC,True,https://www.promart.pe/iphone-17-pro-max-256gb-chip-fisico-cosmic-orange-1001540353/p
Promart,Smartphones,HONOR,Celular HONOR X5c Plus 256GB Cian,699.0,565.0,HolaPlaza,True,https://www.promart.pe/celular-honor-x5c-plus-256gb-cian-1001540160/p
Promart,Smartphones,HONOR,Celular HONOR X5d 128GB Silver,599.0,439.0,HolaPlaza,True,https://www.promart.pe/celular-honor-x5d-128gb-silver-1001540159/p
Promart,Smartphones,XIAOMI,Xiaomi 17T PRO 512GB 12GB Violeta,3803.0,3521.0,CELULARESPERUSMARTSAC,True,https://www.promart.pe/xiaomi-17t-pro-512gb-12gb-violeta-1001540108/p
Promart,Smartphones,XIAOMI,Celular Xiaomi Redmi A7 Pro 4GB RAM 128 GB ROM - Negro,799.0,409.0,RAYKOV,True,https://www.promart.pe/celular-xiaomi-redmi-a7-pro-4gb-ram-128-gb-rom-negro-1001540106/p
Promart,Smartphones,HONOR,Honor X5C Plus 256GB 4GB Cyan,703.0,586.0,CELULARESPERUSMARTSAC,True,https://www.promart.pe/honor-x5c-plus-256gb-4gb-cyan-1001539937/p
Promart,Smartphones,APPLE,Celular Apple iPhone 15 128GB Versión Chip Blue,3199.0,2899.0,GTECH X,True,https://www.promart.pe/celular-apple-iphone-15-128gb-version-chip-blue-1001536183/p
Promart,Smartphones,APPLE,Celular Apple iPhone 17 Pro 256GB 120Hz eSIM Cosmic Orange,5499.0,4895.0,GTECH X,True,https://www.promart.pe/celular-apple-iphone-17-pro-256gb-120hz-esim-cosmic-orange-1001536174/p
Promart,Smartphones,APPLE,Celular Apple iPhone 15 128GB Versión Chip Black,3199.0,2899.0,GTECH X,True,https://www.promart.pe/celular-apple-iphone-15-128gb-version-chip-black-1001536160/p
Promart,Smartphones,MOTOROLA,Celular Motorola G MAX 256GB Gris,1599.0,1299.0,Oechsle,True,https://www.promart.pe/celular-motorola-g-max-256gb-gris-1001535452/p
Promart,Smartphones,MOTOROLA,Celular Motorola G47 128 GB Gris,999.0,779.0,Oechsle,True,https://www.promart.pe/celular-motorola-g47-128-gb-gris-1001535451/p
Promart,Smartphones,MOTOROLA,Celular Motorola G47 128 GB Azul,999.0,779.0,Oechsle,True,https://www.promart.pe/celular-motorola-g47-128-gb-azul-1001535450/p
Promart,Smartphones,XIAOMI,Xiaomi 17T Black 12GB RAM 512GB ROM + Tags,2799.0,2699.0,Oechsle,True,https://www.promart.pe/xiaomi-17t-black-12gb-ram-512gb-rom---tags-1001534264/p
Promart,Smartphones,XIAOMI,Xiaomi 17T Pro Deep Blue 12GB RAM 512GB ROM+ Tags,3499.0,3399.0,Oechsle,True,https://www.promart.pe/xiaomi-17t-pro-deep-blue-12gb-ram-512gb-rom--tags-1001534254/p
Promart,Smartphones,HONOR,Celular Honor 600e 8GB+512GB Desert Gold,2199.0,1899.0,Oechsle,True,https://www.promart.pe/honor-600e-8gb-512gb-desert-gold-1001534241/p
Promart,Smartphones,APPLE,982892719,3999.0,2549.0,Renation  Yurico EIRL,True,https://www.promart.pe/celular-iphone-16e-5g-128gb-camara-48mp-chip-fisico-md1r4bea-blanco-nuevo-1001533176/p
Promart,Smartphones,APPLE,IPhone 15 Plus 256gb Black A2846 - Condición Excelente,3200.0,3200.0,IAN STORE,True,https://www.promart.pe/iphone-15-plus-256gb-black-a2846-condicion-excelente-1001532917/p
Promart,Smartphones,HONOR,Honor Magic 8 Lite 512gb 8gb Dorado Amanecer,2059.0,1679.0,Moviles Eirl,True,https://www.promart.pe/honor-magic-8-lite-512gb-8gb-dorado-amanecer-1001532854/p
Promart,Smartphones,APPLE,IPhone 16 Pro 256gb Black Titanium Condición EXCELENTE A3083,4499.0,4499.0,IAN STORE,True,https://www.promart.pe/iphone-16-pro-256gb-black-titanium-condicion-excelente-a3083-1001532824/p
Promart,Smartphones,SAMSUNG,Celular Samsung Galaxy A07 128GB Negro,599.0,449.0,HolaPlaza,True,https://www.promart.pe/celular-samsung-galaxy-a07-128gb-negro-1001532812/p
Promart,Smartphones,XIAOMI,Celular Xiaomi Redmi A7 Pro 64GB 4GB RAM - Negro,799.0,419.0,GRUPO LINEA HOGAR,True,https://www.promart.pe/celular-xiaomi-redmi-a7-pro-64gb-4gb-ram-negro-1001532807/p
Promart,Smartphones,APPLE,iPhone 11 128GB Blanco - Grado A Reacondicionado,2499.0,1149.0,SMARTLEBEN,True,https://www.promart.pe/iphone-11-128gb-blanco-grado-a-reacondicionado-1001531989/p
Promart,Smartphones,APPLE,iPhone 11 128GB Morado - Grado A Reacondicionado,2499.0,1149.0,SMARTLEBEN,True,https://www.promart.pe/iphone-11-128gb-morado-grado-a-reacondicionado-1001531810/p
Promart,Smartphones,APPLE,iPhone 11 64GB Negro - Grado A Reacondicionado,1999.0,969.0,SMARTLEBEN,True,https://www.promart.pe/iphone-11-64gb-negro-grado-a-reacondicionado-1001531791/p
Promart,Smartphones,APPLE,iPhone 11 Pro 64GB Verde Medianoche - Grado A Reacondicionado,2799.0,1199.0,SMARTLEBEN,True,https://www.promart.pe/iphone-11-pro-64gb-verde-medianoche-grado-a-reacondicionado-1001531740/p
Promart,Smartphones,APPLE,iPhone 11 64GB Morado - Grado A Reacondicionado,1999.0,969.0,SMARTLEBEN,True,https://www.promart.pe/iphone-11-64gb-morado-grado-a-reacondicionado-1001531718/p
Promart,Smartphones,APPLE,iPhone 11 128GB Negro - Grado A Reacondicionado,2499.0,1149.0,SMARTLEBEN,True,https://www.promart.pe/iphone-11-128gb-negro-grado-a-reacondicionado-1001531289/p
Promart,Smartphones,APPLE,iPhone 11 64GB Blanco - Grado A Reacondicionado,1999.0,969.0,SMARTLEBEN,True,https://www.promart.pe/iphone-11-64gb-blanco-grado-a-reacondicionado-1001530988/p
Promart,Smartphones,HONOR,Honor X5c Plus 256GB 4GB Ram Silver,899.0,549.0,INFOTECSHOP,True,https://www.promart.pe/honor-x5c-plus-256gb-4gb-ram-silver-1001530872/p
Promart,Smartphones,HONOR,Honor X5c Plus 256GB 4GB Ram Negro,899.0,549.0,INFOTECSHOP,True,https://www.promart.pe/honor-x5c-plus-256gb-4gb-ram-negro-1001530824/p
Promart,Smartphones,HONOR,Honor X5c Plus 256GB 4GB Ram Azul,899.0,549.0,INFOTECSHOP,True,https://www.promart.pe/honor-x5c-plus-256gb-4gb-ram-azul-1001530798/p
Promart,Smartphones,APPLE,iPhone 16 Pro Max 256GB Seminuevo - Black Titanium,4000.0,3899.0,ZIPPORT,True,https://www.promart.pe/iphone-16-pro-max-256gb-seminuevo-black-titanium-1001529832/p
Promart,Smartphones,APPLE,REACONDICIONADO iPhone 16 Plus 128gb I Grado B I color NEGRO,4299.0,3669.0,Lolotec,True,https://www.promart.pe/reacondicionado-iphone-16-plus-128gb-i-grado-b-i-color-negro-1001529308/p
Promart,Smartphones,APPLE,iPhone 17 Pro Max 256GB Esim Silver con Cubo 20W,5999.0,5999.0,MIXELL,True,https://www.promart.pe/iphone-17-pro-max-256gb-esim-silver-con-cubo-20w-1001528135/p
Promart,Smartphones,APPLE,iPhone 17 Pro Max 256GB Esim Silver con Cubo 40W,5999.0,5999.0,MIXELL,True,https://www.promart.pe/iphone-17-pro-max-256gb-esim-silver-con-cubo-40w-1001528134/p
Promart,Smartphones,APPLE,iPhone 17 Pro Max 256GB Esim Silver con Mica,5999.0,5999.0,MIXELL,True,https://www.promart.pe/iphone-17-pro-max-256gb-esim-silver-con-mica-1001528133/p
Promart,Smartphones,MOTOROLA,Motorola Moto G06 128GB 4GB Ram Verde,799.0,449.0,INFOTECSHOP,True,https://www.promart.pe/motorola-moto-g06-128gb-4gb-ram-verde-1001527034/p
Promart,Smartphones,MOTOROLA,Motorola Moto G77 256GB 8GB Ram Negro,1499.0,949.0,INFOTECSHOP,True,https://www.promart.pe/motorola-moto-g77-256gb-8gb-ram-negro-1001527006/p
Promart,Smartphones,APPLE,IPHONE 17 - MIST BLUE - EN LISTA BLANCA,4500.0,3349.0,NEOSHOP IMPORTACIONES,True,https://www.promart.pe/iphone-17-de-256gb-esim-mist-blue-en-lista-blanca-1001526976/p
Promart,Smartphones,MOTOROLA,Motorola Moto G06 128GB 4GB Ram Azul,799.0,449.0,INFOTECSHOP,True,https://www.promart.pe/motorola-moto-g06-128gb-4gb-ram-azul-1001526799/p
Promart,Smartphones,MOTOROLA,Motorola Moto G06 256GB 4GB Ram Azul,899.0,489.0,INFOTECSHOP,True,https://www.promart.pe/motorola-moto-g06-256gb-4gb-ram-azul-1001526496/p
Promart,Smartphones,APPLE,IPHONE 17 256GB- BLACK - EN LISTA BLANCA,4500.0,3549.0,NEOSHOP IMPORTACIONES,True,https://www.promart.pe/iphone-17-de-256gb-esim-black-en-lista-blanca-1001525674/p
Promart,Smartphones,APPLE,iPhone 17E Negro 256GB,3199.0,2849.0,Plaza Vea,True,https://www.promart.pe/iphone-17e-negro-256gb-1001525202/p
Promart,Smartphones,APPLE,iPhone 17E Blanco 256GB,3199.0,2849.0,Plaza Vea,True,https://www.promart.pe/iphone-17e-blanco-256gb-1001525201/p
Promart,Smartphones,HONOR,"Smartphone HONOR X5D 6.74"" 4GB 128GB 50MP Silver",629.0,449.0,Plaza Vea,True,https://www.promart.pe/smartphone-honor-x5d-6-74--4gb-128gb-50mp-silver-1001525140/p
Promart,Smartphones,HONOR,"Smartphone HONOR 600 6.56"" 8GB 512GB 200 MP + 12 MP Black",2499.0,2399.0,Plaza Vea,True,https://www.promart.pe/smartphone-honor-600-6-56--8gb-512gb-200-mp---12-mp-black-1001525139/p
Promart,Smartphones,HONOR,"Smartphone HONOR 600 6.56"" 8GB 512GB 200 MP + 12 MP Golden",2499.0,2399.0,Plaza Vea,True,https://www.promart.pe/smartphone-honor-600-6-56--8gb-512gb-200-mp---12-mp-golden-1001525138/p
Promart,Smartphones,HONOR,"Smartphone HONOR X5D 6.74"" 4GB 128GB 50MP Negro",629.0,449.0,Plaza Vea,True,https://www.promart.pe/smartphone-honor-x5d-6-74--4gb-128gb-50mp-negro-1001525137/p
Promart,Smartphones,HONOR,"Smartphone HONOR 600E 6.6"" 8GB 512GB 108MP+5MP Grey",2199.0,1899.0,Plaza Vea,True,https://www.promart.pe/smartphone-honor-600e-6-6--8gb-512gb-108mp-5mp-grey-1001525136/p
Promart,Smartphones,HONOR,"Smartphone HONOR 600 Pro 6.56"" 12GB 512GB 200MP + 50MP + 12MP Black",3599.0,3499.0,Plaza Vea,True,https://www.promart.pe/smartphone-honor-600-pro-6-56--12gb-512gb-200mp---50mp---12mp-black-1001525134/p
Promart,Smartphones,HONOR,"Smartphone HONOR 600E 6.6"" 8GB 512GB 108MP+5MP Gold",2199.0,1899.0,Plaza Vea,True,https://www.promart.pe/smartphone-honor-600e-6-6--8gb-512gb-108mp-5mp-gold-1001525133/p
Promart,Smartphones,HONOR,"Smartphone HONOR 600E 6.6"" 8GB 512GB 108MP+5MP Green",2199.0,1899.0,Plaza Vea,True,https://www.promart.pe/smartphone-honor-600e-6-6--8gb-512gb-108mp-5mp-green-1001525132/p
Promart,Smartphones,HONOR,"Smartphone HONOR 600 6.56"" 8GB 512GB 200 MP + 12 MP Orange",2499.0,2399.0,Plaza Vea,True,https://www.promart.pe/smartphone-honor-600-6-56--8gb-512gb-200-mp---12-mp-orange-1001525131/p
Promart,Smartphones,HONOR,"Smartphone HONOR X5D 6.74"" 4GB 128GB 50MP Azul",629.0,449.0,Plaza Vea,True,https://www.promart.pe/smartphone-honor-x5d-6-74--4gb-128gb-50mp-azul-1001525129/p
Promart,Smartphones,MOTOROLA,"Smartphone MOTOROLA G47 6.78"" 4GB 128GB 50MP OIS + 8MP Wide + Flicker Gris",999.0,649.0,Plaza Vea,True,https://www.promart.pe/smartphone-motorola-g47-6-78--4gb-128gb-50mp-ois---8mp-wide---flicker-gris-1001525127/p
Promart,Smartphones,XIAOMI,"Smartphone XIAOMI Redmi A7 Pro 6.9"" 4GB 64GB 13MP Verde",499.0,399.0,Plaza Vea,True,https://www.promart.pe/smartphone-xiaomi-redmi-a7-pro-6-9--4gb-64gb-13mp-verde-1001525126/p
Promart,Smartphones,XIAOMI,"Smartphone XIAOMI Redmi A7 Pro 6.9"" 4GB 64GB 13MP Azul",499.0,399.0,Plaza Vea,True,https://www.promart.pe/smartphone-xiaomi-redmi-a7-pro-6-9--4gb-64gb-13mp-azul-1001525125/p
Promart,Smartphones,XIAOMI,"Smartphone XIAOMI Redmi A7 Pro 6.9"" 4GB 64GB 13MP Negro",499.0,399.0,Plaza Vea,True,https://www.promart.pe/smartphone-xiaomi-redmi-a7-pro-6-9--4gb-64gb-13mp-negro-1001525124/p
Promart,Smartphones,APPLE,iPhone 16 eSIM 128GB Negro,3939.49,3939.49,AKANA TECHNOLOGY,True,https://www.promart.pe/iphone-16-esim-128gb-negro-1001524989/p
Promart,Smartphones,APPLE,iPhone 14 eSIM 128GB 6GB Midnigh,2352.19,2352.19,AKANA TECHNOLOGY,True,https://www.promart.pe/iphone-14-esim-128gb-6gb-midnigh-1001524837/p
Promart,Smartphones,APPLE,iPhone 14 eSIM 128GB 6GB Purpura,2352.19,2352.19,AKANA TECHNOLOGY,True,https://www.promart.pe/iphone-14-esim-128gb-6gb-purpura-1001524818/p
Promart,Smartphones,SAMSUNG,Samsung S25 ULTRA 512GB 12GB Titanium Silverblue,5093.89,5093.89,AKANA TECHNOLOGY,True,https://www.promart.pe/samsung-s25-ultra-512gb-12gb-titanium-silverblue-1001524694/p
Promart,Smartphones,XIAOMI,REDMI NOTE 15 4G 256GB 8RAM AZUL,1099.0,830.0,PRIME MOBILE EIRL,True,https://www.promart.pe/redmi-note-15-4g-256gb-8ram-azul-1001524498/p
Promart,Smartphones,XIAOMI,POCO C85 128GB 6RAM VERDE,659.0,540.0,PRIME MOBILE EIRL,True,https://www.promart.pe/poco-c85-128gb-6ram-verde-1001524483/p
Promart,Smartphones,XIAOMI,REDMI A5 64GB 3RAM DORADO,499.0,385.0,PRIME MOBILE EIRL,True,https://www.promart.pe/redmi-a5-64gb-3ram-dorado-1001524482/p
Promart,Smartphones,XIAOMI,XIAOMI 17T 5G 512GB 12RAM VIOLETA,3259.0,2455.0,PRIME MOBILE EIRL,True,https://www.promart.pe/xiaomi-17t-5g-512gb-12ram-violeta-1001524474/p
Promart,Smartphones,XIAOMI,XIAOMI 17T 5G 512GB 12RAM AZUL,3259.0,2455.0,PRIME MOBILE EIRL,True,https://www.promart.pe/xiaomi-17t-5g-512gb-12ram-azul-1001524469/p
Promart,Smartphones,XIAOMI,REDMI A5 128GB 4RAMDORADO,529.0,459.0,PRIME MOBILE EIRL,True,https://www.promart.pe/redmi-a5-128gb-4ramdorado-1001524460/p
Promart,Smartphones,XIAOMI,XIAOMI 17T PRO 5G 512GB 12RAM VIOLETA,4499.0,3100.0,PRIME MOBILE EIRL,True,https://www.promart.pe/xiaomi-17t-pro-5g-512gb-12ram-violeta-1001524448/p
Promart,Smartphones,XIAOMI,REDMI A7 64GB 3RAM NEGRO,599.0,375.0,PRIME MOBILE EIRL,True,https://www.promart.pe/redmi-a7-64gb-3ram-negro-1001524444/p
Promart,Smartphones,XIAOMI,XIAOMI 17T 5G 512GB 12RAM NEGRO,3259.0,2515.0,PRIME MOBILE EIRL,True,https://www.promart.pe/xiaomi-17t-5g-512gb-12ram-negro-1001524440/p
Promart,Smartphones,XIAOMI,Xiaomi 17t Pro 512gb 12gb Ram Negro,3529.0,2999.0,Telcelperu,True,https://www.promart.pe/xiaomi-17t-pro-512gb-12gb-ram-negro-1001524345/p
Promart,Smartphones,XIAOMI,Xiaomi 17t Pro 512gb 12gb Ram Negro,3529.0,2999.0,Moviles Eirl,True,https://www.promart.pe/xiaomi-17t-pro-512gb-12gb-ram-negro-1001524341/p
Promart,Smartphones,XIAOMI,Xiaomi 17t Pro 512gb 12gb Ram Negro,3529.0,2999.0,TelcelperuExpress,True,https://www.promart.pe/xiaomi-17t-pro-512gb-12gb-ram-negro-1001524323/p
Promart,Smartphones,APPLE,iPhone 15 128GB Negro - Grado A Reacondicionado,4599.0,2099.0,SMARTLEBEN,True,https://www.promart.pe/iphone-15-128gb-negro-grado-a-reacondicionado-1001524249/p
Promart,Smartphones,REDMI,Redmi A7 Pro 64Gb 4Ram Palm Green Registrado Verde 128 GB,699.0,385.0,PRIME MOBILE EIRL,True,https://www.promart.pe/redmi-a7-pro-64gb-4ram-palm-green-registrado-1001524185/p
Promart,Smartphones,REDMI,Redmi A7 Pro 64Gb 4Ram Negro Registrado Negro 64 GB,699.0,385.0,PRIME MOBILE EIRL,True,https://www.promart.pe/redmi-a7-pro-64gb-4ram-negro-registrado-1001524111/p
Promart,Smartphones,XIAOMI,Xiaomi Redmi Note 15 Pro 5G 512GB 8GB Ram Negro y Smartwatch - Audífonos,2899.0,1699.0,INFOTECSHOP,True,https://www.promart.pe/xiaomi-redmi-note-15-pro-5g-512gb-8gb-ram-negro-y-smartwatch-audifonos-1001523670/p
Promart,Smartphones,SAMSUNG,Samsung Galaxy A57 5G 256GB 8GB Ram Dark Blue,2999.0,1829.0,INFOTECSHOP,True,https://www.promart.pe/samsung-galaxy-a57-5g-256gb-8gb-ram-dark-blue-1001523666/p
Promart,Smartphones,SAMSUNG,Samsung Galaxy A57 5G 256GB 8GB Ram Dark Blue y Adaptador USB-C Samsung Original 25W,3099.0,1929.0,INFOTECSHOP,True,https://www.promart.pe/samsung-galaxy-a57-5g-256gb-8gb-ram-dark-blue-y-adaptador-usb-c-samsung-original-25w-1001523654/p
Promart,Smartphones,XIAOMI,Xiaomi Redmi Note 15 Pro 5G 512GB 8GB Ram Negro,2799.0,1599.0,INFOTECSHOP,True,https://www.promart.pe/xiaomi-redmi-note-15-pro-5g-512gb-8gb-ram-negro-1001523593/p
Promart,Smartphones,HONOR,CELULAR HONOR X7D 8GB 256GB AZUL,1380.0,789.0,MILLENNIALS MOBILE,True,https://www.promart.pe/celular-honor-x7d-8gb-256gb-azul-1001523309/p
Promart,Smartphones,HONOR,CELULAR HONOR X7D 8GB 256GB GRIS,1380.0,789.0,MILLENNIALS MOBILE,True,https://www.promart.pe/celular-honor-x7d-8gb-256gb-gris-1001523214/p
Promart,Smartphones,HONOR,CELULAR HONOR X7D 8GB 256GB NEGRO,1380.0,789.0,MILLENNIALS MOBILE,True,https://www.promart.pe/celular-honor-x7d-8gb-256gb-negro-1001523034/p
Promart,Smartphones,HONOR,CELULAR HONOR X5D 4GB 128GB AZUL,879.0,445.0,MILLENNIALS MOBILE,True,https://www.promart.pe/celular-honor-x5d-4gb-128gb-azul-1001522867/p
Promart,Smartphones,HONOR,CELULAR HONOR X5D 4GB 128GB GRIS,879.0,445.0,MILLENNIALS MOBILE,True,https://www.promart.pe/celular-honor-x5d-4gb-128gb-gris-1001522844/p
Promart,Smartphones,HONOR,CELULAR HONOR X5D 4GB 128GB NEGRO,879.0,445.0,MILLENNIALS MOBILE,True,https://www.promart.pe/celular-honor-x5d-4gb-128gb-negro-1001522828/p
Promart,Smartphones,XIAOMI,Xiaomi Poco X8 Pro 512gb 8gb Verde Menta,2128.0,1599.0,TelcelperuExpress,True,https://www.promart.pe/xiaomi-poco-x8-pro-512gb-8gb-verde-menta-1001522713/p
Promart,Smartphones,HONOR,Celular Honor X6c 6gb 256gb blanco,799.0,799.0,Marketcell,True,https://www.promart.pe/celular-honor-x6c-6gb-256gb-blanco-1001522392/p
Promart,Smartphones,XIAOMI,Celular Xiaomi Redmi A7 Pro 128GB 4GB RAM cámara 13MP negro,699.0,399.0,CARSA,True,https://www.promart.pe/celular-xiaomi-redmi-a7-pro-128gb-4gb-ram-camara-13mp-negro-1001522104/p
Promart,Smartphones,XIAOMI,Celular Xiaomi Redmi A7 Pro 128GB 4GB RAM Cámara 13MP Azul,699.0,399.0,CARSA,True,https://www.promart.pe/celular-xiaomi-redmi-a7-pro-128gb-4gb-ram-camara-13mp-azul-1001522103/p
Promart,Smartphones,MOTOROLA,Celular Motorola Moto G17 128GB 4GB RAM 50MP arándano,999.0,799.0,CARSA,True,https://www.promart.pe/celular-motorola-moto-g17-128gb-4gb-ram-50mp-arandano-1001522100/p
Promart,Smartphones,HONOR,Celular Honor Magic8 Lite 256GB 8GB RAM 108MP black,1699.0,1399.0,CARSA,True,https://www.promart.pe/celular-honor-magic8-lite-256gb-8gb-ram-108mp-black-1001522098/p
Promart,Smartphones,XIAOMI,Celular Xiaomi 17T Pro 512GB 12GB RAM negro,3699.0,3259.0,CARSA,True,https://www.promart.pe/celular-xiaomi-17t-pro-512gb-12gb-ram-negro-1001521133/p
Promart,Smartphones,XIAOMI,Celular Xiaomi 17T Pro 512GB 12GB RAM azul,3699.0,3259.0,CARSA,True,https://www.promart.pe/celular-xiaomi-17t-pro-512gb-12gb-ram-azul-1001516266/p
Promart,Smartphones,XIAOMI,Celular Xiaomi 17T 512GB 12GB RAM 50MP púrpura,2999.0,2599.0,CARSA,True,https://www.promart.pe/celular-xiaomi-17t-512gb-12gb-ram-50mp-purpura-1001516265/p
Promart,Smartphones,HONOR,Celular Honor X8d 256GB 8GB RAM cámara 108MP velvet grey,1199.0,959.0,CARSA,True,https://www.promart.pe/celular-honor-x8d-256gb-8gb-ram-camara-108mp-velvet-grey-1001516263/p
Promart,Smartphones,HONOR,Celular Honor 600e 256GB 8GB RAM cámara 108MP velvet grey mas Earbuds X7 Lite,1999.0,1639.0,CARSA,True,https://www.promart.pe/celular-honor-600e-256gb-8gb-ram-camara-108mp-velvet-grey-mas-earbuds-x7-lite-1001516262/p
Promart,Smartphones,XIAOMI,Celular Xiaomi 17T 512GB 12GB RAM 50MP negro,2999.0,2599.0,CARSA,True,https://www.promart.pe/celular-xiaomi-17t-512gb-12gb-ram-50mp-negro-1001516239/p
Promart,Smartphones,SAMSUNG,Celular Samsung Galaxy S26 Ultra 5G 512GB 12GB RAM Cámara 200MP violeta,8779.0,5199.0,CARSA,True,https://www.promart.pe/celular-samsung-galaxy-s26-ultra-5g-512gb-12gb-ram-camara-200mp-violeta-1001516226/p
Promart,Smartphones,APPLE,Celular Apple iPhone 17 5G 256GB 8GB RAM 48MP Blanco,4499.0,3449.0,CARSA,True,https://www.promart.pe/celular-apple-iphone-17-5g-256gb-8gb-ram-48mp-blanco-1001516224/p
Promart,Smartphones,HONOR,Celular Honor 600 Pro 512GB 12GB RAM cámara 200MP black mas Watch 2i,3599.0,3169.0,CARSA,True,https://www.promart.pe/celular-honor-600-pro-512gb-12gb-ram-camara-200mp-black-mas-watch-2i-1001516223/p
Promart,Smartphones,SAMSUNG,Celular Samsung Galaxy A57 5G 256GB 8GB RAM cámara 50MP dark blue,2199.0,1699.0,CARSA,True,https://www.promart.pe/celular-samsung-galaxy-a57-5g-256gb-8gb-ram-camara-50mp-dark-blue-1001516183/p
Promart,Smartphones,HONOR,Celular Honor X7D 256GB 8GB RAM 108MP velvet black,849.0,749.0,CARSA,True,https://www.promart.pe/celular-honor-x7d-256gb-8gb-ram-108mp-velvet-black-1001516175/p
Promart,Smartphones,APPLE,Celular Apple iPhone 15 5G 128GB 6GB RAM 48MP negro,3499.0,2599.0,CARSA,True,https://www.promart.pe/celular-apple-iphone-15-5g-128gb-6gb-ram-48mp-negro-1001516162/p
Promart,Smartphones,HONOR,Honor Magic 8 Lite 512gb 8gb Verde Bosque,2059.0,1679.0,Telcelperu,True,https://www.promart.pe/honor-magic-8-lite-512gb-8gb-verde-bosque-1001515653/p
Promart,Smartphones,HONOR,Honor Magic 8 Lite 512gb 8gb Negro Medianoche,2059.0,1679.0,Telcelperu,True,https://www.promart.pe/honor-magic-8-lite-512gb-8gb-negro-medianoche-1001515599/p
Promart,Smartphones,HONOR,Honor Magic 8 Lite 512gb 8gb Verde Bosque,2059.0,1679.0,TelcelperuExpress,True,https://www.promart.pe/honor-magic-8-lite-512gb-8gb-verde-bosque-1001515590/p
Promart,Smartphones,SAMSUNG,Celular Samsung Galaxy A57 5G 8GB - 256GB Gray,2599.0,1999.0,JA INNOVATION GROUP S.A.C,True,https://www.promart.pe/celular-samsung-galaxy-a57-5g-8gb---256gb-gray-1001515535/p
Promart,Smartphones,HONOR,Honor Magic 8 Lite 512gb 8gb Verde Bosque,2059.0,1679.0,Moviles Eirl,True,https://www.promart.pe/honor-magic-8-lite-512gb-8gb-verde-bosque-1001515488/p
Promart,Smartphones,HONOR,Honor Magic 8 Lite 512gb 8gb Negro Medianoche,2059.0,1679.0,TelcelperuExpress,True,https://www.promart.pe/honor-magic-8-lite-512gb-8gb-negro-medianoche-1001515455/p
Promart,Smartphones,HONOR,Honor Magic 8 Lite 512gb 8gb Dorado Amanecer,2059.0,1679.0,Telcelperu,True,https://www.promart.pe/honor-magic-8-lite-512gb-8gb-dorado-amanecer-1001515444/p
Promart,Smartphones,HONOR,Honor Magic 8 Lite 512gb 8gb Negro Medianoche,2059.0,1679.0,Moviles Eirl,True,https://www.promart.pe/honor-magic-8-lite-512gb-8gb-negro-medianoche-1001515438/p
Promart,Smartphones,HONOR,Honor X5C 128Gb 4Ram Plata Meteoro Registrado Plateado 128 GB,699.0,479.0,PRIME MOBILE EIRL,True,https://www.promart.pe/honor-x5c-128gb-4ram-plata-meteoro-registrado-1001514854/p
Promart,Smartphones,APPLE,Celular Apple iPhone 17 256GB Chip Fisico 120Hz White,4799.0,4399.0,GTECH X,True,https://www.promart.pe/celular-apple-iphone-17-256gb-chip-fisico-120hz-white-1001514763/p
Promart,Smartphones,APPLE,Celular Apple iPhone 17 256GB Chip Fisico 120Hz Lavender,4799.0,3999.0,GTECH X,True,https://www.promart.pe/celular-apple-iphone-17-256gb-chip-fisico-120hz-lavender-1001514759/p
Promart,Smartphones,APPLE,Celular Apple iPhone 17 256GB Chip Fisico 120Hz Black,4799.0,3999.0,GTECH X,True,https://www.promart.pe/celular-apple-iphone-17-256gb-chip-fisico-120hz-black-1001514751/p
Promart,Smartphones,XIAOMI,Xiaomi 17T 512gb 12gb Ram Violeta,2999.0,2549.0,Moviles Eirl,True,https://www.promart.pe/xiaomi-17t-512gb-12gb-ram-violeta-1001514519/p
Promart,Smartphones,XIAOMI,Xiaomi 17T 512gb 12gb Ram Azul,2999.0,2549.0,Telcelperu,True,https://www.promart.pe/xiaomi-17t-512gb-12gb-ram-azul-1001514506/p
Promart,Smartphones,XIAOMI,Xiaomi 17T 512gb 12gb Ram Azul,2999.0,2549.0,TelcelperuExpress,True,https://www.promart.pe/xiaomi-17t-512gb-12gb-ram-azul-1001514500/p
Promart,Smartphones,XIAOMI,Xiaomi 17T 512gb 12gb Ram Violeta,2999.0,2549.0,Telcelperu,True,https://www.promart.pe/xiaomi-17t-512gb-12gb-ram-violeta-1001514471/p
Promart,Smartphones,XIAOMI,Xiaomi 17T 512gb 12gb Ram Violeta,2999.0,2549.0,TelcelperuExpress,True,https://www.promart.pe/xiaomi-17t-512gb-12gb-ram-violeta-1001514466/p
Promart,Smartphones,XIAOMI,Xiaomi 17T 512gb 12gb Ram Azul,2999.0,2549.0,Moviles Eirl,True,https://www.promart.pe/xiaomi-17t-512gb-12gb-ram-azul-1001514452/p
Promart,Smartphones,SAMSUNG,Samsung A07 4Ram 128Gb Black Registrado Negro 128 GB,699.0,500.0,PRIME MOBILE EIRL,True,https://www.promart.pe/samsung-a07-4ram-128gb-black-registrado-1001514344/p
Promart,Smartphones,XIAOMI,CELULAR XIAOMI 15T 12RAM 512GB NEGRO REGISTRADO,3000.0,2059.0,PRIME MOBILE EIRL,True,https://www.promart.pe/celular-xiaomi-15t-12ram-512gb-negro-registrado-1001514337/p
Promart,Smartphones,REDMI,Celular Redmi Note 15 4G 128Gb 6Ram Negro Registrado Negro 128 GB,1029.0,719.0,PRIME MOBILE EIRL,True,https://www.promart.pe/celular-redmi-note-15-4g-128gb-6ram-negro-registrado-1001514318/p
Promart,Smartphones,REDMI,Redmi A5 - 64Gb 3Ram Midnight Black  Registrado Negro 64 GB,499.0,385.0,PRIME MOBILE EIRL,True,https://www.promart.pe/redmi-a5-64gb-3ram-midnight-black-registrado-1001514311/p
Promart,Smartphones,MOTOROLA,Celular Motorola G06 4GB 256GB Marron,623.24,460.0,MI CEL PERU,True,https://www.promart.pe/celular-motorola-g06-4gb-256gb-marron-1001514293/p
Promart,Smartphones,MOTOROLA,Celular Motorola G06 4GB 256GB Azul,623.24,479.9,MI CEL PERU,True,https://www.promart.pe/celular-motorola-g06-4gb-256gb-azul-1001514292/p
Promart,Smartphones,HONOR,Honor X8D 256Gb 8Ram Negro Terciopelo Registrado Negro 256 GB,1399.0,1000.0,PRIME MOBILE EIRL,True,https://www.promart.pe/honor-x8d-256gb-8ram-negro-terciopelo-registrado-1001514223/p
Promart,Smartphones,HONOR,Celular HONOR 600e 8GB 512GB LNA-NX3 - Verde,2199.0,2199.0,SanyPeru,True,https://www.promart.pe/celular-honor-600e-8gb-512gb-lna-nx3-verde-1001513491/p
Promart,Smartphones,HONOR,Celular HONOR X5d 4GB 128GB NAA-LX3 - Azul,629.0,629.0,SanyPeru,True,https://www.promart.pe/celular-honor-x5d-4gb-128gb-naa-lx3-azul-1001513232/p
Promart,Smartphones,HONOR,Celular Honor 200 5g Dual Sim Phone 12 Gb Ram 256 Gb Rom Black Negro,1623.9,1189.0,MI CEL PERU,True,https://www.promart.pe/celular-honor-200-5g-dual-sim-phone-12-gb-ram-256-gb-rom-black-negro-1001513228/p
Promart,Smartphones,HONOR,Celular HONOR 600e 8GB 512GB LNA-NX3 - Dorado,2199.0,2199.0,SanyPeru,True,https://www.promart.pe/celular-honor-600e-8gb-512gb-lna-nx3-dorado-1001513224/p
Promart,Smartphones,REDMI,Celular XIAOMI Redmi Note 14 4g 6 Gb 128 Gb Blue Eu,838.9,605.0,MI CEL PERU,True,https://www.promart.pe/celular-xiaomi-redmi-note-14-4g-6-gb-128-gb-blue-eu-1001513217/p
Promart,Smartphones,HONOR,Celular HONOR X5d 4GB 128GB NAA-LX3 - Negro,629.0,629.0,SanyPeru,True,https://www.promart.pe/celular-honor-x5d-4gb-128gb-naa-lx3-negro-1001513214/p
Promart,Smartphones,HONOR,Celular HONOR X5d 4GB 128GB NAA-LX3 - Silver,629.0,629.0,SanyPeru,True,https://www.promart.pe/celular-honor-x5d-4gb-128gb-naa-lx3-silver-1001513203/p
Promart,Smartphones,HONOR,Celular HONOR 600 8GB 512GB VKJ-NX9 Naranja,2599.0,2599.0,SanyPeru,True,https://www.promart.pe/celular-honor-600-8gb-512gb-vkj-nx9-naranja-1001513198/p
Promart,Smartphones,HONOR,Celular HONOR 600 Pro 12GB 512GB VKP-NX9 Dorado,3999.0,3999.0,SanyPeru,True,https://www.promart.pe/celular-honor-600-pro-12gb-512gb-vkp-nx9-dorado-1001513194/p
Promart,Smartphones,HONOR,Celular HONOR 600e 8GB 512GB LNA-NX3 - Gris,2199.0,2199.0,SanyPeru,True,https://www.promart.pe/celular-honor-600e-8gb-512gb-lna-nx3-gris-1001513192/p
Promart,Smartphones,HONOR,Celular HONOR 600 Pro 12GB 512GB VKP-NX9 Black,3999.0,3999.0,SanyPeru,True,https://www.promart.pe/celular-honor-600-pro-12gb-512gb-vkp-nx9-black-1001513169/p
Promart,Smartphones,HONOR,Celular HONOR 600 8GB 512GB VKJ-NX9 Golden,2599.0,2599.0,SanyPeru,True,https://www.promart.pe/celular-honor-600-8gb-512gb-vkj-nx9-golden-1001513167/p
Promart,Smartphones,HONOR,Celular HONOR 600 8GB 512GB VKJ-NX9 Negro,2599.0,2599.0,SanyPeru,True,https://www.promart.pe/celular-honor-600-8gb-512gb-vkj-nx9-negro-1001513164/p
Promart,Smartphones,XIAOMI,CELULAR XIAOMI REDMI A7 3RAM 64GB AZUL,899.0,499.0,Ofertec,True,https://www.promart.pe/celular-xiaomi-redmi-a7-3ram-64gb-azul-1001512707/p
Promart,Smartphones,XIAOMI,CELULAR XIAOMI 17T PRO 5G 12RAM 512GB VIOLETA,4999.0,3599.0,Ofertec,True,https://www.promart.pe/celular-xiaomi-17t-pro-5g-12ram-512gb-violeta-1001512695/p
Promart,Smartphones,XIAOMI,CELULAR XIAOMI REDMI A7 3RAM 64GB NEGRO,899.0,499.0,Ofertec,True,https://www.promart.pe/celular-xiaomi-redmi-a7-3ram-64gb-negro-1001512691/p
Promart,Smartphones,XIAOMI,CELULAR XIAOMI 17T PRO 5G 12RAM 512GB NEGRO,4999.0,3599.0,Ofertec,True,https://www.promart.pe/celular-xiaomi-17t-pro-5g-12ram-512gb-negro-1001512634/p
Promart,Smartphones,XIAOMI,CELULAR XIAOMI 17T PRO 5G 12RAM 512GB AZUL,4999.0,3599.0,Ofertec,True,https://www.promart.pe/celular-xiaomi-17t-pro-5g-12ram-512gb-azul-1001512615/p
Promart,Smartphones,XIAOMI,CELULAR XIAOMI NOTE 15 256 GB 8GB RAM VERDE,1999.0,999.0,Ofertec,True,https://www.promart.pe/celular-xiaomi-note-15-256-gb-8gb-ram-verde-1001512587/p
Promart,Smartphones,XIAOMI,CELULAR XIAOMI 17T 5G 12RAM 512GB NEGRO,3999.0,2799.0,Ofertec,True,https://www.promart.pe/celular-xiaomi-17t-5g-12ram-512gb-negro-1001512578/p
Promart,Smartphones,XIAOMI,CELULAR XIAOMI 17T 5G 12RAM 512GB AZUL,3999.0,2799.0,Ofertec,True,https://www.promart.pe/celular-xiaomi-17t-5g-12ram-512gb-azul-1001512563/p
Promart,Smartphones,XIAOMI,Xiaomi Redmi 15C 256GB 4GB Ram Color Azul y Smartwatch - Audifonos,999.0,669.0,INFOTECSHOPExpress,True,https://www.promart.pe/xiaomi-redmi-15c-256gb-4gb-ram-color-azul-y-smartwatch-audifonos-1001512495/p
Promart,Smartphones,APPLE,Iphone 17 Pro Max ESIM 256GB Naranja,7649.0,5999.0,F MOBILE TECH,True,https://www.promart.pe/iphone-17-pro-max-esim-256gb-naranja-1001511859/p
Promart,Smartphones,SAMSUNG,Samsung Galaxy A37 5G 8RAM 256GB Negro,2399.0,1779.0,F MOBILE TECH,True,https://www.promart.pe/samsung-galaxy-a37-5g-8ram-256gb-negro-1001511664/p
Promart,Smartphones,APPLE,iPhone 17e Soft Pink 256GB,3899.0,3099.0,Oechsle,True,https://www.promart.pe/iphone-17e-soft-pink-256gb-1001511100/p
Promart,Smartphones,APPLE,iPhone 17e Black 256GB,3899.0,3099.0,Oechsle,True,https://www.promart.pe/iphone-17e-black-256gb-1001511099/p
Promart,Smartphones,APPLE,iPhone 17e White 256GB,3899.0,3099.0,Oechsle,True,https://www.promart.pe/iphone-17e-white-256gb-1001511097/p
Promart,Smartphones,SAMSUNG,Celular Samsung Galaxy A07 4GB RAM 128 GB Negro,623.25,475.0,MI CEL PERU,True,https://www.promart.pe/celular-samsung-galaxy-a07-4gb-ram-128-gb-negro-1001509511/p
Promart,Smartphones,XIAOMI,REDMI NOTE 15 PRO 8GB - 256GB,1119.0,1089.0,20 PRO,True,https://www.promart.pe/redmi-note-15-pro-8gb-256gb-1001509223/p
Promart,Smartphones,XIAOMI,Celular Xiaomi 17T 5G 512GB 12GB RAM Camara Leica Registrado Violeta,3999.0,2799.0,Ofertec,True,https://www.promart.pe/celular-xiaomi-17t-5g-512gb-12gb-ram-camara-leica-registrado-violeta-1001509196/p
Promart,Smartphones,XIAOMI,REDMI 15C 8GB-256GB COLOR NEGRO,699.0,649.0,20 PRO,True,https://www.promart.pe/redmi-15c-8gb-256gb-color-negro-1001509185/p
Promart,Smartphones,HONOR,Honor X7D 256Gb 8Ram Nuevo En Caja  Registrado Plateado 256 GB,1199.0,815.0,PRIME MOBILE EIRL,True,https://www.promart.pe/honor-x7d-256gb-8ram-nuevo-en-caja-registrado-1001508953/p
Promart,Smartphones,HONOR,Celular Honor 600 5G 6.57 Pulg 8GB RAM 256GB MagicOS 10 - Dorado Platino,4200.0,2200.0,JA INNOVATION GROUP S.A.C,True,https://www.promart.pe/celular-honor-600-5g-6-57-pulg-8gb-ram-256gb-magicos-10-dorado-platino-1001508833/p
Promart,Smartphones,APPLE,"iPhone 12 Pro Max, Sin Face ID, Batería 100% 512GB 6GB Gray (REACONDICIONADO GRADO A+)",2124.0,1967.0,Celulares Peru Smart,True,https://www.promart.pe/iphone-12-pro-max-sin-face-id-bateria-100-512gb-6gb-gray-reacondicionado-grado-a-1001508305/p
Promart,Smartphones,APPLE,REACONDICIONADO iPhone 16 Pro Max 256gb I Grado A I color  Negro,5298.0,5054.0,Lolotec,True,https://www.promart.pe/reacondicionado-iphone-16-pro-max-256gb-i-grado-a-i-color-negro-1001508301/p
Promart,Smartphones,APPLE,iPhone 17 Pro Max C/CHIP 256GB 12GB Deep Blue (REACONDICIONADO GRADO A+),5922.0,5483.0,Celulares Peru Smart,True,https://www.promart.pe/iphone-17-pro-max-c-chip-256gb-12gb-deep-blue-reacondicionado-grado-a-1001508162/p
Promart,Smartphones,APPLE,iPhone 14 Plus eSIM 256GB 6GB Black (REACONDICIONADO GRADO A+),2496.0,2311.0,Celulares Peru Smart,True,https://www.promart.pe/iphone-14-plus-esim-256gb-6gb-black-reacondicionado-grado-a-1001508155/p
Promart,Smartphones,APPLE,iPhone 16 C/CHIP 128GB 8GB Negro (REACONDICIONADO GRADO A+),3041.0,2816.0,Celulares Peru Smart,True,https://www.promart.pe/iphone-16-c-chip-128gb-8gb-negro-reacondicionado-grado-a-1001508143/p
Promart,Smartphones,HONOR,Celular Honor X5C Plus 4 + 256GB Midnight Black,569.0,459.0,Oechsle,True,https://www.promart.pe/celular-honor-x5c-plus-4---256gb-midnight-black-1001507615/p
Promart,Smartphones,XIAOMI,Celular Redmi A7 Pro Black 4GB RAM + 128GB ROM,549.0,429.0,Oechsle,True,https://www.promart.pe/celular-redmi-a7-pro-black-4gb-ram---128gb-rom-1001507609/p
Promart,Smartphones,MOTOROLA,Celular Motorola RAZR 70 Fold 16GB + 1TB,9499.0,6999.0,Oechsle,True,https://www.promart.pe/celular-motorola-razr-70-fold-16gb---1tb-1001507606/p
Promart,Smartphones,MOTOROLA,Celular Motorola Signature 16GB +1TB Negro,4999.0,3999.0,Oechsle,True,https://www.promart.pe/celular-motorola-signature-16gb--1tb-negro-1001507605/p
Promart,Smartphones,MOTOROLA,Celular Motorola Moto G77 8 + 256Gb Negro,1199.0,1049.0,Oechsle,True,https://www.promart.pe/celular-motorola-moto-g77-8---256gb-negro-1001507604/p
Promart,Smartphones,XIAOMI,Celular Xiaomi 17 Ultra 16GB RAM 512GB ROM Star Green,5999.0,5499.0,Oechsle,True,https://www.promart.pe/celular-xiaomi-17-ultra-16gb-ram-512gb-rom-star-green-1001507602/p
Promart,Smartphones,MOTOROLA,Celular Motorola RAZR 70 12GB + 512GB Gris,3699.0,2999.0,Oechsle,True,https://www.promart.pe/celular-motorola-razr-70-12gb---512gb-gris-1001507601/p
Promart,Smartphones,HONOR,Celular Honor 600 Pro 12GB + 512GB Black + Choice Watch 2i,3599.0,3499.0,Oechsle,True,https://www.promart.pe/celular-honor-600-pro-12gb---512gb-black---choice-watch-2i-1001507598/p
Promart,Smartphones,HONOR,Celular Honor Magic 8 Lite 8 + 512Gb Red + Headphones Pro,1899.0,1699.0,Oechsle,True,https://www.promart.pe/celular-honor-magic-8-lite-8---512gb-red---headphones-pro-1001507597/p
Promart,Smartphones,HONOR,Celular Honor 600 8GB + 512GB Golden,2499.0,2399.0,Oechsle,True,https://www.promart.pe/celular-honor-600-8gb---512gb-golden-1001507594/p
Promart,Smartphones,HONOR,Celular Honor X5C Plus 4 + 256GB Meteor Silver,569.0,459.0,Oechsle,True,https://www.promart.pe/celular-honor-x5c-plus-4---256gb-meteor-silver-1001507591/p
Promart,Smartphones,MOTOROLA,Celular Motorola Moto G77 8 + 256Gb Esmeralda,1199.0,1049.0,Oechsle,True,https://www.promart.pe/celular-motorola-moto-g77-8---256gb-esmeralda-1001507588/p
Promart,Smartphones,MOTOROLA,Celular Motorola Moto G17 4 + 256Gb Rosa,699.0,669.0,Oechsle,True,https://www.promart.pe/celular-motorola-moto-g17-4---256gb-rosa-1001507587/p
Promart,Smartphones,MOTOROLA,Celular Motorola Moto G67  4 + 256Gb Gris,899.0,849.0,Oechsle,True,https://www.promart.pe/celular-motorola-moto-g67--4---256gb-gris-1001507586/p
Promart,Smartphones,MOTOROLA,Celular Motorola Moto G17 4 + 128Gb Rosa,649.0,449.0,Oechsle,True,https://www.promart.pe/celular-motorola-moto-g17-4---128gb-rosa-1001507584/p
Promart,Smartphones,MOTOROLA,Celular Motorola Moto G17 4 + 128Gb Arandano,649.0,449.0,Oechsle,True,https://www.promart.pe/celular-motorola-moto-g17-4---128gb-arandano-1001507581/p
Promart,Smartphones,MOTOROLA,Celular Motorola Moto Edge 70 Fusion 8 + 256Gb Azul,1599.0,1429.0,Oechsle,True,https://www.promart.pe/celular-motorola-moto-edge-70-fusion-8---256gb-azul-1001507579/p
Promart,Smartphones,MOTOROLA,Celular Motorola Moto G67 4 + 256Gb Lima,899.0,849.0,Oechsle,True,https://www.promart.pe/celular-motorola-moto-g67-4---256gb-lima-1001507578/p
Promart,Smartphones,XIAOMI,Celular Xiaomi 17 Ultra 16GB RAM 512GB ROM Black,5999.0,5499.0,Oechsle,True,https://www.promart.pe/celular-xiaomi-17-ultra-16gb-ram-512gb-rom-black-1001507575/p
Promart,Smartphones,HONOR,Celular Honor 600 8GB + 512GB Black,2499.0,2399.0,Oechsle,True,https://www.promart.pe/celular-honor-600-8gb---512gb-black-1001507571/p
Promart,Smartphones,MOTOROLA,Celular Motorola Moto Edge 70 Fusion  8 + 256Gb Celeste,1599.0,1429.0,Oechsle,True,https://www.promart.pe/celular-motorola-moto-edge-70-fusion--8---256gb-celeste-1001507570/p
Promart,Smartphones,XIAOMI,Celular Redmi A7 Pro Green 4GB RAM + 128GB ROM,549.0,429.0,Oechsle,True,https://www.promart.pe/celular-redmi-a7-pro-green-4gb-ram---128gb-rom-1001507565/p
Promart,Smartphones,SAMSUNG,Smartphone Samsung Galaxy S26 512GB Black SM-S942BZKVLTP,5399.0,5399.0,Oechsle,True,https://www.promart.pe/smartphone-samsung-galaxy-s26-512gb-black-sm-s942bzkvltp-1001507509/p
Promart,Smartphones,APPLE,IPHONE 17 PRO MAX - SILVER - EN LISTA BLANCA,6800.0,4779.0,NEOSHOP IMPORTACIONES,True,https://www.promart.pe/iphone-17-pro-max-de-256gb-esim-silver-1001506669/p
Promart,Smartphones,XIAOMI,Xiaomi Poco X8 Pro Iron Man Edition 512gb 12gb Ram,2889.0,2399.0,Moviles Eirl,True,https://www.promart.pe/xiaomi-poco-x8-pro-iro-man-edition-512gb-12gb-ram-1001506615/p
Promart,Smartphones,APPLE,IPHONE 17 PRO- SILVER - EN LISTA BLANCA,6000.0,6000.0,NEOSHOP IMPORTACIONES,True,https://www.promart.pe/iphone-17-pro-de-256gb-esim-silver-1001506605/p
Promart,Smartphones,APPLE,IPHONE 17 PRO- DEEPBLUE - EN LISTA BLANCA,6000.0,4799.0,NEOSHOP IMPORTACIONES,True,https://www.promart.pe/iphone-17-pro-de-256gb-esim-deepblue-1001506591/p
Promart,Smartphones,APPLE,IPHONE 17 DE 256GB ESIM - GREEN - EN LISTA BLANCA,4500.0,3349.0,NEOSHOP IMPORTACIONES,True,https://www.promart.pe/iphone-17-de-256gb-esim-green-1001506567/p
Promart,Smartphones,XIAOMI,Xiaomi Poco X8 Pro Iron Man Edition 512gb 12gb Ram,2889.0,2399.0,Telcelperu,True,https://www.promart.pe/xiaomi-poco-x8-pro-iro-man-edition-512gb-12gb-ram-1001506424/p
Promart,Smartphones,XIAOMI,Xiaomi Poco X8 Pro Iron Man Edition 512gb 12gb Ram,2889.0,2399.0,TelcelperuExpress,True,https://www.promart.pe/xiaomi-poco-x8-pro-iro-man-edition-512gb-12gb-ram-1001506307/p
Promart,Smartphones,XIAOMI,Xiaomi Poco C85 128GB 6GB Verde,677.0,564.0,CELULARESPERUSMARTSAC,True,https://www.promart.pe/xiaomi-poco-c85-128gb-6gb-verde-1001505830/p
Promart,Smartphones,XIAOMI,Xiaomi Poco X8 Pro Max 256GB 12GB Azul,2217.0,2053.0,CELULARESPERUSMARTSAC,True,https://www.promart.pe/xiaomi-poco-x8-pro-max-256gb-12gb-azul-1001505730/p
Promart,Smartphones,SAMSUNG,Smartphone Samsung Galaxy S26 256GB 12GB RAM 5G Galaxy AI 50MP pantalla AMOLED negro incluye regalo,3699.0,3699.0,Techpro Store,True,https://www.promart.pe/smartphone-samsung-galaxy-s26-256gb-12gb-ram-5g-galaxy-ai-50mp-pantalla-amoled-negro-incluye-regalo-1001505698/p
Promart,Smartphones,XIAOMI,Xiaomi 17T Pro 5G 12Gb Ram Azul 1Tb con Mica Hidrogel Registrado,5499.0,4149.0,M&M CELULARES,True,https://www.promart.pe/xiaomi-17t-pro-5g-12gb-ram-azul-1tb-con-mica-hidrogel-registrado-1001505676/p
Promart,Smartphones,XIAOMI,Xiaomi 17T Pro 5G 12Gb Ram Negro 1Tb con Mica Hidrogel Registrado,5499.0,4149.0,M&M CELULARES,True,https://www.promart.pe/xiaomi-17t-pro-5g-12gb-ram-negro-1tb-con-mica-hidrogel-registrado-1001505639/p
Promart,Smartphones,XIAOMI,Xiaomi 17T Pro 5G 12Gb Ram 1Tb Color Negro con Mica Hidrogel Registrado,5499.0,4149.0,TECH HUB,True,https://www.promart.pe/xiaomi-17t-pro-5g-12gb-ram-1tb-color-negro-con-mica-hidrogel-registrado-1001505631/p
Promart,Smartphones,XIAOMI,Xiaomi 17T Pro 5G 12Gb Ram 1Tb Color Azul con Mica Hidrogel Registrado,5499.0,4149.0,TECH HUB,True,https://www.promart.pe/xiaomi-17t-pro-5g-12gb-ram-1tb-color-azul-con-mica-hidrogel-registrado-1001505619/p
Promart,Smartphones,SAMSUNG,Samsung S21 Plus 5G 128GB 8GB Silver,1407.0,1303.0,CELULARESPERUSMARTSAC,True,https://www.promart.pe/samsung-s21-plus-5g-128gb-8gb-silver-1001505601/p
Promart,Smartphones,HONOR,Honor X9D 512GB 8GB Negro,1701.0,1575.0,CELULARESPERUSMARTSAC,True,https://www.promart.pe/honor-x9d-512gb-8gb-negro-1001505569/p
Promart,Smartphones,MOTOROLA,Motorola G17 128GB 4GB Rosa,716.0,597.0,CELULARESPERUSMARTSAC,True,https://www.promart.pe/motorola-g17-128gb-4gb-rosa-1001505443/p
Promart,Smartphones,APPLE,iPhone 17 Pro Max 256GB Apple Orange mas Regalo,6999.0,5179.0,Techpro Store,True,https://www.promart.pe/iphone-17-pro-max-apple-camara-profesional-5g-face-id-orange-registrado-en-osiptel-con-regalo-1001505428/p
Promart,Smartphones,APPLE,Celular Apple iPhone 17 Pro Max 256GB eSIM Chip A19 Pro Silver,6799.0,4859.0,GTECH X,True,https://www.promart.pe/celular-apple-iphone-17-pro-max-256gb-esim-chip-a19-pro-silver-1001505126/p
Promart,Smartphones,XIAOMI,Celular Xiaomi 17T Pro 5G 12GB 512GB Negro - Cámara Leica y batería 7000mah,4299.0,3499.0,Mi Tienda,True,https://www.promart.pe/celular-xiaomi-17t-pro-5g-12gb-512gb-negro-camara-leica-y-bateria-7000mah-1001504366/p
Promart,Smartphones,APPLE,iPhone 15 128GB Rosa - Grado A Reacondicionado,4599.0,2099.0,SMARTLEBEN,True,https://www.promart.pe/iphone-15-128gb-rosa-grado-a-reacondicionado-1001504316/p
Promart,Smartphones,MOTOROLA,CELULAR MOTOROLA MOTO G17 4GB RAM 256GB ROM - ARANDANO,1299.0,699.0,D´TEEC-TECNOLOGÍA ELECTRO,True,https://www.promart.pe/celular-motorola-moto-g17-4gb-ram-256gb-rom-arandano-1001504032/p
Promart,Smartphones,MOTOROLA,CELULAR MOTOROLA MOTO G17 4GB RAM 256GB ROM - ARANDANO,1299.0,699.0,IMPORT CASO E.I.R.L.,True,https://www.promart.pe/celular-motorola-moto-g17-4gb-ram-256gb-rom-arandano-1001503897/p
Promart,Smartphones,MOTOROLA,CELULAR MOTOROLA MOTO G17 4GB RAM 256GB ROM - ARANDANO,1299.0,699.0,RP INVERSIONES,True,https://www.promart.pe/celular-motorola-moto-g17-4gb-ram-256gb-rom-arandano-1001503894/p
Promart,Smartphones,XIAOMI,Celular Xiaomi 17T 12GB RAM 512GB ROM Azul - Cámara Leica,3599.0,2799.0,Mi Tienda,True,https://www.promart.pe/celular-xiaomi-17t-12gb-ram-512gb-rom-azul-camara-leica-1001503616/p
Promart,Smartphones,XIAOMI,Celular Xiaomi 17T 12GB RAM 512GB ROM Negro - Cámara Leica,3599.0,2799.0,Mi Tienda,True,https://www.promart.pe/celular-xiaomi-17t-12gb-ram-512gb-rom-negro-camara-leica-1001503609/p
Promart,Smartphones,XIAOMI,Celular Xiaomi 17T Pro 5G 12GB 512GB Violeta Oscuro - Cámara Leica,4299.0,3499.0,Mi Tienda,True,https://www.promart.pe/celular-xiaomi-17t-pro-5g-12gb-512gb-violeta-oscuro-camara-leica-1001503445/p
Promart,Smartphones,XIAOMI,Celular Xiaomi 17T Pro 5G 12GB 512GB Azul Oscuro - Cámara Leica y Batería de 7000mah,4299.0,3499.0,Mi Tienda,True,https://www.promart.pe/celular-xiaomi-17t-pro-5g-12gb-512gb-azul-oscuro-camara-leica-1001503444/p
Promart,Smartphones,XIAOMI,Celular Xiaomi 17T 12GB RAM 512GB ROM Violeta - Cámara Leica,3599.0,2799.0,Mi Tienda,True,https://www.promart.pe/celular-xiaomi-17t-12gb-ram-512gb-rom-violeta-camara-leica-1001503440/p
Promart,Smartphones,APPLE,Celular Apple iPhone 15 128GB eSIM Blue,3199.0,2899.0,GTECH X,True,https://www.promart.pe/celular-apple-iphone-15-128gb-esim-blue-1001502649/p
Promart,Smartphones,MOTOROLA,MOTOROLA G06 4RAM 128GB AZUL,899.0,429.0,SMART TECH RB,True,https://www.promart.pe/motorola-g06-4ram-128gb-azul-1001502633/p
Promart,Smartphones,HONOR,HONOR X8D 8RAM 256GB NEGRO,1299.0,989.0,SMART TECH RB,True,https://www.promart.pe/honor-x8d-8ram-256gb-negro-1001502625/p
Promart,Smartphones,HONOR,HONOR X7D 8RAM 256GB PLATEADO,999.0,779.0,SMART TECH RB,True,https://www.promart.pe/honor-x7d-8ram-256gb-plateado-1001502603/p
Promart,Smartphones,APPLE,Celular Apple iPhone 17 256GB eSIM 120Hz White,4799.0,3899.0,GTECH X,True,https://www.promart.pe/celular-apple-iphone-17-256gb-esim-120hz-white-1001502569/p
Promart,Smartphones,APPLE,Celular Apple iPhone 17 256GB eSIM 120Hz Black,4799.0,3899.0,GTECH X,True,https://www.promart.pe/celular-apple-iphone-17-256gb-esim-120hz-black-1001502551/p
Promart,Smartphones,MOTOROLA,MOTOROLA G04S 4RAM 128GB NEGRO,699.0,419.0,SMART TECH RB,True,https://www.promart.pe/motorola-g04s-4ram-128gb-negro-1001502482/p
Promart,Smartphones,HONOR,HONOR X8D 8RAM 256GB AZUL,1299.0,989.0,SMART TECH RB,True,https://www.promart.pe/honor-x8d-8ram-256gb-azul-1001502418/p
Promart,Smartphones,MOTOROLA,MOTOROLA G04S 4RAM 128GB  NEGRO,599.0,439.0,RRJ ELECTRONICS,True,https://www.promart.pe/motorola-g04s-4ram-128gb-negro-1001502056/p
Promart,Smartphones,HONOR,HONOR X7D 8RAM 256GB PLATEADO,999.0,779.0,RRJ ELECTRONICS,True,https://www.promart.pe/honor-x7d-8ram-256gb-plateado-1001501994/p
Promart,Smartphones,HONOR,HONOR X7D 8RAM 256GB NEGRO,999.0,849.0,SMART TECH RB,True,https://www.promart.pe/honor-x7d-8ram-256gb-negro-1001501984/p
Promart,Smartphones,MOTOROLA,MOTOROLA G06 4RAM 128GB AZUL,799.0,419.0,RRJ ELECTRONICS,True,https://www.promart.pe/motorola-g06-4ram-128gb-azul-1001501699/p
Promart,Smartphones,MOTOROLA,MOTOROLA G06 4RAM 128GB AZUL,799.0,429.0,RD HOME TECH,True,https://www.promart.pe/motorola-g06-4ram-128gb-azul-1001501632/p
Promart,Smartphones,MOTOROLA,MOTOROLA G04S 4RAM 128GB  NEGRO,799.0,419.0,RD HOME TECH,True,https://www.promart.pe/motorola-g04s-4ram-128gb-negro-1001501518/p
Promart,Smartphones,HONOR,HONOR X8D 8RAM 256GB NEGRO,1200.0,989.0,RD HOME TECH,True,https://www.promart.pe/honor-x8d-8ram-256gb-negro-1001501468/p
Promart,Smartphones,HONOR,HONOR X8D 8RAM 256GB AZUL,1299.0,989.0,RD HOME TECH,True,https://www.promart.pe/honor-x8d-8ram-256gb-azul-1001501467/p
Promart,Smartphones,HONOR,HONOR X8D 8RAM 256GB  AZUL,1299.0,999.0,RRJ ELECTRONICS,True,https://www.promart.pe/honor-x8d-8ram-256gb-azul-1001501461/p
Promart,Smartphones,HONOR,HONOR X8D 8RAM 256GB NEGRO,1299.0,1299.0,RRJ ELECTRONICS,True,https://www.promart.pe/honor-x8d-8ram-256gb-negro-1001501450/p
Promart,Smartphones,HONOR,HONOR X7D 8RAM 256GB PLATEADO,999.0,779.0,RD HOME TECH,True,https://www.promart.pe/honor-x7d-8ram-256gb-plateado-1001501426/p
Promart,Smartphones,HONOR,HONOR X7D 8RAM 256GB NEGRO,999.0,789.0,RD HOME TECH,True,https://www.promart.pe/honor-x7d-8ram-256gb-negro-1001501401/p
Promart,Smartphones,HONOR,HONOR X7D 8RAM 256GB NEGRO,999.0,779.0,RRJ ELECTRONICS,True,https://www.promart.pe/honor-x7d-8ram-256gb-negro-1001501374/p
Promart,Smartphones,HONOR,HONOR X7D 6RAM 256GB AZUL CYAN,1099.0,829.0,SMART TECH RB,True,https://www.promart.pe/honor-x7d-6ram-256gb-azul-cyan-1001498201/p
Promart,Smartphones,HONOR,HONOR X7D 6RAM 256GB NEGRO,1189.0,829.0,RD HOME TECH,True,https://www.promart.pe/honor-x7d-6ram-256gb-negro-1001498115/p
Promart,Smartphones,HONOR,HONOR X7D 6RAM 256GB NEGRO,1099.0,829.0,SMART TECH RB,True,https://www.promart.pe/honor-x7d-6ram-256gb-negro-1001498049/p
Promart,Smartphones,SAMSUNG,Celular Samsung Galaxy A57 5G 256GB 8GB RAM Lila,2500.0,1738.0,Rincon4GSameday,True,https://www.promart.pe/celular-samsung-galaxy-a57-5g-256gb-8gb-ram-lila-1001497810/p
Promart,Smartphones,HONOR,HONOR X7D 6RAM 256GB AZUL CYAN,1099.0,829.0,RD HOME TECH,True,https://www.promart.pe/honor-x7d-6ram-256gb-azul-cyan-1001497452/p
Promart,Smartphones,HONOR,HONOR X7D 6RAM 256GB AZUL CYAN,1099.0,1099.0,RRJ ELECTRONICS,True,https://www.promart.pe/honor-x7d-6ram-256gb-azul-cyan-1001497435/p
Promart,Smartphones,HONOR,Honor X9d 5g 256gb 8gb Ram Rojo Cobrizo,1749.0,1299.0,Moviles Eirl,True,https://www.promart.pe/honor-x9d-5g-256gb-8gb-ram-rojo-cobrizo-1001497319/p
Promart,Smartphones,SAMSUNG,Celular Samsung Galaxy A57 5G 256GB 8GB RAM Azul oscuro,2500.0,1738.0,Rincon4GSameday,True,https://www.promart.pe/celular-samsung-galaxy-a57-5g-256gb-8gb-ram-azul-oscuro-1001497281/p
Promart,Smartphones,HONOR,HONOR MAGIC 8 LITE 8RAM 512GB DORADO,1899.0,1899.0,RRJ ELECTRONICS,True,https://www.promart.pe/honor-magic-8-lite-8ram-512gb-dorado-1001497036/p
Promart,Smartphones,HONOR,HONOR X7D 6RAM 256GB NEGRO,1099.0,1099.0,RRJ ELECTRONICS,True,https://www.promart.pe/honor-x7d-6ram-256gb-negro-1001496994/p
Promart,Smartphones,HONOR,Honor X9d 5g 256gb 8gb Ram Rojo Cobrizo,1749.0,1299.0,TelcelperuExpress,True,https://www.promart.pe/honor-x9d-5g-256gb-8gb-ram-rojo-cobrizo-1001496974/p
Promart,Smartphones,HONOR,Honor X9d 5g 256gb 8gb Ram Rojo Cobrizo,1749.0,1299.0,Telcelperu,True,https://www.promart.pe/honor-x9d-5g-256gb-8gb-ram-rojo-cobrizo-1001496940/p
Promart,Smartphones,XIAOMI,"Smartphone XIAOMI 17T 6.59"" 12GB 512GB 50MP Negro",2799.0,2798.0,Plaza Vea,True,https://www.promart.pe/smartphone-xiaomi-17t-6-59--12gb-512gb-50mp-negro-1001496087/p
Promart,Smartphones,XIAOMI,Smartphone XIAOMI 17 Ultra 6.9'' 16GB 512GB 50MP Black,5999.0,5299.0,Plaza Vea,True,https://www.promart.pe/smartphone-xiaomi-17-ultra-6-9---16gb-512gb-50mp-black-1001496085/p
Promart,Smartphones,XIAOMI,Smartphone XIAOMI 17T PRO 6.8'' 12GB 512GB 50MP Negro,3499.0,3498.0,Plaza Vea,True,https://www.promart.pe/smartphone-xiaomi-17t-pro-6-8---12gb-512gb-50mp-negro-1001496084/p
Promart,Smartphones,XIAOMI,Smartphone XIAOMI 17T PRO 6.8'' 12GB 512GB 50MP Azul,3499.0,3498.0,Plaza Vea,True,https://www.promart.pe/smartphone-xiaomi-17t-pro-6-8---12gb-512gb-50mp-azul-1001496081/p
Promart,Smartphones,XIAOMI,"Smartphone XIAOMI 17T 6.59"" 12GB 512GB 50MP Violeta",2799.0,2798.0,Plaza Vea,True,https://www.promart.pe/smartphone-xiaomi-17t-6-59--12gb-512gb-50mp-violeta-1001496077/p
Promart,Smartphones,MOTOROLA,"Smartphone MOTOROLA G77 6.8"" 8GB 256GB 108MP+8MP Negro",999.0,849.0,Plaza Vea,True,https://www.promart.pe/smartphone-motorola-g77-6-8--8gb-256gb-108mp-8mp-negro-1001496069/p
Promart,Smartphones,SAMSUNG,SAMSUNG GALAXY A37 8GB RAM 256GB NEGRO,1599.0,1459.0,Marketcell,True,https://www.promart.pe/samsung-galaxy-a37-8gb-ram-256gb-negro-1001495918/p
Promart,Smartphones,SAMSUNG,SAMSUNG GALAXY A37 8GB RAM 256GB VERDE,1599.0,1399.0,Marketcell,True,https://www.promart.pe/samsung-galaxy-a37-8gb-ram-256gb-verde-1001495889/p
Promart,Smartphones,APPLE,Iphone 17 5G 256GB Edición eSIM Negro,5999.0,3659.0,MEGACEL PERU,True,https://www.promart.pe/iphone-17-5g-256gb-edicion-esim-negro-1001494963/p
Promart,Smartphones,APPLE,Iphone 17 5G 256GB Edición eSIM Verde,5999.0,3649.0,MEGACEL PERU,True,https://www.promart.pe/iphone-17-5g-256gb-edicion-esim-verde-1001494460/p
Promart,Smartphones,APPLE,Iphone 17 5G 256GB Edición eSIM Azul,5999.0,3659.0,MEGACEL PERU,True,https://www.promart.pe/iphone-17-5g-256gb-edicion-esim-azul-1001494449/p
Promart,Smartphones,XIAOMI,Xiaomi 17T Pro 12RAM 512GB Azul,3999.0,3479.0,F MOBILE TECH,True,https://www.promart.pe/xiaomi-17t-pro-12ram-512gb-azul-1001494401/p
Promart,Smartphones,XIAOMI,Xiaomi 17T Pro 12RAM 512GB Violeta,3999.0,3479.0,F MOBILE TECH,True,https://www.promart.pe/xiaomi-17t-pro-12ram-512gb-violeta-1001493724/p
Promart,Smartphones,HONOR,CELULAR HONOR X8D 8GB 256GB AZUL CON VASO TERMICO HONOR,1489.0,979.0,MILLENNIALS MOBILE,True,https://www.promart.pe/celular-honor-x8d-8gb-256gb-azul-1001493687/p
Promart,Smartphones,HONOR,Honor Magic 8 Pro 5G 12Gb Ram 512Gb Rom Color Sky Cyan con Mica Hidrogel,5599.0,4749.0,TECH HUB,True,https://www.promart.pe/honor-magic-8-pro-5g-12gb-ram-512gb-rom-color-sky-cyan-con-mica-hidrogel-1001493638/p
Promart,Smartphones,APPLE,Iphone 17 5G 256GB Edición eSIM Lavanda,5999.0,3659.0,MEGACEL PERU,True,https://www.promart.pe/iphone-17-5g-256gb-edicion-esim-lavanda-1001493629/p
Promart,Smartphones,APPLE,Iphone 17 5G 256GB Edición eSIM Verde,5999.0,3649.0,GI ALPACA PERU,True,https://www.promart.pe/iphone-17-5g-256gb-edicion-esim-verde-1001493616/p
Promart,Smartphones,XIAOMI,Xiaomi 17T 5G 12RAM 512GB Azul,2999.0,2789.0,F MOBILE TECH,True,https://www.promart.pe/xiaomi-17t-5g-12ram-512gb-azul-1001493589/p
Promart,Smartphones,XIAOMI,Xiaomi 17T 5G 12RAM 512GB Violeta,2999.0,2789.0,F MOBILE TECH,True,https://www.promart.pe/xiaomi-17t-5g-12ram-512gb-violeta-1001493588/p
Promart,Smartphones,APPLE,Iphone 17 5G 256GB Edición eSIM Negro,5999.0,3679.0,GI ALPACA PERU,True,https://www.promart.pe/iphone-17-5g-256gb-edicion-esim-negro-1001493566/p
Promart,Smartphones,XIAOMI,Xiaomi 17T Pro 12RAM 512GB Negro,3999.0,3479.0,F MOBILE TECH,True,https://www.promart.pe/xiaomi-17t-pro-12ram-512gb-negro-1001493563/p
Promart,Smartphones,APPLE,Iphone 17 5G 256GB Edición eSIM Lavanda,5999.0,3649.0,GI ALPACA PERU,True,https://www.promart.pe/iphone-17-5g-256gb-edicion-esim-lavanda-1001493556/p
Promart,Smartphones,XIAOMI,Xiaomi 17T 5G 12RAM 512GB Negro,2999.0,2789.0,F MOBILE TECH,True,https://www.promart.pe/xiaomi-17t-5g-12ram-512gb-negro-1001493548/p
Promart,Smartphones,APPLE,Iphone 17 5G 256GB Edición eSIM Azul,5999.0,3649.0,GI ALPACA PERU,True,https://www.promart.pe/iphone-17-5g-256gb-edicion-esim-azul-1001493545/p
Promart,Smartphones,APPLE,Iphone 17 5G 256GB Edición eSIM Blanco,5999.0,3649.0,GI ALPACA PERU,True,https://www.promart.pe/iphone-17-5g-256gb-edicion-esim-blanco-1001493517/p
Promart,Smartphones,XIAOMI,REDMI 15C 4RAM 128GB AZUL,788.0,499.0,SMART TECH RB,True,https://www.promart.pe/redmi-15c-4ram-128gb-azul-1001493316/p
Promart,Smartphones,XIAOMI,CELULAR REDMI 15C 4RAM 128GB  AZUL,866.0,499.0,RRJ ELECTRONICS,True,https://www.promart.pe/-celular-redmi-15c-4ram-128gb-azul-1001493314/p
Promart,Smartphones,XIAOMI,Xiaomi 17T Pro 5G 12Gb Ram 512Gb Rom Color Negro con Mica Hidrogel Registrado,4299.0,3149.0,TECH HUB,True,https://www.promart.pe/xiaomi-17t-pro-5g-12gb-ram-512gb-rom-color-negro-con-mica-hidrogel-registrado-1001492997/p
Promart,Smartphones,XIAOMI,Xiaomi 17T 5G 12Gb Ram 512Gb Rom Color Azul con Mica Hidrogel Registrado,3399.0,3399.0,TECH HUB,True,https://www.promart.pe/xiaomi-17t-5g-12gb-ram-512gb-rom-color-azul-con-mica-hidrogel-registrado-1001492981/p
Promart,Smartphones,XIAOMI,Xiaomi 17T 5G 12Gb Ram 512Gb Rom Color Violeta con Mica Hidrogel Registrado,3399.0,3399.0,TECH HUB,True,https://www.promart.pe/xiaomi-17t-5g-12gb-ram-512gb-rom-color-violeta-con-mica-hidrogel-registrado-1001492979/p
Promart,Smartphones,XIAOMI,Xiaomi 17T Pro 5G 12Gb Ram Negro 512Gb Rom con Mica Hidrogel Registrado,4299.0,3149.0,M&M CELULARES,True,https://www.promart.pe/xiaomi-17t-pro-5g-12gb-ram-negro-512gb-rom-con-mica-hidrogel-registrado-1001492976/p
Promart,Smartphones,HONOR,Honor 600 Pro 12Gb Ram 512Gb Rom Color Black con Mica Hidrogel Registrado,3999.0,3399.0,TECH HUB,True,https://www.promart.pe/honor-600-pro-12gb-ram-512gb-rom-color-black-con-mica-hidrogel-registrado-1001492973/p
Promart,Smartphones,HONOR,Honor 600 Pro 12Gb Ram Black 512Gb Rom con Mica Hidrogel Registrado,3999.0,3399.0,M&M CELULARES,True,https://www.promart.pe/honor-600-pro-12gb-ram-black-512gb-rom-con-mica-hidrogel-registrado-1001492969/p
Promart,Smartphones,XIAOMI,Xiaomi 17T 5G 12Gb Ram Azul 512Gb Rom con Mica Hidrogel Registrado,3399.0,2499.0,M&M CELULARES,True,https://www.promart.pe/xiaomi-17t-5g-12gb-ram-azul-512gb-rom-con-mica-hidrogel-registrado-1001492936/p
Promart,Smartphones,XIAOMI,Xiaomi 17T 5G 12Gb Ram Violeta 512Gb Rom con Mica Hidrogel Registrado,3399.0,2499.0,M&M CELULARES,True,https://www.promart.pe/xiaomi-17t-5g-12gb-ram-violeta-512gb-rom-con-mica-hidrogel-registrado-1001492913/p
Promart,Smartphones,SAMSUNG,Celular Samsung Galaxy A37 5G 8GB 256GB Negro,2999.0,1729.0,GI ALPACA PERU,True,https://www.promart.pe/celular-samsung-galaxy-a37-5g-8gb-256gb-negro-1001488830/p
Promart,Smartphones,SAMSUNG,Celular SAMSUNG Galaxy S25 Ultra 5G 12GB 1TB Gray,7599.0,4499.0,GI ALPACA PERU,True,https://www.promart.pe/celular-samsung-galaxy-s25-ultra-5g-12gb-1tb-gray-1001488789/p
Promart,Smartphones,SAMSUNG,Celular Samsung Galaxy A57 5G 8GB 256GB Azul Hielo,3499.0,1929.0,GI ALPACA PERU,True,https://www.promart.pe/celular-samsung-galaxy-a57-5g-8gb-256gb-azul-hielo-1001488746/p
Promart,Smartphones,SAMSUNG,Celular Samsung Galaxy A57 5G 8GB 256GB Gris,3499.0,1929.0,GI ALPACA PERU,True,https://www.promart.pe/celular-samsung-galaxy-a57-5g-8gb-256gb-gris-1001488726/p
Promart,Smartphones,SAMSUNG,Celular SAMSUNG Galaxy S26 Ultra 5G 12GB 256GB Blanco,9999.0,3999.0,GI ALPACA PERU,True,https://www.promart.pe/celular-samsung-galaxy-s26-ultra-5g-12gb-256gb-blanco-1001488723/p
Promart,Smartphones,SAMSUNG,Celular Samsung Galaxy A37 5G 8GB 256GB Lavanda,2999.0,1729.0,GI ALPACA PERU,True,https://www.promart.pe/celular-samsung-galaxy-a37-5g-8gb-256gb-lavanda-1001488711/p
Promart,Smartphones,SAMSUNG,Celular SAMSUNG Galaxy S25 Ultra 5G 12GB 256GB Negro,7599.0,3349.0,GI ALPACA PERU,True,https://www.promart.pe/celular-samsung-galaxy-s25-ultra-5g-12gb-256gb-negro-1001488710/p
Promart,Smartphones,SAMSUNG,Celular SAMSUNG Galaxy S26 Ultra 5G 12GB 256GB Azul,9999.0,3999.0,GI ALPACA PERU,True,https://www.promart.pe/celular-samsung-galaxy-s26-ultra-5g-12gb-256gb-azul-1001488708/p
Promart,Smartphones,SAMSUNG,Celular Samsung Galaxy A57 5G 8GB 256GB Violeta,3499.0,1929.0,GI ALPACA PERU,True,https://www.promart.pe/celular-samsung-galaxy-a57-5g-8gb-256gb-violeta-1001488704/p
Promart,Smartphones,SAMSUNG,Celular SAMSUNG Galaxy S25 Ultra 5G 12GB 256GB Silver Blue,7599.0,3349.0,GI ALPACA PERU,True,https://www.promart.pe/celular-samsung-galaxy-s25-ultra-5g-12gb-256gb-silver-blue-1001488699/p
Promart,Smartphones,SAMSUNG,Celular Samsung Galaxy S25 5G 12GB 128GB Silver,5999.0,2599.0,GI ALPACA PERU,True,https://www.promart.pe/celular-samsung-galaxy-s25-5g-12gb-128gb-silver-1001488688/p
Promart,Smartphones,SAMSUNG,Celular SAMSUNG Galaxy S25 Ultra 5G 12GB 256GB White Silver,7599.0,3349.0,GI ALPACA PERU,True,https://www.promart.pe/celular-samsung-galaxy-s25-ultra-5g-12gb-256gb-white-silver-1001488684/p
Promart,Smartphones,SAMSUNG,Celular SAMSUNG Galaxy S26 Ultra 5G 12GB 512GB Azul,9999.0,4579.0,GI ALPACA PERU,True,https://www.promart.pe/celular-samsung-galaxy-s26-ultra-5g-12gb-512gb-azul-1001488683/p
Promart,Smartphones,SAMSUNG,Celular Samsung Galaxy A57 5G 8GB 256GB Awesome Navy,3499.0,1929.0,GI ALPACA PERU,True,https://www.promart.pe/celular-samsung-galaxy-a57-5g-8gb-256gb-awesome-navy-1001488681/p
Promart,Smartphones,SAMSUNG,Celular Samsung Galaxy A57 5G 8GB 256GB Violeta,3499.0,1899.0,MEGACEL PERU,True,https://www.promart.pe/celular-samsung-galaxy-a57-5g-8gb-256gb-violeta-1001488552/p
Promart,Smartphones,SAMSUNG,Celular Samsung Galaxy A57 5G 8GB 256GB Azul Hielo,3499.0,1899.0,MEGACEL PERU,True,https://www.promart.pe/celular-samsung-galaxy-a57-5g-8gb-256gb-azul-hielo-1001488534/p
Promart,Smartphones,SAMSUNG,Celular Samsung Galaxy A57 5G 8GB 256GB Gris,3499.0,1899.0,MEGACEL PERU,True,https://www.promart.pe/celular-samsung-galaxy-a57-5g-8gb-256gb-gris-1001488483/p
Promart,Smartphones,SAMSUNG,Celular SAMSUNG Galaxy S25 Ultra 5G 12GB 1TB Gray,7599.0,4199.0,MEGACEL PERU,True,https://www.promart.pe/celular-samsung-galaxy-s25-ultra-5g-12gb-1tb-gray-1001488357/p
Promart,Smartphones,SAMSUNG,Celular Samsung Galaxy A57 5G 8GB 256GB Awesome Navy,3499.0,1899.0,MEGACEL PERU,True,https://www.promart.pe/celular-samsung-galaxy-a57-5g-8gb-256gb-awesome-navy-1001488354/p
Promart,Smartphones,SAMSUNG,Celular Samsung Galaxy A37 5G 8GB 256GB Lavanda,2999.0,1729.0,MEGACEL PERU,True,https://www.promart.pe/celular-samsung-galaxy-a37-5g-8gb-256gb-lavanda-1001488342/p
Promart,Smartphones,SAMSUNG,Celular SAMSUNG Galaxy S25 Ultra 5G 12GB 256GB White Silver,7599.0,3349.0,MEGACEL PERU,True,https://www.promart.pe/celular-samsung-galaxy-s25-ultra-5g-12gb-256gb-white-silver-1001488340/p
Promart,Smartphones,SAMSUNG,Celular SAMSUNG Galaxy S26 Ultra 5G 12GB 256GB Blanco,9999.0,4149.0,MEGACEL PERU,True,https://www.promart.pe/celular-samsung-galaxy-s26-ultra-5g-12gb-256gb-blanco-1001488335/p
Promart,Smartphones,SAMSUNG,Celular SAMSUNG Galaxy S25 Ultra 5G 12GB 256GB Silver Blue,7599.0,3349.0,MEGACEL PERU,True,https://www.promart.pe/celular-samsung-galaxy-s25-ultra-5g-12gb-256gb-silver-blue-1001488327/p
Promart,Smartphones,SAMSUNG,Celular Samsung Galaxy S25 5G 12GB 128GB Silver,5999.0,2599.0,MEGACEL PERU,True,https://www.promart.pe/celular-samsung-galaxy-s25-5g-12gb-128gb-silver-1001488315/p
Promart,Smartphones,SAMSUNG,Celular SAMSUNG Galaxy S26 Ultra 5G 12GB 256GB Violeta,9999.0,4149.0,MEGACEL PERU,True,https://www.promart.pe/celular-samsung-galaxy-s26-ultra-5g-12gb-256gb-violeta-1001488312/p
Promart,Smartphones,SAMSUNG,Celular Samsung Galaxy A37 5G 8GB 256GB Negro,2999.0,1729.0,MEGACEL PERU,True,https://www.promart.pe/celular-samsung-galaxy-a37-5g-8gb-256gb-negro-1001488308/p
Promart,Smartphones,SAMSUNG,Celular SAMSUNG Galaxy S26 Ultra 5G 12GB 256GB Azul,9999.0,4149.0,MEGACEL PERU,True,https://www.promart.pe/celular-samsung-galaxy-s26-ultra-5g-12gb-256gb-azul-1001488304/p
Promart,Smartphones,SAMSUNG,SAMSUNG GALAXY S25 ULTRA 256GB - TITANIUM GREY,4909.0,3909.0,MANZANA MIA,True,https://www.promart.pe/samsung-galaxy-s25-ultra-256gb-titanium-grey-1001487942/p
Promart,Smartphones,SAMSUNG,SAMSUNG GALAXY S25 ULTRA 256GB - TITANIUM BLACK,4909.0,3909.0,MANZANA MIA,True,https://www.promart.pe/samsung-galaxy-s25-ultra-256gb-titanium-black-1001487934/p
Promart,Smartphones,APPLE,IPhone 16 Pro Max 256gb Black Titanium  Condición OPEN BOX A3084 - Batería 100,5500.0,5500.0,IAN STORE,True,https://www.promart.pe/iphone-16-pro-max-256gb-black-titanium-condicion-open-box-a3084-bateria-100-1001487681/p
Promart,Smartphones,HONOR,CELULAR HONOR MAGIC7 LITE 512GB 8GB 108 MP 6.78 TITANIUM PURPLE,3199.0,1499.0,GRUPO LINEA HOGAR,True,https://www.promart.pe/celular-honor-magic7-lite-512gb-8gb-108-mp-6-78-titanium-purple-1001487112/p
Promart,Smartphones,HONOR,Honor Magic 8 Pro 5G 12Gb Ram Sky Cyan 512Gb Rom con Mica Hidrogel,5599.0,4749.0,M&M CELULARES,True,https://www.promart.pe/honor-magic-8-pro-5g-12gb-ram-sky-cyan-512gb-rom-con-mica-hidrogel-1001485093/p
Promart,Smartphones,SAMSUNG,Celular Samsung Galaxy A07 4GB RAM 64GB Cámara principal 50MP -2MP 6.7Pulg. HD - Lila,599.0,429.0,GRUPO LINEA HOGAR,True,https://www.promart.pe/celular-samsung-galaxy-a07-4gb-ram-64gb-camara-principal-50mp-2mp-6-7pulg-hd-lila-1001485054/p
Promart,Smartphones,APPLE,IPHONE 17 256GB CHIP FISICO CON REGALO BLANCO,4879.0,3685.0,Fox Móviles SAC,True,https://www.promart.pe/iphone-17-256gb-chip-fisico-con-regalo-blanco-1001484861/p
Promart,Smartphones,APPLE,IPHONE 17 256GB CHIP FISICO CON REGALO AZUL,5879.0,3685.0,Fox Móviles SAC,True,https://www.promart.pe/iphone-17-256gb-chip-fisico-con-regalo-azul-1001484826/p
Promart,Smartphones,HONOR,Celular Honor X5c 4gb   128gb AZUL,750.0,538.0,JA INNOVATION GROUP S.A.C,True,https://www.promart.pe/celular-honor-x5c-4gb-128gb-azul-1001484769/p
Promart,Smartphones,HONOR,Celular Honor X5c 4gb   128gb PLATA,750.0,538.0,JA INNOVATION GROUP S.A.C,True,https://www.promart.pe/celular-honor-x5c-4gb-128gb-plata-1001484732/p
Promart,Smartphones,HONOR,Celular Honor X5c 4gb   128gb NEGRO,750.0,538.0,JA INNOVATION GROUP S.A.C,True,https://www.promart.pe/celular-honor-x5c-4gb-128gb-negro-1001484724/p
Promart,Smartphones,APPLE,IPHONE 17 256GB CHIP FISICO CON REGALO NEGRO,4879.0,3685.0,Fox Móviles SAC,True,https://www.promart.pe/iphone-17-256gb-chip-fisico-con-regalo-negro-1001484446/p
Promart,Smartphones,APPLE,IPHONE 17 256GB ESIM CON REGALO AZUL,4579.0,3569.0,Fox Móviles SAC,True,https://www.promart.pe/iphone-17-256gb-esim-con-regalo-azul-1001483900/p
Promart,Smartphones,APPLE,IPHONE 17 256GB ESIM CON REGALO NEGRO,4579.0,3599.0,Fox Móviles SAC,True,https://www.promart.pe/iphone-17-256gb-esim-con-regalo-negro-1001483896/p
Promart,Smartphones,APPLE,IPHONE 17 256GB ESIM CON REGALO LAVANDA,4579.0,3569.0,Fox Móviles SAC,True,https://www.promart.pe/iphone-17-256gb-esim-con-regalo-lavanda-1001483885/p
Promart,Smartphones,APPLE,IPHONE 17 256GB ESIM CON REGALO BLANCO,4579.0,3569.0,Fox Móviles SAC,True,https://www.promart.pe/iphone-17-256gb-esim-con-regalo-blanco-1001483873/p
Promart,Smartphones,APPLE,IPHONE 17 256GB ESIM CON REGALO VERDE,4899.0,3569.0,Fox Móviles SAC,True,https://www.promart.pe/iphone-17-256gb-esim-con-regalo-verde-1001483872/p
Promart,Smartphones,HONOR,Honor 400 Pro 12Gb Ram 512GB Rom Azul con Mica Hidrogel Registrado,3299.0,3299.0,TECH HUB,True,https://www.promart.pe/honor-400-pro-12gb-ram-512gb-rom-azul-con-mica-hidrogel-registrado-1001483735/p
Promart,Smartphones,MOTOROLA,MOTOROLA G17 4GB 128GB ARANDANO,999.0,599.0,ELECTRODOMESTICOS GALEXA,True,https://www.promart.pe/motorola-g17-4gb-128gb-arandano-1001483730/p
Promart,Smartphones,HONOR,HONOR 600e 5G 8RAM 256GB GRAY,2099.0,1699.0,ELECTRODOMESTICOS GALEXA,True,https://www.promart.pe/honor-600e-5g-8ram-256gb-gray-1001483721/p
Promart,Smartphones,HONOR,Honor 400 Pro 12Gb Ram 512GB Rom Azul con Mica Hidrogel Registrado,3299.0,2749.0,M&M CELULARES,True,https://www.promart.pe/honor-400-pro-12gb-ram-512gb-rom-azul-con-mica-hidrogel-registrado-1001483690/p
Promart,Smartphones,REDMI,REDMI 15C 8GB RAM 256GB COLOR NEGRO DE REGALO CASE Y MICA,1099.0,659.0,SL TECNOLOGÍA SMART,True,https://www.promart.pe/redmi-15c-8gb-ram-256gb-color-negro-de-regalo-case-y-mica-1001483238/p
Promart,Smartphones,APPLE,iPhone 14 Pro 512GB Morado - Grado A Reacondicionado,6199.0,2749.0,SMARTLEBEN,True,https://www.promart.pe/iphone-14-pro-512gb-morado-grado-a-reacondicionado-1001482815/p
Promart,Smartphones,APPLE,iPhone 14 Pro 512GB Plata - Grado A Reacondicionado,6199.0,2699.0,SMARTLEBEN,True,https://www.promart.pe/iphone-14-pro-512gb-plata-grado-a-reacondicionado-1001482751/p
Promart,Smartphones,APPLE,iPhone 14 Pro 256GB Morado - Grado A Reacondicionado,5599.0,2469.0,SMARTLEBEN,True,https://www.promart.pe/iphone-14-pro-256gb-morado-grado-a-reacondicionado-1001482723/p
Promart,Smartphones,HONOR,CELULAR  HONOR X5C 4GB RAM 128GB  Negro,620.0,510.0,JA INNOVATION GROUP S.A.C,True,https://www.promart.pe/celular-honor-x5c-4gb-ram-128gb-negro-1001481941/p
Promart,Smartphones,HONOR,CELULAR HONOR X5C 4GB RAM  64GB  AZUL,560.0,476.0,JA INNOVATION GROUP S.A.C,True,https://www.promart.pe/celular-honor-x5c-4gb-ram-64gb-azul-1001480765/p
Promart,Smartphones,HONOR,CELULAR HONOR X5C 4GB RAM  64GB  PLATEADO,560.0,476.0,JA INNOVATION GROUP S.A.C,True,https://www.promart.pe/celular-honor-x5c-4gb-ram-64gb-plateado-1001480605/p
Promart,Smartphones,XIAOMI,POCO X8 Pro Max Negro 12 GB  512 GB,2999.0,2499.0,ELECTRODOMESTICOS GALEXA,True,https://www.promart.pe/poco-x8-pro-max-negro-12-gb-512-gb-1001480165/p
Promart,Smartphones,XIAOMI,Celular Xiaomi Redmi Note 15 Pro 8GB  256GB Negro,1889.0,1169.0,ELECTRODOMESTICOS GALEXA,True,https://www.promart.pe/celular-xiaomi-redmi-note-15-pro-8gb-256gb-negro-1001480102/p
Promart,Smartphones,SAMSUNG,Celular Samsung Galaxy S20 FE 6.5 Pulg. 6GB RAM 128GB Android 10 -Azul,2699.0,1299.0,ELECTRODOMESTICOS GALEXA,True,https://www.promart.pe/celular-samsung-galaxy-s20-fe-6-5-pulg-6gb-ram-128gb-android-10-azul-1001479688/p
Promart,Smartphones,APPLE,iPhone 14 512GB Rojo - Grado A Reacondicionado,4599.0,1999.0,SMARTLEBEN,True,https://www.promart.pe/iphone-14-512gb-rojo-grado-a-reacondicionado-1001479416/p
Promart,Smartphones,APPLE,iPhone 14 512GB Morado - Grado A Reacondicionado,4599.0,2099.0,SMARTLEBEN,True,https://www.promart.pe/iphone-14-512gb-morado-grado-a-reacondicionado-1001479388/p
Promart,Smartphones,APPLE,iPhone SE 3ra Gen 64GB 4GB Rojo (REACONDICIONADO GRADO A+),1102.0,1020.0,Celulares Peru Smart,True,https://www.promart.pe/iphone-se-3ra-gen-64gb-4gb-rojo-reacondicionado-grado-a-1001479381/p
Promart,Smartphones,SAMSUNG,Samsung Galaxy S25 128GB 12GB Azul (REACONDICIONADO GRADO A+),2797.0,2590.0,Celulares Peru Smart,True,https://www.promart.pe/samsung-galaxy-s25-128gb-12gb-azul-reacondicionado-grado-a-1001479380/p
Promart,Smartphones,APPLE,IPHONE 17 256GB ESIM - VERDE,4999.0,3569.0,Fox Móviles SAC,True,https://www.promart.pe/iphone-17-256gb-esim-verde-1001479189/p
Promart,Smartphones,SAMSUNG,Samsung Galaxy S25 ULTRA 1TB 12GB - AZUL,5699.0,4299.0,Fox Móviles SAC,True,https://www.promart.pe/samsung-galaxy-s25-ultra-1tb-12gb-azul-1001478961/p
Promart,Smartphones,HONOR,CELULAR HONOR X5C 4GB RAM  64GB  Negro,560.0,476.0,JA INNOVATION GROUP S.A.C,True,https://www.promart.pe/celular-honor-x5c-4gb-ram-64gb-negro-1001478914/p
Promart,Smartphones,XIAOMI,XIAOMI POCO X8 PRO 8GB  256GB  NEGRO,1799.0,1389.0,Marketcell,True,https://www.promart.pe/xiaomi-poco-x8-pro-8gb-256gb-negro-1001477856/p
Promart,Smartphones,HONOR,Celular Honor X5c Plus 4gb  256gb Azul,750.0,605.0,JA INNOVATION GROUP S.A.C,True,https://www.promart.pe/celular-honor-x5c-plus-4gb-256gb-azul-1001477786/p
Promart,Smartphones,APPLE,iPhone 17 PRO MAX 1TB ESIM - Cosmic Orange,8899.0,6879.0,Fox Móviles SAC,True,https://www.promart.pe/iphone-17-pro-max-1tb-esim-cosmic-orange-1001477771/p
Promart,Smartphones,SAMSUNG,S25 ULTRA 256GB 12GB RAM Titanium Black,7999.0,4200.0,GRUPO LINEA HOGAR,True,https://www.promart.pe/s25-ultra-256gb-12gb-ram-titanium-black-1001477305/p
Promart,Smartphones,XIAOMI,REDMI NOTE 15  6GB-128GB BLACK,899.0,719.0,PHONE SPOT PERU,True,https://www.promart.pe/redmi-note-15-6gb-128gb-black-1001477268/p
Promart,Smartphones,SAMSUNG,S25 ULTRA 512GB 12GB RAM Titanium Black,8449.0,4500.0,GRUPO LINEA HOGAR,True,https://www.promart.pe/s25-ultra-512gb-12gb-ram-titanium-black-1001477251/p
Promart,Smartphones,APPLE,iPhone 16 128GB Rosado,5999.0,3299.0,GRUPO LINEA HOGAR,True,https://www.promart.pe/iphone-16-128gb-rosado-1001476430/p
Promart,Smartphones,SAMSUNG,CELULAR SAMSUNG GALAXY A26 5G 2025 IA 8GB RAM 256GB DUAL SIM 6.7 120HZ AMOLED IP67 - NEGRO,2029.0,1519.0,COMPRAFACIL USA,True,https://www.promart.pe/celular-samsung-galaxy-a26-5g-2025-ia-8gb-ram-256gb-dual-sim-6-7-120hz-amoled-ip67-negro-1001476246/p
Promart,Smartphones,SAMSUNG,CELULAR SAMSUNG GALAXY A07 4G AI SM-A075-DS 4GB RAM 128GB DUAL SIM 6.7  CÁMARA DUAL - VIOLETA,1229.0,919.0,COMPRAFACIL USA,True,https://www.promart.pe/celular-samsung-galaxy-a07-4g-ai-sm-a075-ds-4gb-ram-128gb-dual-sim-6-7-camara-dual-violeta-1001476238/p
Promart,Smartphones,MOTOROLA,CELULAR MOTOROLA MOTO G15 4G LTE XT2521-2 4GB RAM 256GB DUAL SIM - NARANJA,1109.0,829.0,COMPRAFACIL USA,True,https://www.promart.pe/celular-motorola-moto-g15-4g-lte-xt2521-2-4gb-ram-256gb-dual-sim-naranja-1001476223/p
Promart,Smartphones,POCO,Poco F8 Pro 12Gb Ram 512Gb Rom con Mica Hidrogel Registrado Color Silver,3699.0,2529.0,TECH HUB,True,https://www.promart.pe/poco-f8-pro-12gb-ram-512gb-rom-con-mica-hidrogel-registrado-color-silver-1001476155/p
Promart,Smartphones,POCO,Poco F8 Pro 12Gb Ram 512Gb Rom Silver con Mica Hidrogel Registrado,3699.0,2529.0,M&M CELULARES,True,https://www.promart.pe/poco-f8-pro-12gb-ram-512gb-rom-silver-con-mica-hidrogel-registrado-1001476147/p
Promart,Smartphones,SAMSUNG,CELULAR SAMSUNG GALAXY A26 5G IA 8GB RAM 256GB DUAL SIM 6.7 120HZ AMOLED IP67 - BLANCO,2189.0,1639.0,COMPRAFACIL USA,True,https://www.promart.pe/celular-samsung-galaxy-a26-5g-ia-8gb-ram-256gb-dual-sim-6-7-120hz-amoled-ip67-blanco-1001476045/p
Promart,Smartphones,SAMSUNG,CELULAR SAMSUNG GALAXY A16 4G DUAL SIM 128GB 6.7 90HZ AMOLED 50MP - GRIS,1199.0,895.0,COMPRAFACIL USA,True,https://www.promart.pe/celular-samsung-galaxy-a16-4g-dual-sim-128gb-6-7-90hz-amoled-50mp-gris-1001476044/p
Promart,Smartphones,SAMSUNG,CELULAR SAMSUNG GALAXY A07 4G AI SM-A075-DS 4GB RAM 128GB DUAL SIM 6.7 CÁMARA DUAL - VERDE,1099.0,819.0,COMPRAFACIL USA,True,https://www.promart.pe/celular-samsung-galaxy-a07-4g-ai-sm-a075-ds-4gb-ram-128gb-dual-sim-6-7-camara-dual-verde-1001476036/p
Promart,Smartphones,SAMSUNG,CELULAR SAMSUNG GALAXY A26 5G IA 8GB RAM 256GB DUAL SIM 6.7 120HZ AMOLED IP67,1379.0,1199.0,COMPRAFACIL USA,True,https://www.promart.pe/celular-samsung-galaxy-a26-5g-ia-8gb-ram-256gb-dual-sim-6-7-120hz-amoled-ip67-1001476022/p
Promart,Smartphones,SAMSUNG,CELULAR SAMSUNG GALAXY A07 4G AI SM-A075-DS 4GB RAM 128GB DUAL SIM 6.7 CÁMARA DUAL - NEGRO,1109.0,829.0,COMPRAFACIL USA,True,https://www.promart.pe/celular-samsung-galaxy-a07-4g-ai-sm-a075-ds-4gb-ram-128gb-dual-sim-6-7-camara-dual-negro-1001476021/p
Promart,Smartphones,REDMI,CELULAR XIAOMI REDMI NOTE 14 PRO 5G 8GB RAM 256GB DUAL SIM 6.67 - MIDNIGHT BLACK,1839.0,1599.0,COMPRAFACIL USA,True,https://www.promart.pe/celular-xiaomi-redmi-note-14-pro-5g-8gb-ram-256gb-dual-sim-6-67-midnight-black-1001476015/p
Promart,Smartphones,SAMSUNG,CELULAR SAMSUNG GALAXY A16 4G DUAL SIM 128GB 6.7 90HZ AMOLED 50MP - NEGRO,1189.0,889.0,COMPRAFACIL USA,True,https://www.promart.pe/celular-samsung-galaxy-a16-4g-dual-sim-128gb-6-7-90hz-amoled-50mp-negro-1001476004/p
Promart,Smartphones,SAMSUNG,CELULAR SAMSUNG GALAXY A06 4G LTE SM-A065M-DS 4GB RAM 64GB DUAL SIM 6.7 CÁMARA DUAL - NEGRO,989.0,739.0,COMPRAFACIL USA,True,https://www.promart.pe/celular-samsung-galaxy-a06-4g-lte-sm-a065m-ds-4gb-ram-64gb-dual-sim-6-7-camara-dual-negro-1001476002/p
Promart,Smartphones,MOTOROLA,CELULAR MOTOROLA MOTO G15 4G LTE XT2521-2 4GB RAM 256GB DUAL SIM - GRIS,1119.0,835.0,COMPRAFACIL USA,True,https://www.promart.pe/celular-motorola-moto-g15-4g-lte-xt2521-2-4gb-ram-256gb-dual-sim-gris-1001475998/p
Promart,Smartphones,SAMSUNG,CELULAR SAMSUNG GALAXY A06 4G LTE SM-A065M-DS 4GB RAM 64GB DUAL SIM 6.7 CÁMARA DUAL - AZUL CLARO,989.0,739.0,COMPRAFACIL USA,True,https://www.promart.pe/celular-samsung-galaxy-a06-4g-lte-sm-a065m-ds-4gb-ram-64gb-dual-sim-6-7-camara-dual-azul-claro-1001475994/p
Promart,Smartphones,APPLE,Iphone 17 pro 256 GB ESIM - COSMIC ORANGE,5699.0,4799.0,MANZANA MIA,True,https://www.promart.pe/iphone-17-pro-256-gb-esim-cosmic-orange-1001475970/p
Promart,Smartphones,XIAOMI,CELULAR XIAOMI REDMI NOTE 14S 256GB 8GB | AURORA PÚRPURA,1269.0,1099.0,COMPRAFACIL USA,True,https://www.promart.pe/bdea9c30-cbed-46de-9b7e-d31932d511d6/p
Promart,Smartphones,XIAOMI,CELULAR XIAOMI 15 512GB 12GB | VERDE,3679.0,3199.0,COMPRAFACIL USA,True,https://www.promart.pe/celular-xiaomi-15-512gb-12gb-verde-1001475752/p
Promart,Smartphones,XIAOMI,CELULAR XIAOMI REDMI NOTE 14 256GB 8GB | NEGRO,1239.0,929.0,COMPRAFACIL USA,True,https://www.promart.pe/celular-xiaomi-redmi-note-14-256gb-8gb-negro-1001475739/p
Promart,Smartphones,XIAOMI,CELULAR XIAOMI POCO M3 64GB 4GB | NEGRO,1059.0,789.0,COMPRAFACIL USA,True,https://www.promart.pe/celular-xiaomi-poco-m3-64gb-4gb-negro-1001475738/p
Promart,Smartphones,XIAOMI,CELULAR XIAOMI REDMI NOTE 14S 256GB 8GB | NEGRO MEDIANOCHE,1539.0,1149.0,COMPRAFACIL USA,True,https://www.promart.pe/celular-xiaomi-redmi-note-14s-256gb-8gb-negro-medianoche-1001475737/p
Promart,Smartphones,XIAOMI,CELULAR XIAOMI POCO X7 PRO 256GB 12GB | AMARILLO,2619.0,1959.0,COMPRAFACIL USA,True,https://www.promart.pe/celular-xiaomi-poco-x7-pro-256gb-12gb-amarillo-1001475723/p
Promart,Smartphones,XIAOMI,CELULAR XIAOMI POCO M3 128GB 4GB | AZUL,749.0,649.0,COMPRAFACIL USA,True,https://www.promart.pe/celular-xiaomi-poco-m3-128gb-4gb-azul-1001475721/p
Promart,Smartphones,XIAOMI,CELULAR XIAOMI REDMI 15C 128GB 4GB | NEGRO MEDIANOCHE,749.0,649.0,COMPRAFACIL USA,True,https://www.promart.pe/celular-xiaomi-redmi-15c-128gb-4gb-negro-medianoche-1001475720/p
Promart,Smartphones,XIAOMI,CELULAR XIAOMI REDMI NOTE 14 PRO+ 5G 256GB 8GB | NEGRO MEDIANOCHE,2299.0,1999.0,COMPRAFACIL USA,True,https://www.promart.pe/celular-xiaomi-redmi-note-14-pro-5g-256gb-8gb-negro-medianoche-1001475717/p
Promart,Smartphones,XIAOMI,CELULAR XIAOMI REDMI NOTE 14 PRO 512GB 12GB | NEGRO MEDIANOCHE,1899.0,1419.0,COMPRAFACIL USA,True,https://www.promart.pe/celular-xiaomi-redmi-note-14-pro-512gb-12gb-negro-medianoche-1001475707/p
Promart,Smartphones,XIAOMI,CELULAR XIAOMI REDMI NOTE 14 128GB 6GB | AZUL OCÉANO.,979.0,849.0,COMPRAFACIL USA,True,https://www.promart.pe/celular-xiaomi-redmi-note-14-128gb-6gb-azul-oceano-1001475706/p
Promart,Smartphones,XIAOMI,CELULAR XIAOMI REDMI NOTE 15 128GB 6GB | NEGRO,1039.0,899.0,COMPRAFACIL USA,True,https://www.promart.pe/celular-xiaomi-redmi-note-15-128gb-6gb-negro-1001475704/p
Promart,Smartphones,XIAOMI,CELULAR XIAOMI REDMI NOTE 15 PRO 256GB 8GB | AZUL GLACIAR,1379.0,1199.0,COMPRAFACIL USA,True,https://www.promart.pe/celular-xiaomi-redmi-note-15-pro-256gb-8gb-azul-glaciar-1001475703/p
Promart,Smartphones,XIAOMI,CELULAR XIAOMI REDMI A5 64GB 3GB | NEGRO MEDIANOCHE,639.0,549.0,COMPRAFACIL USA,True,https://www.promart.pe/celular-xiaomi-redmi-a5-64gb-3gb-negro-medianoche-1001475700/p
Promart,Smartphones,XIAOMI,CELULAR XIAOMI REDMI NOTE 15 PRO+ 5G 512GB 12GB | MARRÓN MOCA,2839.0,2129.0,COMPRAFACIL USA,True,https://www.promart.pe/celular-xiaomi-redmi-note-15-pro-5g-512gb-12gb-marron-moca-1001475698/p
Promart,Smartphones,XIAOMI,CELULAR XIAOMI REDMI NOTE 14 256GB 8GB | AZUL OCÉANO,1149.0,999.0,COMPRAFACIL USA,True,https://www.promart.pe/celular-xiaomi-redmi-note-14-256gb-8gb-azul-oceano-1001475697/p
Promart,Smartphones,XIAOMI,CELULAR XIAOMI REDMI NOTE 14 PRO 5G 256GB 8GB | LAVANDA PÚRPURA,1609.0,1399.0,COMPRAFACIL USA,True,https://www.promart.pe/celular-xiaomi-redmi-note-14-pro-5g-256gb-8gb-lavanda-purpura-1001475696/p
Promart,Smartphones,XIAOMI,CELULAR XIAOMI REDMI NOTE 14 PRO 5G 256GB 8GB | NEGRO MEDIANOCHE,2229.0,1669.0,COMPRAFACIL USA,True,https://www.promart.pe/celular-xiaomi-redmi-note-14-pro-5g-256gb-8gb-negro-medianoche-1001475695/p
Promart,Smartphones,XIAOMI,CELULAR XIAOMI REDMI 15C 256GB 8GB | VERDE MENTA,1039.0,899.0,COMPRAFACIL USA,True,https://www.promart.pe/celular-xiaomi-redmi-15c-256gb-8gb-verde-menta-1001475694/p
Promart,Smartphones,XIAOMI,CELULAR XIAOMI POCO F5 PRO 256GB 12GB | BLANCO,2419.0,2099.0,COMPRAFACIL USA,True,https://www.promart.pe/celular-xiaomi-poco-f5-pro-256gb-12gb-blanco-1001475692/p
Promart,Smartphones,XIAOMI,CELULAR XIAOMI REDMI NOTE 15 5G 256GB 8GB | NEGRO,1379.0,1199.0,COMPRAFACIL USA,True,https://www.promart.pe/celular-xiaomi-redmi-note-15-5g-256gb-8gb-negro-1001475691/p
Promart,Smartphones,XIAOMI,CELULAR XIAOMI POCO F5 256GB 8GB | NEGRO,2659.0,1989.0,COMPRAFACIL USA,True,https://www.promart.pe/celular-xiaomi-poco-f5-256gb-8gb-negro-1001475690/p
Promart,Smartphones,XIAOMI,CELULAR XIAOMI REDMI NOTE 11R 128GB 4GB | AZUL POLAR,689.0,599.0,COMPRAFACIL USA,True,https://www.promart.pe/celular-xiaomi-redmi-note-11r-128gb-4gb-azul-polar-1001475689/p
Promart,Smartphones,XIAOMI,CELULAR XIAOMI REDMI NOTE 15 PRO+ 5G 256GB 8GB | AZUL GLACIAR,2319.0,1739.0,COMPRAFACIL USA,True,https://www.promart.pe/celular-xiaomi-redmi-note-15-pro-5g-256gb-8gb-azul-glaciar-1001475610/p
Promart,Smartphones,XIAOMI,CELULAR XIAOMI REDMI NOTE 14 PRO+ 5G 256GB 8GB | LAVANDA PÚRPURA,2019.0,1749.0,COMPRAFACIL USA,True,https://www.promart.pe/celular-xiaomi-redmi-note-14-pro-5g-256gb-8gb-lavanda-purpura-1001475605/p
Promart,Smartphones,XIAOMI,CELULAR XIAOMI REDMI 15 5G 256GB 8GB | GRIS TITÁN,1269.0,1099.0,COMPRAFACIL USA,True,https://www.promart.pe/celular-xiaomi-redmi-15-5g-256gb-8gb-gris-titan-1001475575/p
Promart,Smartphones,XIAOMI,CELULAR XIAOMI POCO C85 256GB 8GB | PÚRPURA,1359.0,1019.0,COMPRAFACIL USA,True,https://www.promart.pe/celular-xiaomi-poco-c85-256gb-8gb-purpura-1001475574/p
Promart,Smartphones,XIAOMI,CELULAR XIAOMI REDMI 15 128GB 6GB | GRIS TITÁN,919.0,799.0,COMPRAFACIL USA,True,https://www.promart.pe/celular-xiaomi-redmi-15-128gb-6gb-gris-titan-1001475572/p
Promart,Smartphones,XIAOMI,CELULAR XIAOMI REDMI 15 256GB 8GB | PÚRPURA ARENA,1099.0,949.0,COMPRAFACIL USA,True,https://www.promart.pe/celular-xiaomi-redmi-15-256gb-8gb-purpura-arena-1001475569/p
Promart,Smartphones,XIAOMI,CELULAR XIAOMI REDMI NOTE 14 PRO+ 5G 256GB 8GB | AZUL ESCARCHA,1899.0,1649.0,COMPRAFACIL USA,True,https://www.promart.pe/celular-xiaomi-redmi-note-14-pro-5g-256gb-8gb-azul-escarcha-1001475567/p
Promart,Smartphones,XIAOMI,CELULAR XIAOMI REDMI NOTE 15 256GB 8GB | NEGRO,1099.0,949.0,COMPRAFACIL USA,True,https://www.promart.pe/celular-xiaomi-redmi-note-15-256gb-8gb-negro-1001475557/p
Promart,Smartphones,XIAOMI,CELULAR XIAOMI REDMI NOTE 15 PRO 5G 512GB 8GB | TITANIO,1839.0,1599.0,COMPRAFACIL USA,True,https://www.promart.pe/celular-xiaomi-redmi-note-15-pro-5g-512gb-8gb-titanio-1001475556/p
Promart,Smartphones,XIAOMI,CELULAR XIAOMI POCO F5 256GB 12GB | NEGRO,2399.0,1799.0,COMPRAFACIL USA,True,https://www.promart.pe/celular-xiaomi-poco-f5-256gb-12gb-negro-1001475555/p
Promart,Smartphones,XIAOMI,CELULAR XIAOMI REDMI NOTE 14 PRO+ 5G 512GB 12GB | NEGRO MEDIANOCHE,2419.0,2099.0,COMPRAFACIL USA,True,https://www.promart.pe/celular-xiaomi-redmi-note-14-pro-5g-512gb-12gb-negro-medianoche-1001475554/p
Promart,Smartphones,XIAOMI,CELULAR XIAOMI REDMI NOTE 15 PRO 256GB 8GB | NEGRO,1379.0,1199.0,COMPRAFACIL USA,True,https://www.promart.pe/celular-xiaomi-redmi-note-15-pro-256gb-8gb-negro-1001475551/p
Promart,Smartphones,XIAOMI,CELULAR XIAOMI REDMI 15C 256GB 8GB | NARANJA CREPUSCULAR,1349.0,1009.0,COMPRAFACIL USA,True,https://www.promart.pe/celular-xiaomi-redmi-15c-256gb-8gb-naranja-crepuscular-1001475550/p
Promart,Smartphones,XIAOMI,REDMI NOTE 15  PRO 4G  8GB-256GB GLACIER BLUE,1399.0,1059.0,PHONE SPOT PERU,True,https://www.promart.pe/redmi-note-15-pro-4g-8gb-256gb-glacier-blue-1001474256/p
Promart,Smartphones,HONOR,CELULAR HONOR X5D 128 GB + 4 GB RAM,720.0,720.0,20 PRO,True,https://www.promart.pe/celular-honor-x5d-128-gb-4-gb-ram-1001473485/p
Promart,Smartphones,APPLE,Apple iPhone 17 256GB,4099.0,4099.0,20 PRO,True,https://www.promart.pe/apple-iphone-17-256gb-1001473351/p
Promart,Smartphones,SAMSUNG,SAMSUNG A07 128GB | 4GB,799.0,799.0,20 PRO,True,https://www.promart.pe/samsung-a07-128gb-4gb-1001473322/p
Promart,Smartphones,HONOR,HONOR X5C 4GB+128GB,599.0,599.0,20 PRO,True,https://www.promart.pe/honor-x5c-4gb-128gb-1001473315/p
Promart,Smartphones,HONOR,HONOR MAGIC 8 LITE  8GB - 256GB,1500.0,1500.0,20 PRO,True,https://www.promart.pe/honor-magic-8-lite-8gb-256gb-1001473302/p
Promart,Smartphones,APPLE,iPhone 13 Pro 512GB Grafito - Reacondicionado,4999.0,2299.0,SMARTLEBEN,True,https://www.promart.pe/iphone-13-pro-512gb-grafito-reacondicionado-1001473140/p
Promart,Smartphones,APPLE,iPhone 13 Pro 256GB Azul Sierra - Reacondicionado,4499.0,2049.0,SMARTLEBEN,True,https://www.promart.pe/iphone-13-pro-256gb-azul-sierra-reacondicionado-1001473105/p
Promart,Smartphones,APPLE,iPhone 13 Pro 256GB Grafito - Reacondicionado,4499.0,2049.0,SMARTLEBEN,True,https://www.promart.pe/iphone-13-pro-256gb-grafito-reacondicionado-1001473103/p
Promart,Smartphones,APPLE,iPhone 12 Pro 128GB Grafito - Reacondicionado,3299.0,1499.0,SMARTLEBEN,True,https://www.promart.pe/iphone-12-pro-128gb-grafito-reacondicionado-1001473008/p
Promart,Smartphones,SAMSUNG,Samsung Galaxy A37 256GB 8GB Light Violet,1725.0,1597.0,CELULARESPERUSMARTSAC,True,https://www.promart.pe/samsung-galaxy-a37-256gb-8gb-light-violet-1001473007/p
Promart,Smartphones,APPLE,iPhone 13 256GB Rojo - Reacondicionado,3999.0,1729.0,SMARTLEBEN,True,https://www.promart.pe/iphone-13-256gb-rojo-reacondicionado-1001472944/p
Promart,Smartphones,APPLE,iPhone 12 Pro 128GB Azul Pacifico - Reacondicionado,3299.0,1499.0,SMARTLEBEN,True,https://www.promart.pe/iphone-12-pro-128gb-azul-pacifico-reacondicionado-1001472850/p
Promart,Smartphones,HONOR,Celular Honor 600e 5G 8GB 512GB Oro desierto - Batería 6520 mAh y Cámara 108MP,2599.0,1999.0,Mi Tienda,True,https://www.promart.pe/celular-honor-600e-5g-8gb-512gb-oro-desierto-bateria-6520-mah-y-camara-108mp-1001471553/p
Promart,Smartphones,SAMSUNG,Celular Samsung Galaxy A07 128GB 4GB RAM Negro,799.0,459.0,Ofertec,True,https://www.promart.pe/celular-samsung-galaxy-a07-128gb-4gb-ram-negro-1001471546/p
Promart,Smartphones,XIAOMI,Xiaomi Redmi Note 14 Pro Plus 5G 256GB Diseno Moderno Negro,2199.0,1799.0,MEGA IMPORTACIONES SAC,True,https://www.promart.pe/xiaomi-redmi-note-14-pro-plus-5g-256gb-diseno-moderno-negro-1001471524/p
Promart,Smartphones,HONOR,Celular Honor 600e 5G 8GB 512GB Verde brote - Batería 6520 mAh y Cámara 108MP,2599.0,1999.0,Mi Tienda,True,https://www.promart.pe/celular-honor-600e-5g-8gb-512gb-verde-brote-bateria-6520-mah-y-camara-108mp-1001471513/p
Promart,Smartphones,HONOR,CELULAR HONOR X5C PLUS 4GB 256GB - GRIS,899.0,899.0,MILLENNIALS MOBILE,True,https://www.promart.pe/celular-honor-x5c-plus-4gb-256gb-gris-1001471500/p
Promart,Smartphones,HONOR,Celular Honor 600 Pro 5G 12GB 512GB Negro - Snapdragon 8 Elite y 7000mah,3999.0,3399.0,Mi Tienda,True,https://www.promart.pe/celular-honor-600-pro-5g-12gb-512gb-negro-snapdragon-8-elite-y-7000mah-1001471491/p
Promart,Smartphones,XIAOMI,Smartphone Xiaomi Redmi Note 14 Pro Plus 256GB 8GB Negro,2199.0,1799.0,MULTI OFERTAS PILLACA'S S.A.C,True,https://www.promart.pe/smartphone-xiaomi-redmi-note-14-pro-plus-256gb-8gb-negro-1001471487/p
Promart,Smartphones,HONOR,Celular Honor 600 Pro 5G 12GB 512GB Dorado - Snapdragon 8 Elite y 7000mah,3999.0,3399.0,Mi Tienda,True,https://www.promart.pe/celular-honor-600-pro-5g-12gb-512gb-dorado-snapdragon-8-elite-y-7000mah-1001471485/p
Promart,Smartphones,XIAOMI,Smartphone Xiaomi Redmi Note 14 Pro Plus 8GB 256GB 5G Negro,2199.0,1799.0,THAIS HOGAR Y TECNOLOGIA,True,https://www.promart.pe/martphone-xiaomi-redmi-note-14-pro-plus-8gb-256gb-5g-negro-1001471435/p
Promart,Smartphones,HONOR,CELULAR HONOR X5C PLUS 4GB 256GB AZUL,899.0,899.0,MILLENNIALS MOBILE,True,https://www.promart.pe/celular-honor-x5c-plus-4gb-256gb-azul-1001471433/p
Promart,Smartphones,XIAOMI,Celular Xiaomi Redmi Note 14 Pro Plus 5G Negro Uso Diario,2199.0,1799.0,MUNDO ELECTRONICO,True,https://www.promart.pe/celular-xiaomi-redmi-note-14-pro-plus-5g-negro-uso-diario-1001471412/p
Promart,Smartphones,XIAOMI,CELULAR REDMI A5 3RAM 64GB  DORADO,499.0,409.0,RD HOME TECH,True,https://www.promart.pe/celular-redmi-a5-3ram-64gb-dorado-1001471349/p
Promart,Smartphones,SAMSUNG,Samsung Galaxy A57 5g 256Gb 8Gb Awesome Navy,2099.0,1579.0,TelcelperuExpress,True,https://www.promart.pe/samsung-galaxy-a57-5g-256gb-8gb-awesome-navy-1001471073/p
Promart,Smartphones,MOTOROLA,Moto G06 128Gb  4Gb Ram Verde,809.0,519.0,TelcelperuExpress,True,https://www.promart.pe/moto-g06-128gb-4gb-ram-verde-1001471014/p
Promart,Smartphones,XIAOMI,Xiaomi Redmi Note 14 Pro Plus 5G 256GB 8GB Negro,2199.0,1799.0,QUEVEDO IMPORTACIONES,True,https://www.promart.pe/xiaomi-redmi-note-14-pro-plus-5g-256gb-8gb-negro-1001471013/p
Promart,Smartphones,SAMSUNG,Samsung Galaxy A57 5g 256Gb 8Gb Awesome Navy,2099.0,2099.0,Moviles Eirl,True,https://www.promart.pe/samsung-galaxy-a57-5g-256gb-8gb-awesome-navy-1001471006/p
Promart,Smartphones,MOTOROLA,Moto G06 256Gb  4Gb Ram Naranja,859.0,549.0,Telcelperu,True,https://www.promart.pe/moto-g06-256gb-4gb-ram-naranja-1001471005/p
Promart,Smartphones,HONOR,Celular Honor 600 5G 8GB 512GB  Negro - Cámara 200 MP y Batería de 6400 mAh,2999.0,2349.0,Mi Tienda,True,https://www.promart.pe/celular-honor-600-5g-8gb-512gb-negro-camara-200-mp-y-bateria-de-6400-mah-1001471004/p
Promart,Smartphones,MOTOROLA,Moto G06 256Gb  4Gb Ram Naranja,859.0,549.0,Moviles Eirl,True,https://www.promart.pe/moto-g06-256gb-4gb-ram-naranja-1001471002/p
Promart,Smartphones,MOTOROLA,Moto G06 256Gb  4Gb Ram Azul,859.0,549.0,Telcelperu,True,https://www.promart.pe/moto-g06-256gb-4gb-ram-azul-1001471001/p
Promart,Smartphones,SAMSUNG,Samsung Galaxy A57 5g 256Gb 8Gb Awesome Navy,2099.0,1579.0,Telcelperu,True,https://www.promart.pe/samsung-galaxy-a57-5g-256gb-8gb-awesome-navy-1001470998/p
Promart,Smartphones,MOTOROLA,Moto G06 128Gb  4Gb Ram Verde,809.0,519.0,Telcelperu,True,https://www.promart.pe/moto-g06-128gb-4gb-ram-verde-1001470994/p
Promart,Smartphones,MOTOROLA,Moto G06 256Gb  4Gb Ram Azul,859.0,549.0,Moviles Eirl,True,https://www.promart.pe/moto-g06-256gb-4gb-ram-azul-1001470992/p
Promart,Smartphones,MOTOROLA,Moto G06 256Gb  4Gb Ram Azul,859.0,549.0,TelcelperuExpress,True,https://www.promart.pe/moto-g06-256gb-4gb-ram-azul-1001470987/p
Promart,Smartphones,MOTOROLA,Moto G06 128Gb  4Gb Ram Verde,809.0,519.0,Moviles Eirl,True,https://www.promart.pe/moto-g06-128gb-4gb-ram-verde-1001470985/p
Promart,Smartphones,MOTOROLA,Moto G06 256Gb  4Gb Ram Naranja,859.0,549.0,TelcelperuExpress,True,https://www.promart.pe/moto-g06-256gb-4gb-ram-naranja-1001470984/p
Promart,Smartphones,XIAOMI,Smartphone Xiaomi Redmi Note 14 Pro Plus 5G 256GB Negro,2199.0,1799.0,OFERTAS UNICAS YELI,True,https://www.promart.pe/smartphone-xiaomi-redmi-note-14-pro-plus-5g-256gb-negro-1001470981/p
Promart,Smartphones,HONOR,Celular Honor 600 5G 8GB 512GB Dorado - Cámara 200 MP y Batería de 6400 mAh,2999.0,2349.0,Mi Tienda,True,https://www.promart.pe/celular-honor-600-5g-8gb-512gb-dorado-camara-200-mp-y-bateria-de-6400-mah-1001470980/p
Promart,Smartphones,XIAOMI,CELULAR REDMI A7 PRO 4GB 64GB - NEGRO,689.0,689.0,MILLENNIALS MOBILE,True,https://www.promart.pe/celular-redmi-a7-pro-4gb-64gb-negro-1001470918/p
Promart,Smartphones,SAMSUNG,CELULAR GALAXY A06 4RAM 64GB VERDE,699.0,399.0,RD HOME TECH,True,https://www.promart.pe/celular-galaxy-a06-4ram-64gb-verde-1001470775/p
Promart,Smartphones,XIAOMI,CELULAR REDMI 15C 4RAM 128GB VERDE,599.0,499.0,RD HOME TECH,True,https://www.promart.pe/celular-redmi-15c-4ram-128gb-verde-1001470772/p
Promart,Smartphones,HONOR,CELULAR HONOR MAGIC 8 LITE 8RAM 256GB DORADO,1899.0,1459.0,RD HOME TECH,True,https://www.promart.pe/celular-honor-magic-8-lite-8ram-256gb-dorado-1001470769/p
Promart,Smartphones,SAMSUNG,CELULAR SAMSUNG A06 4RAM 64GB BLANCO,599.0,399.0,RD HOME TECH,True,https://www.promart.pe/celular-samsung-a06-4ram-64gb-blanco-1001470768/p
Promart,Smartphones,XIAOMI,CELULAR REDMI NOTE 15 4G 8RAM 256GB,999.0,929.0,RD HOME TECH,True,https://www.promart.pe/celular-redmi-note-15-4g-8ram-256gb-1001470766/p
Promart,Smartphones,HONOR,CELULAR MAGIC 8 LITE 8RAM 512GB NEGRO,1799.0,1599.0,RD HOME TECH,True,https://www.promart.pe/celular-magic-8-lite-8ram-512gb-negro-1001470762/p
Promart,Smartphones,HONOR,CELULAR HONOR X5C 4RAM 64GB NEGRO,699.0,449.0,RD HOME TECH,True,https://www.promart.pe/celular-honor-x5c-4ram-64gb-negro-1001470754/p
Promart,Smartphones,HONOR,CELULAR HONOR MAGIC 8 LITE 8RAM 256GB VERDE,1899.0,1459.0,RD HOME TECH,True,https://www.promart.pe/celular-honor-magic-8-lite-8ram-256gb-verde-1001470752/p
Promart,Smartphones,HONOR,CELULAR HONOR X5C 4RAM 128GB NEGRO,699.0,489.0,RD HOME TECH,True,https://www.promart.pe/celular-honor-x5c-4ram-128gb-negro-1001470743/p
Promart,Smartphones,HONOR,CELULAR HONOR X5C 4RAM 128GB CYAN,699.0,489.0,RD HOME TECH,True,https://www.promart.pe/celular-honor-x5c-4ram-128gb-cyan-1001470742/p
Promart,Smartphones,HONOR,HONOR X5C PLUS 4RAM 256GB NEGRO,799.0,549.0,RD HOME TECH,True,https://www.promart.pe/honor-x5c-plus-4ram-256gb-negro-1001470738/p
Promart,Smartphones,HONOR,CELULAR HONOR X5C 4RAM 128GB PLATA,699.0,489.0,RD HOME TECH,True,https://www.promart.pe/celular-honor-x5c-4ram-128gb-plata-1001470734/p
Promart,Smartphones,HONOR,CELULAR HONOR PLAY 10 3RAM 64GB,550.0,409.0,RD HOME TECH,True,https://www.promart.pe/celular-honor-play-10-3ram-64gb-1001470732/p
Promart,Smartphones,XIAOMI,CELULAR REDMI A7 PRO 4RAM 64GB,599.0,489.0,RD HOME TECH,True,https://www.promart.pe/celular-redmi-a7-pro-4ram-64gb-1001470727/p
Promart,Smartphones,XIAOMI,CELULAR REDMI A7 PRO 4RAM 128GB,649.0,519.0,RD HOME TECH,True,https://www.promart.pe/celular-redmi-a7-pro-4ram-128gb-1001470719/p
Promart,Smartphones,XIAOMI,CELULAR REDMI NOTE 15 PRO 4G 8RAM 256GB AZUL,1299.0,1089.0,RD HOME TECH,True,https://www.promart.pe/-celular-redmi-note-15-pro-4g-8ram-256gb-azul-1001470715/p
Promart,Smartphones,XIAOMI,CELULAR REDMI A5 4RAM 128GB DORADO,699.0,439.0,RD HOME TECH,True,https://www.promart.pe/celular-redmi-a5-4ram-128gb-dorado-1001470709/p
Promart,Smartphones,SAMSUNG,CELULAR GALAXY A56 5G 12RAM 256GB ROSADO,1999.0,1999.0,RD HOME TECH,True,https://www.promart.pe/celular-galaxy-a56-5g-12ram-256gb-rosado-1001470705/p
Promart,Smartphones,XIAOMI,CELULAR REDMI NOTE 15 PRO 4G 8RAM 256GB,1399.0,1069.0,RD HOME TECH,True,https://www.promart.pe/celular-redmi-note-15-pro-4g-8ram-256gb-1001470703/p
Promart,Smartphones,SAMSUNG,CELULAR GALAXY A56 5G 8RAM 256GB,1799.0,1559.0,RD HOME TECH,True,https://www.promart.pe/celular-galaxy-a56-5g-8ram-256gb-1001470694/p
Promart,Smartphones,XIAOMI,CELULAR REDMI NOTE 15 4G 6RAM 128GB,999.0,789.0,RD HOME TECH,True,https://www.promart.pe/celular-redmi-note-15-4g-6ram-128gb-1001470690/p
Promart,Smartphones,XIAOMI,CELULAR REDMI 15 8RAM 256GB,899.0,749.0,RD HOME TECH,True,https://www.promart.pe/celular-redmi-15-8ram-256gb-1001470687/p
Promart,Smartphones,XIAOMI,CELULAR REDMI 15 6RAM 128GB,799.0,639.0,RD HOME TECH,True,https://www.promart.pe/celular-redmi-15-6ram-128gb-1001470686/p
Promart,Smartphones,SAMSUNG,CELULAR GALAXY A17 4G 8RAM 256GB,1099.0,919.0,RD HOME TECH,True,https://www.promart.pe/celular-galaxy-a17-4g-8ram-256gb-1001470685/p
Promart,Smartphones,XIAOMI,CELULAR REDMI A5 3RAM 64GB,499.0,399.0,RD HOME TECH,True,https://www.promart.pe/celular-redmi-a5-3ram-64gb-1001470682/p
Promart,Smartphones,XIAOMI,CELULAR REDMI A5 4RAM 128GB,599.0,469.0,RD HOME TECH,True,https://www.promart.pe/celular-redmi-a5-4ram-128gb-1001470681/p
Promart,Smartphones,XIAOMI,CELULAR REDMI 15C 4RAM 256GB,699.0,529.0,RD HOME TECH,True,https://www.promart.pe/celular-redmi-15c-4ram-256gb-1001470676/p
Promart,Smartphones,XIAOMI,CELULAR REDMI 15C 4RAM 128GB,699.0,499.0,RD HOME TECH,True,https://www.promart.pe/celular-redmi-15c-4ram-128gb-1001470675/p
Promart,Smartphones,SAMSUNG,CELULAR SAMSUNG A06 4RAM 64GB,699.0,399.0,RD HOME TECH,True,https://www.promart.pe/celular-samsung-a06-4ram-64gb-1001470668/p
Promart,Smartphones,SAMSUNG,CELULAR SAMSUNG GALAXY  A07 4RAM 128GB,739.0,459.0,RD HOME TECH,True,https://www.promart.pe/celular-samsung-galaxy-a07-4ram-128gb-1001470663/p
Promart,Smartphones,SAMSUNG,CELULAR GALAXY A06 4RAM 64GB VERDE,699.0,399.0,SMART TECH RB,True,https://www.promart.pe/celular-galaxy-a06-4ram-64gb-verde-1001470402/p
Promart,Smartphones,SAMSUNG,CELULAR GALAXY A56 5G 8RAM 256GB,1799.0,1559.0,SMART TECH RB,True,https://www.promart.pe/celular-galaxy-a56-5g-8ram-256gb-1001470396/p
Promart,Smartphones,SAMSUNG,CELULAR GALAXY A56 5G 12RAM 256GB ROSADO,1999.0,1999.0,SMART TECH RB,True,https://www.promart.pe/celular-galaxy-a56-5g-12ram-256gb-rosado-1001470385/p
Promart,Smartphones,SAMSUNG,CELULAR GALAXY A17 4G 6RAM 128GB AZUL,899.0,749.0,SMART TECH RB,True,https://www.promart.pe/celular-galaxy-a17-4g-6ram-128gb-azul-1001470370/p
Promart,Smartphones,HONOR,CELULAR HONOR X5C PLUS 4RAM 256GB AZUL,799.0,549.0,SMART TECH RB,True,https://www.promart.pe/celular-honor-x5c-plus-4ram-256gb-azul-1001470216/p
Promart,Smartphones,XIAOMI,CELULAR REDMI 15C 4RAM 128GB,699.0,499.0,SMART TECH RB,True,https://www.promart.pe/celular-redmi-15c-4ram-128gb-1001470181/p
Promart,Smartphones,XIAOMI,CELULAR REDMI NOTE 15 PRO PLUS 12RAM 512GB,2199.0,1899.0,SMART TECH RB,True,https://www.promart.pe/celular-redmi-note-15-pro-plus-12ram-512gb-1001470180/p
Promart,Smartphones,SAMSUNG,CELULAR SAMSUNG GALAXY  A07 4RAM 128GB,739.0,459.0,SMART TECH RB,True,https://www.promart.pe/celular-samsung-galaxy-a07-4ram-128gb-1001470172/p
Promart,Smartphones,XIAOMI,CELULAR REDMI A5 3RAM 64GB,499.0,399.0,SMART TECH RB,True,https://www.promart.pe/celular-redmi-a5-3ram-64gb-1001470170/p
Promart,Smartphones,XIAOMI,CELULAR XIAOMI 15T PRO 12RAM 512GB,3499.0,2949.0,SMART TECH RB,True,https://www.promart.pe/celular-xiaomi-15t-pro-12ram-512gb-1001470169/p
Promart,Smartphones,HONOR,CELULAR HONOR PLAY 10 3RAM 64GB,550.0,409.0,SMART TECH RB,True,https://www.promart.pe/celular-honor-play-10-3ram-64gb-1001470162/p
Promart,Smartphones,XIAOMI,CELULAR REDMI NOTE 15 4G 6RAM 128GB,999.0,789.0,SMART TECH RB,True,https://www.promart.pe/celular-redmi-note-15-4g-6ram-128gb-1001470161/p
Promart,Smartphones,SAMSUNG,CELULAR SAMSUNG A06 4RAM 64GB,699.0,399.0,SMART TECH RB,True,https://www.promart.pe/celular-samsung-a06-4ram-64gb-1001470155/p
Promart,Smartphones,XIAOMI,CELULAR REDMI NOTE 14 6RAM 128GB AZUL,899.0,899.0,SMART TECH RB,True,https://www.promart.pe/celular-redmi-note-14-6ram-128gb-azul-1001470151/p
Promart,Smartphones,HONOR,CELULAR HONOR X5C 4RAM 64GB NEGRO,699.0,469.0,SMART TECH RB,True,https://www.promart.pe/celular-honor-x5c-4ram-64gb-negro-1001470143/p
Promart,Smartphones,XIAOMI,CELULAR REDMI 15C 4RAM 128GB VERDE,599.0,499.0,SMART TECH RB,True,https://www.promart.pe/celular-redmi-15c-4ram-128gb-verde-1001470133/p
Promart,Smartphones,XIAOMI,CELULAR XIAOMI 15T 12RAM 512GB,2599.0,2199.0,SMART TECH RB,True,https://www.promart.pe/celular-xiaomi-15t-12ram-512gb-1001470120/p
Promart,Smartphones,XIAOMI,CELULAR REDMI NOTE 15 PRO 4G 8RAM 256GB,1399.0,1049.0,SMART TECH RB,True,https://www.promart.pe/celular-redmi-note-15-pro-4g-8ram-256gb-1001470103/p
Promart,Smartphones,HONOR,CELULAR HONOR MAGIC 8 LITE 8RAM 256GB VERDE,1899.0,1459.0,SMART TECH RB,True,https://www.promart.pe/celular-honor-magic-8-lite-8ram-256gb-verde-1001470094/p
Promart,Smartphones,HONOR,CELULAR HONOR 400 LITE 12RAM 256GB NEGRO,1499.0,1269.0,SMART TECH RB,True,https://www.promart.pe/celular-honor-400-lite-12ram-256gb-negro-1001470089/p
Promart,Smartphones,HONOR,CELULAR HONOR MAGIC 8 LITE 8RAM 256GB DORADO,1899.0,1459.0,SMART TECH RB,True,https://www.promart.pe/celular-honor-magic-8-lite-8ram-256gb-dorado-1001470088/p
Promart,Smartphones,XIAOMI,CELULAR REDMI NOTE 15 4G 6RAM 128GB MORADO,999.0,769.0,SMART TECH RB,True,https://www.promart.pe/celular-redmi-note-15-4g-6ram-128gb-morado-1001470087/p
Promart,Smartphones,HONOR,CELULAR HONOR X5C 4RAM 128GB NEGRO,699.0,489.0,SMART TECH RB,True,https://www.promart.pe/celular-honor-x5c-4ram-128gb-negro-1001470084/p
Promart,Smartphones,SAMSUNG,CELULAR GALAXY A17 4G 8RAM 256GB,1099.0,919.0,SMART TECH RB,True,https://www.promart.pe/celular-galaxy-a17-4g-8ram-256gb-1001470076/p
Promart,Smartphones,XIAOMI,CELULAR REDMI NOTE 15 PRO 4G 8RAM 256GB AZUL,1299.0,1069.0,SMART TECH RB,True,https://www.promart.pe/celular-redmi-note-15-pro-4g-8ram-256gb-azul-1001470075/p
Promart,Smartphones,XIAOMI,CELULAR REDMI NOTE 15 4G 8RAM 256GB,999.0,929.0,SMART TECH RB,True,https://www.promart.pe/celular-redmi-note-15-4g-8ram-256gb-1001470073/p
Promart,Smartphones,XIAOMI,CELULAR REDMI 15C 4RAM 256GB,699.0,529.0,SMART TECH RB,True,https://www.promart.pe/celular-redmi-15c-4ram-256gb-1001470070/p
Promart,Smartphones,XIAOMI,CELULAR REDMI A7 PRO 4RAM 64GB,599.0,489.0,SMART TECH RB,True,https://www.promart.pe/celular-redmi-a7-pro-4ram-64gb-1001470069/p
Promart,Smartphones,XIAOMI,CELULAR REDMI 15C 8RAM 256GB AZUL,899.0,639.0,SMART TECH RB,True,https://www.promart.pe/celular-redmi-15c-8ram-256gb-azul-1001470060/p
Promart,Smartphones,XIAOMI,CELULAR REDMI A7 PRO 4RAM 128GB,649.0,519.0,SMART TECH RB,True,https://www.promart.pe/celular-redmi-a7-pro-4ram-128gb-1001470057/p
Promart,Smartphones,XIAOMI,CELULAR REDMI A5 4RAM 128GB DORADO,699.0,439.0,SMART TECH RB,True,https://www.promart.pe/celular-redmi-a5-4ram-128gb-dorado-1001470054/p
Promart,Smartphones,HONOR,CELULAR HONOR X5C 4RAM 128GB CYAN,699.0,489.0,SMART TECH RB,True,https://www.promart.pe/celular-honor-x5c-4ram-128gb-cyan-1001469973/p
Promart,Smartphones,SAMSUNG,CELULAR SAMSUNG A06 4RAM 64GB BLANCO,599.0,399.0,SMART TECH RB,True,https://www.promart.pe/celular-samsung-a06-4ram-64gb-blanco-1001469970/p
Promart,Smartphones,XIAOMI,CELULAR REDMI 15 6RAM 128GB,799.0,639.0,SMART TECH RB,True,https://www.promart.pe/celular-redmi-15-6ram-128gb-1001469956/p
Promart,Smartphones,HONOR,HONOR X5C PLUS 4RAM 256GB NEGRO,799.0,549.0,SMART TECH RB,True,https://www.promart.pe/honor-x5c-plus-4ram-256gb-negro-1001469944/p
Promart,Smartphones,XIAOMI,CELULAR REDMI A5 4RAM 128GB,599.0,469.0,SMART TECH RB,True,https://www.promart.pe/celular-redmi-a5-4ram-128gb-1001469940/p
Promart,Smartphones,HONOR,CELULAR MAGIC 8 LITE 8RAM 512GB NEGRO,1799.0,1599.0,SMART TECH RB,True,https://www.promart.pe/celular-magic-8-lite-8ram-512gb-negro-1001469931/p
Promart,Smartphones,HONOR,CELULAR HONOR X5C 4RAM 128GB PLATA,699.0,489.0,SMART TECH RB,True,https://www.promart.pe/celular-honor-x5c-4ram-128gb-plata-1001469928/p
Promart,Smartphones,HONOR,CELULAR HONOR X5C PLUS 6RAM 256GB AZUL,799.0,599.0,SMART TECH RB,True,https://www.promart.pe/celular-honor-x5c-plus-6ram-256gb-azul-1001469924/p
Promart,Smartphones,XIAOMI,CELULAR REDMI 15 8RAM 256GB,899.0,749.0,SMART TECH RB,True,https://www.promart.pe/celular-redmi-15-8ram-256gb-1001469889/p
Promart,Smartphones,APPLE,Apple iPhone 17 Pro Max 512GB CHIP FISICO - Silver,8299.0,6589.0,Fox Móviles SAC,True,https://www.promart.pe/apple-iphone-17-pro-max-512gb-chip-fisico-silver-1001468805/p
Promart,Smartphones,SAMSUNG,Celular Samsung Galaxy A16 128GB 4GB Negro y Adaptador USB-C Samsung Original 15W,1049.0,649.0,INFOTECSHOPExpress,True,https://www.promart.pe/celular-samsung-galaxy-a16-128gb-4gb-negro-y-adaptador-usb-c-samsung-original-15w-1001468783/p
Promart,Smartphones,XIAOMI,Xiaomi Redmi 15C 256GB 8GB Ram Color Verde - Smartwatch y Audifonos,1099.0,799.0,INFOTECSHOPExpress,True,https://www.promart.pe/xiaomi-redmi-15c-256gb-8gb-ram-color-verde-smartwatch-y-audifonos-1001468650/p
Promart,Smartphones,XIAOMI,Xiaomi Redmi Note 15 4g 128gb 6gb Ram Verde Bosque,1329.0,849.0,TelcelperuExpress,True,https://www.promart.pe/xiaomi-redmi-note-15-4g-128gb-6gb-ram-verde-bosque-1001468646/p
Promart,Smartphones,XIAOMI,Xiaomi Redmi 15C 128GB 4GB Ram Color Verde - Smartwatch y Audifonos,949.0,649.0,INFOTECSHOPExpress,True,https://www.promart.pe/xiaomi-redmi-15c-128gb-4gb-ram-color-verde-smartwatch-y-audifonos-1001468641/p
Promart,Smartphones,SAMSUNG,Samsung Galaxy A07 64GB 4GB Negro y  Adaptador USB-C Samsung Original 15W,799.0,569.0,INFOTECSHOPExpress,True,https://www.promart.pe/samsung-galaxy-a07-64gb-4gb-negro-y-adaptador-usb-c-samsung-original-15w-1001468639/p
Promart,Smartphones,XIAOMI,Xiaomi Redmi 15C 256GB 8GB Ram Color Verde,999.0,699.0,INFOTECSHOPExpress,True,https://www.promart.pe/xiaomi-redmi-15c-256gb-8gb-ram-color-verde-1001468637/p
Promart,Smartphones,HONOR,Honor X5c 128GB 4GB Ram Plata,799.0,509.0,INFOTECSHOPExpress,True,https://www.promart.pe/honor-x5c-128gb-4gb-ram-plata-1001468634/p
Promart,Smartphones,XIAOMI,Xiaomi Redmi 15C 256GB 4GB Ram Color Verde,899.0,569.0,INFOTECSHOPExpress,True,https://www.promart.pe/xiaomi-redmi-15c-256gb-4gb-ram-color-verde-1001468633/p
Promart,Smartphones,XIAOMI,Xiaomi Redmi 15C 256GB 4GB Ram Color Verde - Smartwatch y Audifonos,999.0,669.0,INFOTECSHOPExpress,True,https://www.promart.pe/xiaomi-redmi-15c-256gb-4gb-ram-color-verde-smartwatch-y-audifonos-1001468629/p
Promart,Smartphones,HONOR,Honor X5c 64GB 4GB Ram Negro,649.0,449.0,INFOTECSHOPExpress,True,https://www.promart.pe/honor-x5c-64gb-4gb-ram-negro-1001468628/p
Promart,Smartphones,XIAOMI,Xiaomi Redmi 15C 128GB 4GB Ram Color Verde,899.0,529.0,INFOTECSHOPExpress,True,https://www.promart.pe/xiaomi-redmi-15c-128gb-4gb-ram-color-verde-1001468627/p
Promart,Smartphones,SAMSUNG,Samsung Galaxy A07 128GB 4GB Negro y Adaptador USB-C Samsung Original 15W,999.0,629.0,INFOTECSHOPExpress,True,https://www.promart.pe/samsung-galaxy-a07-128gb-4gb-negro-y-adaptador-usb-c-samsung-original-15w-1001468618/p
Promart,Smartphones,XIAOMI,Xiaomi Redmi A5 4G 64GB 3GB Negro - Smartwatch y Audífonos,799.0,489.0,INFOTECSHOPExpress,True,https://www.promart.pe/xiaomi-redmi-a5-4g-64gb-3gb-negro-smartwatch-y-audifonos-1001468615/p
Promart,Smartphones,XIAOMI,Xiaomi Redmi 15C 128GB 4GB Ram Color Azul - Smartwatch y Audifonos,999.0,649.0,INFOTECSHOPExpress,True,https://www.promart.pe/xiaomi-redmi-15c-128gb-4gb-ram-color-azul-smartwatch-y-audifonos-1001468613/p
Promart,Smartphones,APPLE,iPhone 12 Mini 256GB Morado - Reacondicionado,2599.0,1199.0,SMARTLEBEN,True,https://www.promart.pe/iphone-12-mini-256gb-morado-reacondicionado-1001468413/p
Promart,Smartphones,XIAOMI,CELULAR REDMI 15C 4RAM 128GB NEGRO,799.0,479.0,COMERCIAL RRJ EIRL,True,https://www.promart.pe/celular-redmi-15c-4ram-128gb-negro-1001468167/p
Promart,Smartphones,HONOR,SMARTPHONE HONOR 400 12GB 512GB DUAL SIM,2699.0,2099.0,ELECTRODOMESTICOS GALEXA,True,https://www.promart.pe/smartphone-honor-400-12gb-512gb-dual-sim-1001468163/p
Promart,Smartphones,MOTOROLA,Celular Moto Edge 60 Fusion 8GB  256GB,1799.0,1144.0,ELECTRODOMESTICOS GALEXA,True,https://www.promart.pe/celular-moto-edge-60-fusion-8gb-256gb-1001468157/p
Promart,Smartphones,MOTOROLA,CELULAR MOTOROLA MOTO G06 4 128GB,799.0,439.0,ELECTRODOMESTICOS GALEXA,True,https://www.promart.pe/celular-motorola-moto-g06-4-128gb-1001468130/p
Promart,Smartphones,SAMSUNG,Samsung Galaxy A16 128GB 4GB Ram Color Negro,949.0,549.0,INFOTECSHOPExpress,True,https://www.promart.pe/samsung-galaxy-a16-128gb-4gb-ram-color-negro-1001468081/p
Promart,Smartphones,SAMSUNG,Samsung Galaxy A56 5G 256GB 8GB Ram Color Negro,2499.0,1599.0,INFOTECSHOPExpress,True,https://www.promart.pe/samsung-galaxy-a56-5g-256gb-8gb-ram-color-negro-1001468070/p
Promart,Smartphones,SAMSUNG,Samsung Galaxy A07 64GB 4GB Negro,699.0,469.0,INFOTECSHOPExpress,True,https://www.promart.pe/samsung-galaxy-a07-64gb-4gb-negro-1001468033/p
Promart,Smartphones,XIAOMI,Xiaomi Redmi 15C 128GB 4GB Ram Azul,899.0,529.0,INFOTECSHOPExpress,True,https://www.promart.pe/xiaomi-redmi-15c-128gb-4gb-ram-azul-1001468015/p
Promart,Smartphones,XIAOMI,Celular Redmi Note 14 4G 6GB RAM 128GB Negro,1049.0,729.0,ELECTRODOMESTICOS GALEXA,True,https://www.promart.pe/celular-redmi-note-14-4g-6gb-ram-128gb-negro-1001467239/p
Promart,Smartphones,MOTOROLA,Celular Motorola Edge 70 Fusion 8GB  256GB Azul,2099.0,1449.0,ELECTRODOMESTICOS GALEXA,True,https://www.promart.pe/celular-motorola-edge-70-fusion-8gb-256gb-azul-1001467238/p
Promart,Smartphones,HONOR,Honor X7d 256gb 6gb Ram Azul Cian,1299.0,1299.0,Telcelperu,True,https://www.promart.pe/honor-x7d-256gb-6gb-ram-azul-cian-1001467212/p
Promart,Smartphones,HONOR,Honor X7d 256gb 6gb Ram Negro Nocturno,1299.0,899.0,Moviles Eirl,True,https://www.promart.pe/honor-x7d-256gb-6gb-ram-negro-nocturno-1001467111/p
Promart,Smartphones,HONOR,Honor X7d 256gb 6gb Ram Negro Nocturno,1299.0,899.0,Telcelperu,True,https://www.promart.pe/honor-x7d-256gb-6gb-ram-negro-nocturno-1001467095/p
Promart,Smartphones,XIAOMI,CELULAR XIAOMI POCO X7 PRO 512GB 12GB RAM NEGRO,1999.0,1589.0,ELECTRODOMESTICOS GALEXA,True,https://www.promart.pe/celular-xiaomi-poco-x7-pro-512gb-12gb-ram-negro-1001467092/p
Promart,Smartphones,HONOR,Honor X7d 256gb 6gb Ram Azul Cian,1299.0,899.0,TelcelperuExpress,True,https://www.promart.pe/honor-x7d-256gb-6gb-ram-azul-cian-1001467078/p
Promart,Smartphones,HONOR,HONOR MAGIC 8 LITE 256GB 8GB RAM FOREST GREEN,1899.0,1649.0,ELECTRODOMESTICOS GALEXA,True,https://www.promart.pe/honor-magic-8-lite-256gb-8gb-ram-forest-green-1001467077/p
Promart,Smartphones,HONOR,Honor X7d 256gb 6gb Ram Negro Nocturno,1299.0,899.0,TelcelperuExpress,True,https://www.promart.pe/honor-x7d-256gb-6gb-ram-negro-nocturno-1001467076/p
Promart,Smartphones,HONOR,Honor X7d 256gb 6gb Ram Azul Cian,1299.0,899.0,Moviles Eirl,True,https://www.promart.pe/honor-x7d-256gb-6gb-ram-azul-cian-1001467067/p
Promart,Smartphones,XIAOMI,XIAOMI CELULAR REDMI 15C 8GB RAM 256GB ROM COLOR NEGRO,999.0,679.0,ELECTRODOMESTICOS GALEXA,True,https://www.promart.pe/xiaomi-celular-redmi-15c-8gb-ram-256gb-rom-color-negro-1001467062/p
Promart,Smartphones,HONOR,Celular Honor Play 10 4G 3GB 64GB Negro,799.0,449.0,ELECTRODOMESTICOS GALEXA,True,https://www.promart.pe/celular-honor-play-10-4g-3gb-64gb-negro-1001467057/p
Promart,Smartphones,SAMSUNG,Celular Samsung Galaxy A36 5G 6.7 Pulg. 8GB RAM 256GB Android 15  Negro,1699.0,1389.0,ELECTRODOMESTICOS GALEXA,True,https://www.promart.pe/-celular-samsung-galaxy-a36-5g-6-7-pulg-8gb-ram-256gb-android-15-negro-1001467056/p
Promart,Smartphones,SAMSUNG,Celular Samsung A17 8GB RAM 256GB 6.7  Pulg. Android 15 - Negro,1499.0,999.0,ELECTRODOMESTICOS GALEXA,True,https://www.promart.pe/celular-samsung-a17-8gb-ram-256gb-6-7-pulg-android-15-negro-1001467041/p
Promart,Smartphones,SAMSUNG,Celular Samsung A17 4G 6GB RAM 128GB 6.7 Android 14 - Negro,1249.0,689.0,ELECTRODOMESTICOS GALEXA,True,https://www.promart.pe/celular-samsung-a17-4g-6gb-ram-128gb-6-7-android-14---negro-1001467025/p
Promart,Smartphones,SAMSUNG,Celular Samsung Galaxy A16 4GB 128GB NEGRO,999.0,539.0,ELECTRODOMESTICOS GALEXA,True,https://www.promart.pe/celular-samsung-galaxy-a16-4gb-128gb-negro-1001467022/p
Promart,Smartphones,HONOR,Honor X6d 256GB 4GB Cian,859.0,716.0,CELULARESPERUSMARTSAC,True,https://www.promart.pe/honor-x6d-256gb-4gb-cian-1001466616/p
Promart,Smartphones,XIAOMI,Xiaomi Redmi Note 15 Pro 5G 256GB 8GB Negro,1725.0,1597.0,CELULARESPERUSMARTSAC,True,https://www.promart.pe/xiaomi-redmi-note-15-pro-5g-256gb-8gb-negro-1001466614/p
Promart,Smartphones,XIAOMI,Xiaomi Poco C85 256GB 8GB Verde,821.0,684.0,CELULARESPERUSMARTSAC,True,https://www.promart.pe/xiaomi-poco-c85-256gb-8gb-verde-1001466613/p
Promart,Smartphones,XIAOMI,Xiaomi Redmi Note 15 Pro Plus 5G 512GB 12GB Mocha Brown,2171.0,2010.0,CELULARESPERUSMARTSAC,True,https://www.promart.pe/xiaomi-redmi-note-15-pro-plus-5g-512gb-12gb-mocha-brown-1001466610/p
Promart,Smartphones,XIAOMI,Xiaomi Poco C85 128GB 6GB Morado,703.0,586.0,CELULARESPERUSMARTSAC,True,https://www.promart.pe/xiaomi-poco-c85-128gb-6gb-morado-1001466604/p
Promart,Smartphones,HONOR,Honor X6d 256GB 4GB Black,808.0,673.0,CELULARESPERUSMARTSAC,True,https://www.promart.pe/honor-x6d-256gb-4gb-black-1001466603/p
Promart,Smartphones,SAMSUNG,Samsung Galaxy A37 5g 256gb 8gb Charcoal,2149.0,1499.0,Telcelperu,True,https://www.promart.pe/samsung-galaxy-a37-5g-256gb-8gb-charcoal-1001463832/p
Promart,Smartphones,XIAOMI,Xiaomi Poco X8 Pro 256gb 8gb Black,1999.0,1399.0,Telcelperu,True,https://www.promart.pe/xiaomi-poco-x8-pro-256gb-8gb-black-1001463823/p
Promart,Smartphones,SAMSUNG,Samsung Galaxy A37 5g 256gb 8gb Charcoal,2149.0,1599.0,TelcelperuExpress,True,https://www.promart.pe/samsung-galaxy-a37-5g-256gb-8gb-charcoal-1001463821/p
Promart,Smartphones,XIAOMI,Xiaomi Poco X8 Pro 512gb 8gb Black,2128.0,1529.0,Telcelperu,True,https://www.promart.pe/xiaomi-poco-x8-pro-512gb-8gb-black-1001463817/p
Promart,Smartphones,XIAOMI,Xiaomi Poco X8 Pro 256gb 8gb Green,1999.0,1439.0,TelcelperuExpress,True,https://www.promart.pe/xiaomi-poco-x8-pro-256gb-8gb-green-1001463814/p
Promart,Smartphones,XIAOMI,Xiaomi Poco X8 Pro 512gb 8gb Black,2128.0,1529.0,Moviles Eirl,True,https://www.promart.pe/xiaomi-poco-x8-pro-512gb-8gb-black-1001463808/p
Promart,Smartphones,XIAOMI,Xiaomi Poco X8 Pro 512gb 8gb Black,2128.0,1529.0,TelcelperuExpress,True,https://www.promart.pe/xiaomi-poco-x8-pro-512gb-8gb-black-1001463806/p
Promart,Smartphones,XIAOMI,Xiaomi Poco X8 Pro 256gb 8gb Black,1999.0,1439.0,TelcelperuExpress,True,https://www.promart.pe/xiaomi-poco-x8-pro-256gb-8gb-black-1001463804/p
Promart,Smartphones,XIAOMI,Xiaomi Poco X8 Pro 512gb 12gb White,2299.0,1739.0,Telcelperu,True,https://www.promart.pe/xiaomi-poco-x8-pro-512gb-12gb-white-1001463799/p
Promart,Smartphones,XIAOMI,Xiaomi Poco X8 Pro 256gb 8gb White,1999.0,1439.0,TelcelperuExpress,True,https://www.promart.pe/xiaomi-poco-x8-pro-256gb-8gb-white-1001463797/p
Promart,Smartphones,XIAOMI,Xiaomi Poco X8 Pro 512gb 12gb White,2299.0,1739.0,TelcelperuExpress,True,https://www.promart.pe/xiaomi-poco-x8-pro-512gb-12gb-white-1001463796/p
Promart,Smartphones,XIAOMI,Xiaomi Poco X8 Pro 512gb 12gb White,2299.0,2299.0,Moviles Eirl,True,https://www.promart.pe/xiaomi-poco-x8-pro-512gb-12gb-white-1001463795/p
Promart,Smartphones,XIAOMI,Xiaomi Poco X8 Pro 256gb 8gb White,1999.0,1999.0,Moviles Eirl,True,https://www.promart.pe/xiaomi-poco-x8-pro-256gb-8gb-white-1001463792/p
Promart,Smartphones,SAMSUNG,Samsung Galaxy A37 5g 256gb 8gb Charcoal,2149.0,2149.0,Moviles Eirl,True,https://www.promart.pe/samsung-galaxy-a37-5g-256gb-8gb-charcoal-1001463791/p
Promart,Smartphones,XIAOMI,Xiaomi Poco X8 Pro 256gb 8gb Green,1999.0,1999.0,Moviles Eirl,True,https://www.promart.pe/xiaomi-poco-x8-pro-256gb-8gb-green-1001463790/p
Promart,Smartphones,XIAOMI,Xiaomi Poco X8 Pro 256gb 8gb Black,1999.0,1999.0,Moviles Eirl,True,https://www.promart.pe/xiaomi-poco-x8-pro-256gb-8gb-black-1001463789/p
Promart,Smartphones,APPLE,IPhone 16 Pro Max 256gb Desert Titanium  Condición EXCELENTE A3084 - Batería 100,4799.0,4799.0,IAN STORE,True,https://www.promart.pe/iphone-16-pro-max-256gb-desert-titanium-condicion-open-box-a3084-bateria-100-1001463154/p
Promart,Smartphones,XIAOMI,CELULAR REDMI 15C 4RAM 128GB VERDE,799.0,549.0,COMERCIAL RRJ EIRL,True,https://www.promart.pe/celular-redmi-15c-4ram-128gb-verde-1001462698/p
Promart,Smartphones,SAMSUNG,Samsung A57 5G 256GB 8GB Dark Blue,2111.0,1955.0,CELULARESPERUSMARTSAC,True,https://www.promart.pe/samsung-a57-5g-256gb-8gb-dark-blue-1001461889/p
Promart,Smartphones,XIAOMI,Xiaomi Redmi note 15 5g 256GB 8GB Black,1337.0,1238.0,CELULARESPERUSMARTSAC,True,https://www.promart.pe/xiaomi-redmi-note-15-5g-256gb-8gb-black-1001461886/p
Promart,Smartphones,HONOR,Honor Play 10 128GB 4GB Cian,534.0,445.0,CELULARESPERUSMARTSAC,True,https://www.promart.pe/honor-play-10-128gb-4gb-cian-1001461885/p
Promart,Smartphones,HONOR,Honor X5c Plus 256gb 6gb Negro Medianoche,859.0,639.0,Telcelperu,True,https://www.promart.pe/honor-x5c-plus-256gb-6gb-negro-medianoche-1001461576/p
Promart,Smartphones,MOTOROLA,Moto G06 128gb 4gb Azul,849.0,519.0,Telcelperu,True,https://www.promart.pe/moto-g06-128gb-4gb-azul-1001461567/p
Promart,Smartphones,HONOR,Honor X5c Plus 256gb 6gb Azul Cian,859.0,639.0,Telcelperu,True,https://www.promart.pe/honor-x5c-plus-256gb-6gb-azul-cian-1001461560/p
Promart,Smartphones,XIAOMI,Xiaomi 17 Ultra Dual Sim 512gb 16gb Ram Negro,6799.0,6299.0,Telcelperu,True,https://www.promart.pe/xiaomi-17-ultra-dual-sim-512gb-16gb-ram-negro-1001461545/p
Promart,Smartphones,XIAOMI,Xiaomi Poco X8 Pro Max 256gb 12gb Black,2499.0,2099.0,Telcelperu,True,https://www.promart.pe/xiaomi-poco-x8-pro-max-256gb-12gb-black-1001461542/p
Promart,Smartphones,XIAOMI,Xiaomi Poco X8 Pro Max 512gb 12gb Black,2699.0,2279.0,Telcelperu,True,https://www.promart.pe/xiaomi-poco-x8-pro-max-512gb-12gb-black-1001461540/p
Promart,Smartphones,SAMSUNG,Samsung Galaxy A06 64gb 4gb Light Green,739.0,399.0,Telcelperu,True,https://www.promart.pe/samsung-galaxy-a06-64gb-4gb-light-green-1001461533/p
Promart,Smartphones,HONOR,Honor X5c Plus 256gb 6gb Plata Meteoro,859.0,639.0,Telcelperu,True,https://www.promart.pe/honor-x5c-plus-256gb-6gb-plata-meteoro-1001461529/p
Promart,Smartphones,MOTOROLA,Moto G06 256gb 4gb Verde,857.0,549.0,Telcelperu,True,https://www.promart.pe/moto-g06-256gb-4gb-verde-1001461528/p
Promart,Smartphones,XIAOMI,Xiaomi Poco X8 Pro Max 256gb 12gb Azul,2499.0,2099.0,Telcelperu,True,https://www.promart.pe/xiaomi-poco-x8-pro-max-256gb-12gb-azul-1001461526/p
Promart,Smartphones,XIAOMI,Xiaomi Redmi A7 Pro 128GB 4GB Ram Azul,899.0,489.0,INFOTECSHOPExpress,True,https://www.promart.pe/xiaomi-redmi-a7-pro-128gb-4gb-ram-azul-1001461339/p
Promart,Smartphones,XIAOMI,Xiaomi Redmi Note 15 4G 128GB 6GB Ram Azul - Smartwatch y Audífonos,1499.0,869.0,INFOTECSHOPExpress,True,https://www.promart.pe/xiaomi-redmi-note-15-4g-128gb-6gb-ram-azul-y-smartwatch-audifonos-1001461337/p
Promart,Smartphones,HONOR,Honor X8d 256GB 8GB Ram Negro,1799.0,1089.0,INFOTECSHOPExpress,True,https://www.promart.pe/honor-x8d-256gb-8gb-ram-negro-1001461335/p
Promart,Smartphones,HONOR,Honor X6c 256GB 6GB Ram Azul,999.0,999.0,INFOTECSHOPExpress,True,https://www.promart.pe/honor-x6c-256gb-6gb-ram-azul-1001461327/p
Promart,Smartphones,HONOR,Honor Magic 8 Lite 5G 512GB 8GB Ram Negro,2899.0,1869.0,INFOTECSHOPExpress,True,https://www.promart.pe/honor-magic-8-lite-5g-512gb-8gb-ram-negro-1001461326/p
Promart,Smartphones,SAMSUNG,Samsung Galaxy A37 5G 256GB 8GB Ram Gris Oscuro,2499.0,1569.0,INFOTECSHOPExpress,True,https://www.promart.pe/samsung-galaxy-a37-5g-256gb-8gb-ram-gris-oscuro-1001461325/p
Promart,Smartphones,SAMSUNG,Samsung Galaxy A37 5G 256GB 8GB Ram Gris Oscuro y Adaptador USB-C Samsung Original 25W,2599.0,1669.0,INFOTECSHOPExpress,True,https://www.promart.pe/samsung-galaxy-a37-5g-256gb-8gb-ram-gris-oscuro-adaptador-usb-c-samsung-original-25w-1001461322/p
Promart,Smartphones,XIAOMI,Xiaomi Redmi A7 Pro 128GB 4GB Ram Azul y Smartwatch - Audífonos,999.0,599.0,INFOTECSHOPExpress,True,https://www.promart.pe/xiaomi-redmi-a7-pro-128gb-4gb-ram-azul-y-smartwatch-audifonos-1001461320/p
Promart,Smartphones,HONOR,Honor X6c 256GB 6GB Ram Blanco,999.0,999.0,INFOTECSHOPExpress,True,https://www.promart.pe/honor-x6c-256gb-6gb-ram-blanco-1001461318/p
Promart,Smartphones,XIAOMI,Xiaomi Redmi A7 Pro 128GB 4GB Ram Negro y Smartwatch - Audífonos,999.0,599.0,INFOTECSHOPExpress,True,https://www.promart.pe/xiaomi-redmi-a7-pro-128gb-4gb-ram-negro-y-smartwatch-audifonos-1001461316/p
Promart,Smartphones,XIAOMI,Xiaomi Redmi A7 Pro 128GB 4GB Ram Negro,899.0,489.0,INFOTECSHOPExpress,True,https://www.promart.pe/xiaomi-redmi-a7-pro-128gb-4gb-ram-negro-1001461313/p
Promart,Smartphones,HONOR,Honor X7d 256GB 8GB Ram Negro,1499.0,869.0,INFOTECSHOPExpress,True,https://www.promart.pe/honor-x7d-256gb-8gb-ram-negro-1001461303/p
Promart,Smartphones,XIAOMI,Xiaomi Redmi Note 15 4G 256GB 8GB Ram Azul,1499.0,889.0,INFOTECSHOPExpress,True,https://www.promart.pe/xiaomi-redmi-note-15-4g-256gb-8gb-ram-azul-1001461301/p
Promart,Smartphones,HONOR,Honor Magic 8 Lite 5G 256GB 8GB Ram Dorado,2499.0,1589.0,INFOTECSHOPExpress,True,https://www.promart.pe/honor-magic-8-lite-5g-256gb-8gb-ram-dorado-1001461288/p
Promart,Smartphones,HONOR,Honor Magic 8 Lite 5G 256GB 8GB Ram Verde,2499.0,1589.0,INFOTECSHOPExpress,True,https://www.promart.pe/honor-magic-8-lite-5g-256gb-8gb-ram-verde-1001461287/p
Promart,Smartphones,XIAOMI,Xiaomi Redmi Note 15 Pro Plus 5G 512GB 12GB Ram Negro y Smartwatch - Audífonos,3099.0,2149.0,INFOTECSHOPExpress,True,https://www.promart.pe/xiaomi-redmi-note-15-pro-plus-5g-512gb-12gb-ram-negro-y-smartwatch-audifonos-1001461280/p
Promart,Smartphones,HONOR,Honor Magic 8 Lite 5G 512GB 8GB Ram Verde,2899.0,1869.0,INFOTECSHOPExpress,True,https://www.promart.pe/honor-magic-8-lite-5g-512gb-8gb-ram-verde-1001461276/p
Promart,Smartphones,HONOR,Honor X5c Plus 256gb 6gb Negro Medianoche,859.0,639.0,Moviles Eirl,True,https://www.promart.pe/honor-x5c-plus-256gb-6gb-negro-medianoche-1001461211/p
Promart,Smartphones,HONOR,Honor X5c Plus 256gb 6gb Azul Cian,859.0,639.0,TelcelperuExpress,True,https://www.promart.pe/honor-x5c-plus-256gb-6gb-azul-cian-1001461196/p
Promart,Smartphones,XIAOMI,Xiaomi Poco X8 Pro Max 512gb 12gb Black,2699.0,2279.0,TelcelperuExpress,True,https://www.promart.pe/xiaomi-poco-x8-pro-max-512gb-12gb-black-1001461189/p
Promart,Smartphones,MOTOROLA,Moto G06 256gb 4gb Verde,859.0,549.0,Moviles Eirl,True,https://www.promart.pe/moto-g06-256gb-4gb-verde-1001461186/p
Promart,Smartphones,HONOR,Honor X5c Plus 256gb 6gb Azul Cian,859.0,639.0,Moviles Eirl,True,https://www.promart.pe/honor-x5c-plus-256gb-6gb-azul-cian-1001461185/p
Promart,Smartphones,XIAOMI,Xiaomi Poco X8 Pro Max 256gb 12gb Black,2499.0,2499.0,Moviles Eirl,True,https://www.promart.pe/xiaomi-poco-x8-pro-max-256gb-12gb-black-1001461184/p
Promart,Smartphones,HONOR,Honor X5c Plus 256gb 6gb Plata Meteoro,859.0,639.0,Moviles Eirl,True,https://www.promart.pe/honor-x5c-plus-256gb-6gb-plata-meteoro-1001461183/p
Promart,Smartphones,HONOR,Honor X5c Plus 256gb 6gb Plata Meteoro,859.0,639.0,TelcelperuExpress,True,https://www.promart.pe/honor-x5c-plus-256gb-6gb-plata-meteoro-1001461182/p
Promart,Smartphones,XIAOMI,Xiaomi 17 Ultra Dual Sim 512gb 16gb Ram Negro,6799.0,6299.0,TelcelperuExpress,True,https://www.promart.pe/xiaomi-17-ultra-dual-sim-512gb-16gb-ram-negro-1001461181/p
Promart,Smartphones,MOTOROLA,Moto G06 128gb 4gb Azul,849.0,519.0,TelcelperuExpress,True,https://www.promart.pe/moto-g06-128gb-4gb-azul-1001461177/p
Promart,Smartphones,HONOR,Honor X5c Plus 256gb 6gb Negro Medianoche,859.0,639.0,TelcelperuExpress,True,https://www.promart.pe/honor-x5c-plus-256gb-6gb-negro-medianoche-1001461174/p
Promart,Smartphones,MOTOROLA,Moto G06 128gb 4gb Azul,849.0,519.0,Moviles Eirl,True,https://www.promart.pe/moto-g06-128gb-4gb-azul-1001461171/p
Promart,Smartphones,SAMSUNG,Samsung Galaxy A06 64gb 4gb Light Green,739.0,739.0,Moviles Eirl,True,https://www.promart.pe/samsung-galaxy-a06-64gb-4gb-light-green-1001461169/p
Promart,Smartphones,XIAOMI,Xiaomi Poco X8 Pro Max 512gb 12gb Black,2699.0,2699.0,Moviles Eirl,True,https://www.promart.pe/xiaomi-poco-x8-pro-max-512gb-12gb-black-1001461164/p
Promart,Smartphones,XIAOMI,Xiaomi Poco X8 Pro Max 256gb 12gb Azul,2499.0,2499.0,Moviles Eirl,True,https://www.promart.pe/xiaomi-poco-x8-pro-max-256gb-12gb-azul-1001461161/p
Promart,Smartphones,XIAOMI,Xiaomi 17 Ultra Dual Sim 512gb 16gb Ram Negro,6799.0,6299.0,Moviles Eirl,True,https://www.promart.pe/xiaomi-17-ultra-dual-sim-512gb-16gb-ram-negro-1001461157/p
Promart,Smartphones,XIAOMI,Xiaomi Poco X8 Pro Max 256gb 12gb Black,2499.0,2099.0,TelcelperuExpress,True,https://www.promart.pe/xiaomi-poco-x8-pro-max-256gb-12gb-black-1001461121/p
Promart,Smartphones,MOTOROLA,Moto G06 256gb 4gb Verde,859.0,549.0,TelcelperuExpress,True,https://www.promart.pe/moto-g06-256gb-4gb-verde-1001461120/p
Promart,Smartphones,XIAOMI,Xiaomi Poco X8 Pro Max 256gb 12gb Azul,2499.0,2099.0,TelcelperuExpress,True,https://www.promart.pe/xiaomi-poco-x8-pro-max-256gb-12gb-azul-1001461107/p
Promart,Smartphones,XIAOMI,Honor 600E 5g 256gb 8gb Verde Vital Con Earbuds X7 Lite,2199.0,1779.0,Telcelperu,True,https://www.promart.pe/honor-600e-5g-256gb-8gb-verde-vital-con-earbuds-x7-lite-1001460167/p
Promart,Smartphones,XIAOMI,Honor 600E 5g 256gb 8gb Dorado Desierto Con Earbuds X7 Lite,2199.0,1779.0,Telcelperu,True,https://www.promart.pe/honor-600e-5g-256gb-8gb-dorado-desierto-con-earbuds-x7-lite-1001460143/p
Promart,Smartphones,XIAOMI,Honor 600E 5g 256gb 8gb Gris Con Earbuds X7 Lite,2199.0,1779.0,Telcelperu,True,https://www.promart.pe/honor-600e-5g-256gb-8gb-gris-con-earbuds-x7-lite-1001460139/p
Promart,Smartphones,XIAOMI,Honor 600E 5g 256gb 8gb Dorado Desierto Con Earbuds X7 Lite,2199.0,1779.0,Moviles Eirl,True,https://www.promart.pe/honor-600e-5g-256gb-8gb-dorado-desierto-con-earbuds-x7-lite-1001459608/p
Promart,Smartphones,XIAOMI,Honor 600E 5g 256gb 8gb Verde Vital Con Earbuds X7 Lite,2199.0,1779.0,Moviles Eirl,True,https://www.promart.pe/honor-600e-5g-256gb-8gb-verde-vital-con-earbuds-x7-lite-1001459598/p
Promart,Smartphones,XIAOMI,Honor 600E 5g 256gb 8gb Gris Con Earbuds X7 Lite,2199.0,1779.0,Moviles Eirl,True,https://www.promart.pe/honor-600e-5g-256gb-8gb-gris-con-earbuds-x7-lite-1001459568/p
Promart,Smartphones,XIAOMI,Honor 600E 5g 256gb 8gb Gris Con Earbuds X7 Lite,2199.0,1779.0,TelcelperuExpress,True,https://www.promart.pe/honor-600e-5g-256gb-8gb-gris-con-earbuds-x7-lite-1001459551/p
Promart,Smartphones,XIAOMI,Honor 600E 5g 256gb 8gb Verde Vital Con Earbuds X7 Lite,2199.0,1779.0,TelcelperuExpress,True,https://www.promart.pe/honor-600e-5g-256gb-8gb-verde-vital-con-earbuds-x7-lite-1001459535/p
Promart,Smartphones,XIAOMI,Honor 600E 5g 256gb 8gb Dorado Desierto Con Earbuds X7 Lite,2199.0,1779.0,TelcelperuExpress,True,https://www.promart.pe/honor-600e-5g-256gb-8gb-dorado-desierto-con-earbuds-x7-lite-1001459528/p
Promart,Smartphones,HONOR,Celular Honor X7d 8GB 256GB 6.7 Meteor Silver,899.0,709.0,CITY TEC PERÚ TIENDA OFICIAL,True,https://www.promart.pe/celular-honor-x7d-8gb-256gb-6-7-meteor-silver-1001459163/p
Promart,Smartphones,XIAOMI,Celular Xiaomi Redmi A7 PRO 4GB - 64GB,789.0,789.0,MILLENNIALS MOBILE,True,https://www.promart.pe/celular-xiaomi-redmi-a7-pro-4gb-64gb-1001458928/p
Promart,Smartphones,XIAOMI,Celular Xiaomi 15T Pro 5G 12GB RAM 512GB ROM Negro - Cámara Leica,3299.0,2899.0,Mi Tienda,True,https://www.promart.pe/celular-xiaomi-15t-pro-5g-12gb-ram-512gb-rom-negro-camara-leica-1001458893/p
Promart,Smartphones,HONOR,CELULAR HONOR MAGIC 8 LITE 8RAM 256GB VERDE,1899.0,1899.0,RRJ ELECTRONICS,True,https://www.promart.pe/celular-honor-magic-8-lite-8ram-256gb-verde-1001458872/p
Promart,Smartphones,XIAOMI,Celular Xiaomi Poco C71 4GB RAM 128GB Negro,699.0,499.0,QUEVEDO IMPORTACIONES,True,https://www.promart.pe/celular-xiaomi-poco-c71-4gb-ram-128gb-negro-1001458680/p
Promart,Smartphones,XIAOMI,Smartphone Xiaomi Poco C71 128GB Negro Diseno Moderno,699.0,499.0,MULTI OFERTAS PILLACA'S S.A.C,True,https://www.promart.pe/smartphone-xiaomi-poco-c71-128gb-negro-diseno-moderno-1001458676/p
Promart,Smartphones,XIAOMI,Smartphone Xiaomi Poco C71 4GB RAM 128GB Color Negro,699.0,499.0,OFERTAS UNICAS YELI,True,https://www.promart.pe/smartphone-xiaomi-poco-c71-4gb-ram-128gb-color-negro-1001458673/p
Promart,Smartphones,XIAOMI,Xiaomi Poco C71 4GB RAM 128GB Negro Gran Capacidad,699.0,499.0,MUNDO ELECTRONICO,True,https://www.promart.pe/xiaomi-poco-c71-4gb-ram-128gb-negro-gran-capacidad-1001458664/p
Promart,Smartphones,XIAOMI,Xiaomi POCO C71 128GB 4GB Black,529.0,441.0,CELULARESPERUSMARTSAC,True,https://www.promart.pe/xiaomi-poco-c71-128gb-4gb-black-1001458346/p
Promart,Smartphones,HONOR,CELULAR HONOR MAGIC 8 LITE 8RAM 256GB DORADO,1899.0,1899.0,RRJ ELECTRONICS,True,https://www.promart.pe/celular-honor-magic-8-lite-8ram-256gb-dorado-1001458332/p
Promart,Smartphones,HONOR,CELULAR HONOR X5C PLUS 4RAM 256GB AZUL,799.0,799.0,RRJ ELECTRONICS,True,https://www.promart.pe/celular-honor-x5c-plus-4ram-256gb-azul-1001457992/p
Promart,Smartphones,HONOR,CELULAR HONOR X5C PLUS 6RAM 256GB AZUL,799.0,599.0,RRJ ELECTRONICS,True,https://www.promart.pe/celular-honor-x5c-plus-6ram-256gb-azul-1001457977/p
Promart,Smartphones,HONOR,CELULAR HONOR X5C 4RAM 128GB PLATA,699.0,699.0,RRJ ELECTRONICS,True,https://www.promart.pe/celular-honor-x5c-4ram-128gb-plata-1001457931/p
Promart,Smartphones,HONOR,CELULAR HONOR X5C 4RAM 128GB CYAN,699.0,699.0,RRJ ELECTRONICS,True,https://www.promart.pe/celular-honor-x5c-4ram-128gb-cyan-1001457925/p
Promart,Smartphones,HONOR,HONOR X5C PLUS 4RAM 256GB NEGRO,799.0,799.0,RRJ ELECTRONICS,True,https://www.promart.pe/honor-x5c-plus-4ram-256gb-negro-1001457907/p
Promart,Smartphones,HONOR,CELULAR HONOR PLAY 10 3RAM 64GB,550.0,550.0,RRJ ELECTRONICS,True,https://www.promart.pe/celular-honor-play-10-3ram-64gb-1001457900/p
Promart,Smartphones,HONOR,CELULAR HONOR X5C 4RAM 64GB NEGRO,699.0,699.0,RRJ ELECTRONICS,True,https://www.promart.pe/celular-honor-x5c-4ram-64gb-negro-1001457893/p
Promart,Smartphones,XIAOMI,Celular Xiaomi Redmi 15C 4GB 256GB Verde Menta - Cámara 50MP,699.0,599.0,Mi Tienda,True,https://www.promart.pe/celular-xiaomi-redmi-15c-4gb-256gb-verde-menta-camara-50mp-1001457828/p
Promart,Smartphones,MOTOROLA,4546782739,699.0,419.0,Renation  Yurico EIRL,True,https://www.promart.pe/celular-motorola-moto-g06-rom-128gb-ram-4gb-camara-50mp-xt2535-2-azul-1001457686/p
Promart,Smartphones,MOTOROLA,"Smartphone MOTOROLA G06 6.9"" 4GB 256GB 50MP Azul",499.0,479.0,Plaza Vea,True,https://www.promart.pe/smartphone-motorola-g06-6-9--4gb-256gb-50mp-azul-1001457127/p
Promart,Smartphones,HONOR,Honor 600e 5G 8RAM 256GB Verde,2179.0,1669.0,F MOBILE TECH,True,https://www.promart.pe/honor-600e-5g-8ram-256gb-verde-1001457065/p
Promart,Smartphones,HONOR,Honor 600e 5G 8RAM 256GB Gris,2179.0,1669.0,F MOBILE TECH,True,https://www.promart.pe/-honor-600e-5g-8ram-256gb-gris-1001457058/p
Promart,Smartphones,HONOR,Honor 600e 5G 8RAM 256GB Dorado,2179.0,1679.0,F MOBILE TECH,True,https://www.promart.pe/honor-600e-5g-8ram-256gb-dorado-1001457057/p
Promart,Smartphones,SAMSUNG,Samsung Galaxy A37 5G 256GB 8GB Ram Gris Oscuro y Adaptador USB-C Samsung Original 25W,2599.0,1669.0,INFOTECSHOP,True,https://www.promart.pe/samsung-galaxy-a37-5g-256gb-8gb-ram-gris-oscuro-adaptador-usb-c-samsung-original-25w-1001456791/p
Promart,Smartphones,SAMSUNG,Samsung Galaxy A37 5G 256GB 8GB Ram Gris Oscuro,2499.0,1569.0,INFOTECSHOP,True,https://www.promart.pe/samsung-galaxy-a37-5g-256gb-8gb-ram-gris-oscuro-1001456784/p
Promart,Smartphones,HONOR,CELULAR MAGIC 8 LITE 8RAM 512GB NEGRO,1799.0,1799.0,RRJ ELECTRONICS,True,https://www.promart.pe/celular-magic-8-lite-8ram-512gb-negro-1001456624/p
Promart,Smartphones,HONOR,CELULAR HONOR X7 6GB 128GB PLATA,859.9,721.0,JA INNOVATION GROUP S.A.C,True,https://www.promart.pe/celular-honor-x7-6gb-128gb-plata-1001456028/p
Promart,Smartphones,XIAOMI,Smartwatch Xiaomi Redmi Watch 5 Active Negro,199.0,159.0,MULTICENTRO EXPRESS,True,https://www.promart.pe/smartwatch-xiaomi-redmi-watch-5-active-negro-1001440753/p
Promart,Smartphones,MOTOROLA,CELULAR MOTOROLA G17 4GB 128GB ARANDANO,899.0,899.0,MILLENNIALS MOBILE,True,https://www.promart.pe/celular-motorola-g17-4gb-128gb-arandano-1001440465/p
Promart,Smartphones,MOTOROLA,CELULAR MOTOROLA G17 4GB 128GB ROSA,899.0,899.0,MILLENNIALS MOBILE,True,https://www.promart.pe/celular-motorola-g17-4gb-128gb-rosa-1001440457/p
Promart,Smartphones,XIAOMI,REDMI NOTE 15 PRO 4G 8RAM 256GB TITANIO,1299.0,1089.0,RRJ ELECTRONICS,True,https://www.promart.pe/-redmi-note-15-pro-4g-8ram-256gb-titanio-1001440417/p
Promart,Smartphones,XIAOMI,CELULAR REDMI NOTE 15 4G 6RAM 128GB MORADO,999.0,769.0,RRJ ELECTRONICS,True,https://www.promart.pe/celular-redmi-note-15-4g-6ram-128gb-morado-1001440392/p
Promart,Smartphones,XIAOMI,CELULAR REDMI NOTE 15 PRO 4G 8RAM 256GB AZUL,1299.0,1089.0,RRJ ELECTRONICS,True,https://www.promart.pe/-celular-redmi-note-15-pro-4g-8ram-256gb-azul-1001440389/p
Promart,Smartphones,XIAOMI,CELULAR REDMI 15C 4RAM 128GB VERDE,599.0,599.0,RRJ ELECTRONICS,True,https://www.promart.pe/celular-redmi-15c-4ram-128gb-verde-1001437895/p
Promart,Smartphones,XIAOMI,CELULAR REDMI 15C 4RAM 256GB,799.0,799.0,RRJ ELECTRONICS,True,https://www.promart.pe/celular-redmi-15c-4ram-256gb-1001437809/p
Promart,Smartphones,XIAOMI,CELULAR REDMI A5 4RAM 128GB DORADO,699.0,699.0,RRJ ELECTRONICS,True,https://www.promart.pe/celular-redmi-a5-4ram-128gb-dorado-1001437602/p
Promart,Smartphones,XIAOMI,CELULAR REDMI A5 3RAM 64GB  DORADO,499.0,499.0,RRJ ELECTRONICS,True,https://www.promart.pe/celular-redmi-a5-3ram-64gb-dorado-1001437587/p
Promart,Smartphones,SAMSUNG,CELULAR GALAXY A17 4G 6RAM 128GB AZUL,899.0,859.0,RRJ ELECTRONICS,True,https://www.promart.pe/celular-galaxy-a17-4g-6ram-128gb-azul-1001437571/p
Promart,Smartphones,SAMSUNG,CELULAR GALAXY A06 4RAM 64GB VERDE,699.0,399.0,RRJ ELECTRONICS,True,https://www.promart.pe/celular-galaxy-a06-4ram-64gb-verde-1001437567/p
Promart,Smartphones,SAMSUNG,CELULAR SAMSUNG A06 4RAM 64GB BLANCO,599.0,399.0,RRJ ELECTRONICS,True,https://www.promart.pe/celular-samsung-a06-4ram-64gb-blanco-1001436958/p
Promart,Smartphones,SAMSUNG,CELULAR GALAXY S25 ULTRA 12RAM 256GB,4899.0,4159.0,RRJ ELECTRONICS,True,https://www.promart.pe/celular-galaxy-s25-ultra-12ram-256gb-1001433568/p
Promart,Smartphones,APPLE,IPHONE 17 DE 256GB ESIM - VERDE,5600.0,3499.0,MarketcellExpress,True,https://www.promart.pe/iphone-17-de-256gb-esim-verde-1001430564/p
Promart,Smartphones,APPLE,IPHONE 17 DE 256GB ESIM - AZUL,5600.0,3449.0,MarketcellExpress,True,https://www.promart.pe/iphone-17-de-256gb-esim-azul-1001430561/p
Promart,Smartphones,APPLE,CEL000027,3150.0,1899.0,KPDM,True,https://www.promart.pe/iphone-12-pro-256gb-azul-pacifico-reacondicionado-grado-a-1001421622/p
Promart,Smartphones,MOTOROLA,Celular Motorola Moto Edge 40 Neo 6.5 256GB 8GB RAM Negro,1699.0,1499.0,ELECTRODOMESTICOS GALEXA,True,https://www.promart.pe/celular-libre-motorola-moto-edge-40-neo-6-5-256gb-8gb-ram-negro-1001421379/p
Promart,Smartphones,HONOR,HONOR X5C PLUS 4G  256GB 4GB RAM SILVER,599.0,489.0,MarketcellExpress,True,https://www.promart.pe/honor-x5c-plus-4g-256gb-4gb-ram-silver-1001419876/p
Promart,Smartphones,XIAOMI,NOTE 15 4G 8GB RAM 256GB - PURPURA,1059.0,799.0,MarketcellExpress,True,https://www.promart.pe/note-15-4g-8gb-ram-256gb-purpura-1001419874/p
Promart,Smartphones,SAMSUNG,SAMSUNG S26 ULTRA 12RAM 256GB NEGRO,5900.0,3699.0,MarketcellExpress,True,https://www.promart.pe/samsung-s26-ultra-12ram-256gb-negro-1001419868/p
Promart,Smartphones,XIAOMI,REDMI NOTE 15  4G 8GB RAM 256GB NEGRO,1059.0,799.0,MarketcellExpress,True,https://www.promart.pe/redmi-note-15-4g-8gb-ram-256gb-negro-1001419845/p
Promart,Smartphones,HONOR,HONOR MAGIC 8 LITE 5G 8GB RAM 256GB VERDE,1559.0,1459.0,MarketcellExpress,True,https://www.promart.pe/honor-magic-8-lite-5g-8gb-ram-256gb-verde-1001419697/p
Promart,Smartphones,HONOR,HONOR PLAY 10A 4RAM 128GB - AZUL,599.0,599.0,MarketcellExpress,True,https://www.promart.pe/honor-play-10a-4ram-128gb-azul-1001419694/p
Promart,Smartphones,XIAOMI,REDMI NOTE 15  8GB RAM 256GB AZUL,1059.0,799.0,MarketcellExpress,True,https://www.promart.pe/redmi-note-15-8gb-ram-256gb-azul-1001419689/p
Promart,Smartphones,HONOR,HONOR MAGIC 8 LITE 5G 8GB RAM 256GB DORADO,1559.0,1359.0,MarketcellExpress,True,https://www.promart.pe/honor-magic-8-lite-5g-8gb-ram-256gb-dorado-1001419680/p
Promart,Smartphones,XIAOMI,REDMI NOTE 15 PRO PLUS 5G 12 RAM 512GB MARRON,1899.0,1799.0,MarketcellExpress,True,https://www.promart.pe/redmi-note-15-pro-plus-5g-12-ram-512gb-marron-1001419654/p
Promart,Smartphones,SAMSUNG,SAMSUNG GALAXY S26 ULTRA 12RAM 512GB NEGRO,5900.0,4009.0,MarketcellExpress,True,https://www.promart.pe/samsung-galaxy-s26-ultra-12ram-512gb-negro-1001419650/p
Promart,Smartphones,XIAOMI,REDMI NOTE 15 PRO PLUS 5G 8 RAM 256GB MARRON,1759.0,1499.0,MarketcellExpress,True,https://www.promart.pe/redmi-note-15-pro-plus-5g-8-ram-256gb-marron-1001419597/p
Promart,Smartphones,HONOR,HONOR X5C PLUS 4G  256GB 4GB RAM OCEANO,599.0,489.0,MarketcellExpress,True,https://www.promart.pe/honor-x5c-plus-4g-256gb-4gb-ram-oceano-1001419229/p
Promart,Smartphones,XIAOMI,REDMI NOTE 15 PRO PLUS 5G 12 RAM 512GB NEGRO,1899.0,1759.0,MarketcellExpress,True,https://www.promart.pe/redmi-note-15-pro-plus-5g-12-ram-512gb-negro-1001419217/p
Promart,Smartphones,MOTOROLA,"Smartphone MOTOROLA Edge 70 Fusion 6.8"" 8GB 256GB 50MP+13MP Celeste",1599.0,1419.0,Plaza Vea,True,https://www.promart.pe/smartphone-motorola-edge-70-fusion-6-8--8gb-256gb-50mp-13mp-celeste-1001417319/p
Promart,Smartphones,APPLE,Iphone 17 Pro Silver 256GB,6501.0,6501.0,Plaza Vea,True,https://www.promart.pe/iphone-17-pro-silver-256gb-1001417317/p
Promart,Smartphones,APPLE,Iphone 17 Mist Blue 256GB,5000.0,3549.0,Plaza Vea,True,https://www.promart.pe/iphone-17-mist-blue-256gb-1001417306/p
Promart,Smartphones,APPLE,iPhone 17 Pro Cosmic Orange 256GB,6501.0,5049.0,Plaza Vea,True,https://www.promart.pe/iphone-17-pro-cosmic-orange-256gb-1001417296/p
Promart,Smartphones,XIAOMI,"Smartphone XIAOMI Redmi 15 6.9"" 8GB 256GB 50MP Gris",879.0,749.0,Plaza Vea,True,https://www.promart.pe/smartphone-xiaomi-redmi-15-6-9--8gb-256gb-50mp-gris-1001417294/p
Promart,Smartphones,APPLE,Iphone 17 Sage 256GB,5000.0,3549.0,Plaza Vea,True,https://www.promart.pe/iphone-17-sage-256gb-1001417286/p
Promart,Smartphones,APPLE,iPhone 17 Pro Max Corange 256GB,7400.0,5449.0,Plaza Vea,True,https://www.promart.pe/iphone-17-pro-max-corange-256gb-1001417283/p
Promart,Smartphones,APPLE,Iphone 17 Pro Max Silver 256GB,7400.0,5449.0,Plaza Vea,True,https://www.promart.pe/iphone-17-pro-max-silver-256gb-1001417277/p
Promart,Smartphones,APPLE,iPhone 17 Pro Deep Blue 256GB,6501.0,5049.0,Plaza Vea,True,https://www.promart.pe/iphone-17-pro-deep-blue-256gb-1001417269/p
Promart,Smartphones,APPLE,Iphone 17 Pro Max Dblue 256GB,7400.0,5449.0,Plaza Vea,True,https://www.promart.pe/iphone-17-pro-max-dblue-256gb-1001417256/p
Promart,Smartphones,MOTOROLA,"Smartphone MOTOROLA G67 6.8"" 4GB 256GB 50MP+8MP Gris",899.0,749.0,Plaza Vea,True,https://www.promart.pe/smartphone-motorola-g67-6-8--4gb-256gb-50mp-8mp-gris-1001417244/p
Promart,Smartphones,XIAOMI,"Smartphone XIAOMI 15T PRO 6.8"" 12GB 512GB Leica 50MP + 50MP + 12MP Negro",2899.0,2499.0,Plaza Vea,True,https://www.promart.pe/smartphone-xiaomi-15t-pro-6-8--12gb-512gb-leica-50mp---50mp---12mp-negro-1001417243/p
Promart,Smartphones,MOTOROLA,"Smartphone MOTOROLA Edge 70 6.7"" 12GB 512GB 50MP+50MP Gris",2199.0,1899.0,Plaza Vea,True,https://www.promart.pe/smartphone-motorola-edge-70-6-7--12gb-512gb-50mp-50mp-gris-1001417238/p
Promart,Smartphones,MOTOROLA,"Smartphone MOTOROLA Edge 70 Fusion 6.8"" 8GB 256GB 50MP+13MP Azul",1599.0,1419.0,Plaza Vea,True,https://www.promart.pe/smartphone-motorola-edge-70-fusion-6-8--8gb-256gb-50mp-13mp-azul-1001417236/p
Promart,Smartphones,MOTOROLA,"Smartphone MOTOROLA G06 6.9"" 4GB 128GB 50MP Azul",499.0,419.0,Plaza Vea,True,https://www.promart.pe/smartphone-motorola-g06-6-9--4gb-128gb-50mp-azul-1001417234/p
Promart,Smartphones,XIAOMI,"Smartphone XIAOMI Redmi 15 6.9"" 8GB 256GB 50MP Negro",879.0,749.0,Plaza Vea,True,https://www.promart.pe/smartphone-xiaomi-redmi-15-6-9--8gb-256gb-50mp-negro-1001417229/p
Promart,Smartphones,SAMSUNG,"Smartphone SAMSUNG Galaxy A37 6.7"" 8GB 256GB 50 MP Gray",1799.0,1599.0,Plaza Vea,True,https://www.promart.pe/smartphone-samsung-galaxy-a37-6-7--8gb-256gb-50-mp-gray-1001417223/p
Promart,Smartphones,SAMSUNG,"Smartphone SAMSUNG Galaxy A57 6.7"" 8GB 256GB 50 MP Violet",2099.0,1999.0,Plaza Vea,True,https://www.promart.pe/smartphone-samsung-galaxy-a57-6-7--8gb-256gb-50-mp-violet-1001417222/p
Promart,Smartphones,SAMSUNG,"Smartphone SAMSUNG Galaxy A17 6.7"" 8GB 256GB 50.0 MP + 5.0 MP + 2.0 MP Negro",1049.0,899.0,Plaza Vea,True,https://www.promart.pe/smartphone-samsung-galaxy-a17-6-7--8gb-256gb-50-0-mp---5-0-mp---2-0-mp-negro-1001417215/p
Promart,Smartphones,XIAOMI,CELULAR REDMI A7 PRO 4RAM 128GB,649.0,649.0,RRJ ELECTRONICS,True,https://www.promart.pe/celular-redmi-a7-pro-4ram-128gb-1001415949/p
Promart,Smartphones,XIAOMI,CELULAR REDMI NOTE 15 PRO PLUS 12RAM 512GB,2199.0,1899.0,RRJ ELECTRONICS,True,https://www.promart.pe/celular-redmi-note-15-pro-plus-12ram-512gb-1001415885/p
Promart,Smartphones,XIAOMI,CELULAR XIAOMI 15T PRO 12RAM 512GB,3499.0,3499.0,RRJ ELECTRONICS,True,https://www.promart.pe/celular-xiaomi-15t-pro-12ram-512gb-1001415868/p
Promart,Smartphones,XIAOMI,CELULAR XIAOMI 15T 12RAM 512GB,2599.0,2599.0,RRJ ELECTRONICS,True,https://www.promart.pe/celular-xiaomi-15t-12ram-512gb-1001415836/p
Promart,Smartphones,XIAOMI,CELULAR REDMI A7 PRO 4RAM 64GB,599.0,599.0,RRJ ELECTRONICS,True,https://www.promart.pe/celular-redmi-a7-pro-4ram-64gb-1001415796/p
Promart,Smartphones,SAMSUNG,Smartphone Samsung Galaxy A57 5G 256GB Dark Blue,2299.0,1899.0,Oechsle,True,https://www.promart.pe/smartphone-samsung-galaxy-a57-5g-256gb-dark-blue-1001415627/p
Promart,Smartphones,SAMSUNG,Smartphone Samsung Galaxy A37 5G 256GB Gray,1999.0,1699.0,Oechsle,True,https://www.promart.pe/smartphone-samsung-galaxy-a37-5g-256gb-gray-1001415626/p
Promart,Smartphones,SAMSUNG,Smartphone Samsung Galaxy A37 5G 256GB Light Violet,1999.0,1699.0,Oechsle,True,https://www.promart.pe/smartphone-samsung-galaxy-a37-5g-256gb-light-violet-1001415625/p
Promart,Smartphones,SAMSUNG,Smartphone Samsung Galaxy A57 5G 256GB Violet,2299.0,1899.0,Oechsle,True,https://www.promart.pe/smartphone-samsung-galaxy-a57-5g-256gb-violet-1001415624/p
Promart,Smartphones,XIAOMI,CELULAR REDMI NOTE 15 PRO 4G 8RAM 256GB,1399.0,1049.0,RRJ ELECTRONICS,True,https://www.promart.pe/celular-redmi-note-15-pro-4g-8ram-256gb-1001414355/p
Promart,Smartphones,SAMSUNG,Celular 5G Samsung Galaxy S26 512GB 12GB RAM 50MP Black,6979.0,4659.0,CARSA,True,https://www.promart.pe/celular-5g-samsung-galaxy-s26-512gb-12gb-ram-50mp-black-1001414291/p
Promart,Smartphones,XIAOMI,CELULAR REDMI NOTE 15 4G 6RAM 128GB,999.0,789.0,RRJ ELECTRONICS,True,https://www.promart.pe/celular-redmi-note-15-4g-6ram-128gb-1001414268/p
Promart,Smartphones,SAMSUNG,Celular 5G Samsung Galaxy S26 512GB 12GB RAM 50MP Cobalt Violet,6979.0,4659.0,CARSA,True,https://www.promart.pe/celular-5g-samsung-galaxy-s26-512gb-12gb-ram-50mp-cobalt-violet-1001414185/p
Promart,Smartphones,SAMSUNG,Celular 5G Samsung Galaxy S26 Ultra 512GB 12GB RAM 200MP Black,8779.0,5199.0,CARSA,True,https://www.promart.pe/celular-5g-samsung-galaxy-s26-ultra-512gb-12gb-ram-200mp-black-1001414173/p
Promart,Smartphones,XIAOMI,CELULAR REDMI NOTE 15 4G 8RAM 256GB,999.0,929.0,RRJ ELECTRONICS,True,https://www.promart.pe/celular-redmi-note-15-4g-8ram-256gb-1001414158/p
Promart,Smartphones,SAMSUNG,Celular 5G Samsung Galaxy S26 Plus 512GB 12GB RAM 50MP Cobalt Violet,7699.0,3799.0,CARSA,True,https://www.promart.pe/celular-5g-samsung-galaxy-s26-plus-512gb-12gb-ram-50mp-cobalt-violet-1001414082/p
Promart,Smartphones,XIAOMI,CELULAR REDMI 15 8RAM 256GB,899.0,899.0,RRJ ELECTRONICS,True,https://www.promart.pe/celular-redmi-15-8ram-256gb-1001414020/p
Promart,Smartphones,XIAOMI,CELULAR REDMI 15 6RAM 128GB,799.0,799.0,RRJ ELECTRONICS,True,https://www.promart.pe/celular-redmi-15-6ram-128gb-1001413972/p
Promart,Smartphones,SAMSUNG,CELULAR GALAXY S26 ULTRA 5G 12RAM 256GB,6799.0,5599.0,RRJ ELECTRONICS,True,https://www.promart.pe/celular-galaxy-s26-ultra-5g-12ram-256gb-1001413776/p
Promart,Smartphones,SAMSUNG,SAMSUNG GALAXY S26 ULTRA 256GB 12GB - NEGRO,5899.0,3699.0,ROCICELL CELULARES,True,https://www.promart.pe/samsung-galaxy-s26-ultra-256gb-12gb-negro-1001413315/p
Promart,Smartphones,XIAOMI,POCO X8 Pro Negro 12GB RAM 512GB Almacenamiento - Potente y Rápido,2599.0,2199.0,MULTI COMMERCE PERÚ,True,https://www.promart.pe/poco-x8-pro-negro-12gb-ram-512gb-almacenamiento-potente-y-rapido-1001413313/p
Promart,Smartphones,XIAOMI,POCO X8 Pro Negro 12GB RAM 512GB Almacenamiento - Potente y Rápido,2599.0,2199.0,COMERZIA.PE,True,https://www.promart.pe/poco-x8-pro-negro-12gb-ram-512gb-almacenamiento-potente-y-rapido-1001413307/p
Promart,Smartphones,XIAOMI,POCO X8 Pro Negro 12GB RAM 512GB Almacenamiento - Potente y Rápido,2599.0,2199.0,FULL HOGAR SHOP,True,https://www.promart.pe/poco-x8-pro-negro-12gb-ram-512gb-almacenamiento-potente-y-rapido-1001413303/p
Promart,Smartphones,SAMSUNG,SAMSUNG GALAXY S26 ULTRA 256GB 12GB - CELESTE,5899.0,3699.0,ROCICELL CELULARES,True,https://www.promart.pe/samsung-galaxy-s26-ultra-256gb-12gb-celeste-1001413301/p
Promart,Smartphones,XIAOMI,POCO X8 Pro Negro 12GB RAM 512GB Almacenamiento - Potente y Rápido,2599.0,2199.0,MULTICENTRO EXPRESS,True,https://www.promart.pe/poco-x8-pro-negro-12gb-ram-512gb-almacenamiento-potente-y-rapido-1001413287/p
Promart,Smartphones,XIAOMI,POCO X8 Pro Negro 12GB RAM 512GB Almacenamiento - Potente y Rápido,2599.0,2229.0,ELECTRO EXPRESS PERU,True,https://www.promart.pe/poco-x8-pro-negro-12gb-ram-512gb-almacenamiento-potente-y-rapido-1001413282/p
Promart,Smartphones,XIAOMI,POCO X8 Pro Negro 12GB RAM 512GB Almacenamiento - Potente y Rápido,2599.0,2219.0,FULL HOGAR SHOP,True,https://www.promart.pe/poco-x8-pro-negro-12gb-ram-512gb-almacenamiento-potente-y-rapido-1001413276/p
Promart,Smartphones,SAMSUNG,SAMSUNG GALAXY S26 ULTRA 256GB 12GB - VIOLETA,5899.0,3699.0,ROCICELL CELULARES,True,https://www.promart.pe/samsung-galaxy-s26-ultra-256gb-12gb-violeta-1001413259/p
Promart,Smartphones,SAMSUNG,SAMSUNG GALAXY S26 ULTRA 256GB 12GB - BLANCO,5899.0,3869.0,ROCICELL CELULARES,True,https://www.promart.pe/samsung-galaxy-s26-ultra-256gb-12gb-blanco-1001413253/p
Promart,Smartphones,XIAOMI,Celular Xiaomi Redmi A7 Pro DUAL SIM 64GB Azul 4GB Más 4GB RAM,899.0,479.0,Ofertec,True,https://www.promart.pe/celular-xiaomi-redmi-a7-pro-dual-sim-64gb-azul-4gb-mas-4gb-ram-1001413154/p
Promart,Smartphones,XIAOMI,Celular Xiaomi Redmi A7 Pro DUAL SIM 64GB Verde 4GB Más 4GB RAM,899.0,479.0,Ofertec,True,https://www.promart.pe/celular-xiaomi-redmi-a7-pro-dual-sim-64gb-verde-4gb-mas-4gb-ram-1001413108/p
Promart,Smartphones,XIAOMI,Celular Xiaomi Redmi A7 Pro 64GB Negro 4GB Más 4GB RAM,899.0,479.0,Ofertec,True,https://www.promart.pe/celular-xiaomi-redmi-a7-pro-64gb-negro-4gb-mas-4gb-ram-1001413055/p
Promart,Smartphones,XIAOMI,XIAOMI 17 ULTRA 16GB RAM 512GB NEGRO,6999.0,5299.0,Marketcell,True,https://www.promart.pe/xiaomi-17-ultra-16gb-ram-512gb-negro-1001412853/p
Promart,Smartphones,XIAOMI,XIAOMI 17 ULTRA 16GB RAM 512GB BLANCO,5900.0,5299.0,Marketcell,True,https://www.promart.pe/xiaomi-17-ultra-16gb-ram-512gb-blanco-1001412852/p
Promart,Smartphones,XIAOMI,XIAOMI 17 ULTRA 16GB RAM 512GB VERDE ESTRELLADO,6299.0,5199.0,Marketcell,True,https://www.promart.pe/xiaomi-17-ultra-16gb-ram-512gb-verde-estrellado-1001412851/p
Promart,Smartphones,MOTOROLA,Motorola G17 256GB 4GB Arandano,859.0,716.0,CELULARESPERUSMARTSAC,True,https://www.promart.pe/motorola-g17-256gb-4gb-arandano-1001412814/p
Promart,Smartphones,HONOR,Honor X5C Plus 256GB 4GB Negro,650.0,542.0,CELULARESPERUSMARTSAC,True,https://www.promart.pe/honor-x5c-plus-256gb-4gb-negro-1001412743/p
Promart,Smartphones,SAMSUNG,Samsung s26 512GB 12GB Black,4447.0,4118.0,CELULARESPERUSMARTSAC,True,https://www.promart.pe/samsung-s26-512gb-12gb-black-1001412716/p
Promart,Smartphones,MOTOROLA,Motorola G17 256GB 4GB Rosa,872.0,727.0,CELULARESPERUSMARTSAC,True,https://www.promart.pe/motorola-g17-256gb-4gb-rosa-1001412464/p
Promart,Smartphones,HONOR,Celular Honor X7d 6GB RAM 256GB - Azul Cian,949.0,799.0,MadBox,True,https://www.promart.pe/celular-honor-x7d-6gb-ram-256gb-azul-cian-1001411919/p
Promart,Smartphones,XIAOMI,Celular Xiaomi POCO X8 Pro 5G 8GB 512GB Negro - Procesador MediaTek 8500-Ultra,1999.0,1699.0,Mi Tienda,True,https://www.promart.pe/celular-xiaomi-poco-x8-pro-5g-8gb-512gb-negro-procesador-mediatek-8500-ultra-1001411861/p
Promart,Smartphones,XIAOMI,Xiaomi Redmi A7 Pro 64GB 4GB Ram Negro y Smartwatch - Audífonos,949.0,949.0,INFOTECSHOP,True,https://www.promart.pe/xiaomi-redmi-a7-pro-64gb-4gb-ram-negro-y-smartwatch-audifonos-1001411177/p
Promart,Smartphones,XIAOMI,Xiaomi Redmi A7 Pro 128GB 4GB Ram Azul y Smartwatch - Audífonos,999.0,599.0,INFOTECSHOP,True,https://www.promart.pe/xiaomi-redmi-a7-pro-128gb-4gb-ram-azul-y-smartwatch-audifonos-1001411170/p
Promart,Smartphones,XIAOMI,Xiaomi Redmi A7 Pro 128GB 4GB Ram Negro y Smartwatch - Audífonos,999.0,599.0,INFOTECSHOP,True,https://www.promart.pe/xiaomi-redmi-a7-pro-128gb-4gb-ram-negro-y-smartwatch-audifonos-1001411159/p
Promart,Smartphones,XIAOMI,Xiaomi Redmi A7 Pro 128GB 4GB Ram Negro,899.0,489.0,INFOTECSHOP,True,https://www.promart.pe/xiaomi-redmi-a7-pro-128gb-4gb-ram-negro-1001411157/p
Promart,Smartphones,XIAOMI,Xiaomi Redmi A7 Pro 128GB 4GB Ram Azul,899.0,449.0,INFOTECSHOP,True,https://www.promart.pe/xiaomi-redmi-a7-pro-128gb-4gb-ram-azul-1001411155/p
Promart,Smartphones,XIAOMI,Xiaomi Redmi A7 Pro 64GB 4GB Ram Negro,849.0,399.0,INFOTECSHOP,True,https://www.promart.pe/xiaomi-redmi-a7-pro-64gb-4gb-ram-negro-1001411154/p
Promart,Smartphones,APPLE,iPhone 17 PRO MAX 1TB ESIM - AZUL,8899.0,6879.0,Fox Móviles SAC,True,https://www.promart.pe/iphone-17-pro-max-1tb-esim-azul-1001411134/p
Promart,Smartphones,APPLE,iPhone 17 PRO MAX 1TB ESIM - Silver,8899.0,6879.0,Fox Móviles SAC,True,https://www.promart.pe/iphone-17-pro-max-1tb-esim-silver-1001411117/p
Promart,Smartphones,HONOR,Celular Honor Magic 8 Lite 8GB 512GB Verde - Cámara 108MP y Pantalla Ultra Resistente,1999.0,1799.0,Mi Tienda,True,https://www.promart.pe/celular-honor-magic-8-lite-8gb-512gb-verde-camara-108mp-y-pantalla-ultra-resistente-1001411097/p
Promart,Smartphones,XIAOMI,Xiaomi Poco X8 Pro 512gb 8gb Verde Menta,2128.0,1529.0,Moviles Eirl,True,https://www.promart.pe/xiaomi-poco-x8-pro-512gb-8gb-verde-menta-1001411081/p
Promart,Smartphones,HONOR,Celular Honor Magic 8 Lite 8GB 512GB Negro - Cámara 108MP y Pantalla Ultra Resistente,1999.0,1799.0,Mi Tienda,True,https://www.promart.pe/celular-honor-magic-8-lite-8gb-512gb-negro-camara-108mp-y-pantalla-ultra-resistente-1001411069/p
Promart,Smartphones,XIAOMI,Xiaomi Poco X8 Pro 512gb 8gb Verde Menta,2128.0,1529.0,Telcelperu,True,https://www.promart.pe/xiaomi-poco-x8-pro-512gb-8gb-verde-menta-1001410998/p
Promart,Smartphones,XIAOMI,CELULAR REDMI 15C 4RAM 256GB,699.0,699.0,RRJ ELECTRONICS,True,https://www.promart.pe/celular-redmi-15c-4ram-256gb-1001410777/p
Promart,Smartphones,XIAOMI,CELULAR REDMI A5 4RAM 128GB,599.0,599.0,RRJ ELECTRONICS,True,https://www.promart.pe/celular-redmi-a5-4ram-128gb-1001410640/p
Promart,Smartphones,XIAOMI,CELULAR REDMI A5 3RAM 64GB,499.0,499.0,RRJ ELECTRONICS,True,https://www.promart.pe/celular-redmi-a5-3ram-64gb-1001410617/p
Promart,Smartphones,APPLE,IPHONE 17 ESIM 256GB Black - REGALO Mica y Case 360,4959.0,3599.0,ROCICELL CELULARES,True,https://www.promart.pe/iphone-17-esim-256gb-black-regalo-mica-y-case-360-1001410615/p
Promart,Smartphones,APPLE,IPHONE 17 ESIM 256GB Sage - REGALO Mica y Case 360,4959.0,3599.0,ROCICELL CELULARES,True,https://www.promart.pe/iphone-17-esim-256gb-sage-regalo-mica-y-case-360-1001410541/p
Promart,Smartphones,APPLE,IPHONE 17 ESIM 256GB Mist Blue - REGALO Mica y Case 360,4959.0,3599.0,ROCICELL CELULARES,True,https://www.promart.pe/iphone-17-esim-256gb-mist-blue-regalo-mica-y-case-360-1001410533/p
Promart,Smartphones,XIAOMI,CELULAR REDMI 15C 4RAM 128GB,699.0,699.0,RRJ ELECTRONICS,True,https://www.promart.pe/celular-redmi-15c-4ram-128gb-1001410352/p
Promart,Smartphones,XIAOMI,Xiaomi Redmi A7 Pro 4RAM 64GB Azul,699.0,539.0,F MOBILE TECH,True,https://www.promart.pe/xiaomi-redmi-a7-pro-4ram-64gb-azul-1001410117/p
Promart,Smartphones,SAMSUNG,CELULAR GALAXY A56 5G 12RAM 256GB ROSADO,1999.0,1999.0,RRJ ELECTRONICS,True,https://www.promart.pe/celular-galaxy-a56-5g-12ram-256gb-rosado-1001410111/p
Promart,Smartphones,XIAOMI,Xiaomi Poco F8 Ultra 16Gb Ram 512Gb Rom Negro con Mica Hidrogel REGISTRADO,4999.0,3349.0,TECH HUB,True,https://www.promart.pe/xiaomi-poco-f8-ultra-16gb-ram-512gb-rom-negro-con-mica-hidrogel-registrado-1001410093/p
Promart,Smartphones,XIAOMI,Xiaomi Poco F8 Ultra 16Gb Ram 512Gb Rom Negro con Mica Hidrogel REGISTRADO,4999.0,3349.0,M&M CELULARES,True,https://www.promart.pe/xiaomi-poco-f8-ultra-16gb-ram-512gb-rom-negro-con-mica-hidrogel-registrado-1001410078/p
Promart,Smartphones,HONOR,Honor X5C 4RAM 64GB Plata,599.0,479.0,F MOBILE TECH,True,https://www.promart.pe/honor-x5c-4ram-64gb-plata-1001410052/p
Promart,Smartphones,XIAOMI,Celular 4G Redmi Note 15 256GB 8GB RAM Azul Glaciar,1239.0,879.0,CARSA,True,https://www.promart.pe/celular-4g-redmi-note-15-256gb-8gb-ram-azul-glaciar-1001410031/p
Promart,Smartphones,APPLE,Celular 5G Apple iPhone 17 Pro 256GB 8GB 48MP Cosmic Orange,7939.0,4949.0,CARSA,True,https://www.promart.pe/celular-5g-apple-iphone-17-pro-256gb-8gb-48mp-cosmic-orange-1001410028/p
Promart,Smartphones,APPLE,Celular 5G Apple iPhone 17 256GB 8GB 48MP Mist Blue,5419.0,3449.0,CARSA,True,https://www.promart.pe/celular-5g-apple-iphone-17-256gb-8gb-48mp-mist-blue-1001410022/p
Promart,Smartphones,APPLE,Celular 5G Apple iPhone 17 Pro 256GB 8GB 48MP Silver,6999.0,4949.0,CARSA,True,https://www.promart.pe/celular-5g-apple-iphone-17-pro-256gb-8gb-48mp-silver-1001410011/p
Promart,Smartphones,HONOR,Xiaomi Redmi 15C 4RAM 128GB Negro,789.0,599.0,F MOBILE TECH,True,https://www.promart.pe/xiaomi-redmi-15c-4ram-128gb-negro-1001410009/p
Promart,Smartphones,HONOR,Honor X5C 4RAM 128GB Plata,689.0,519.0,F MOBILE TECH,True,https://www.promart.pe/honor-x5c-4ram-128gb-plata-1001410007/p
Promart,Smartphones,HONOR,Samsung Galaxy A07 4RAM 128GB Black,699.0,559.0,F MOBILE TECH,True,https://www.promart.pe/samsung-galaxy-a07-4ram-128gb-black-1001410006/p
Promart,Smartphones,HONOR,Honor X7D 8RAM 256GB Azul,1259.0,969.0,F MOBILE TECH,True,https://www.promart.pe/honor-x7d-8ram-256gb-azul-1001409951/p
Promart,Smartphones,SAMSUNG,CELULAR GALAXY A17 4G 8RAM 256GB,1099.0,879.0,RRJ ELECTRONICS,True,https://www.promart.pe/celular-galaxy-a17-4g-8ram-256gb-1001409903/p
Promart,Smartphones,SAMSUNG,CELULAR SAMSUNG A06 4RAM 64GB,699.0,699.0,RRJ ELECTRONICS,True,https://www.promart.pe/celular-samsung-a06-4ram-64gb-1001409759/p
Promart,Smartphones,XIAOMI,"Smartphone XIAOMI Redmi A7 PRO 6.9"" 4GB 128GB 13MP Negro",549.0,449.0,Plaza Vea,True,https://www.promart.pe/smartphone-xiaomi-redmi-a7-pro-6-9--4gb-128gb-13mp-negro-1001409447/p
Promart,Smartphones,XIAOMI,"Smartphone XIAOMI Redmi A7 PRO 6.9"" 4GB 128GB 13MP Azul",549.0,449.0,Plaza Vea,True,https://www.promart.pe/smartphone-xiaomi-redmi-a7-pro-6-9--4gb-128gb-13mp-azul-1001409446/p
Promart,Smartphones,HONOR,Honor X9D 256GB 8GB Dorado,1513.0,1401.0,CELULARESPERUSMARTSAC,True,https://www.promart.pe/honor-x9d-256gb-8gb-dorado-1001409260/p
Promart,Smartphones,XIAOMI,Xiaomi REDMI A7 Pro 64GB 4GB Azul Bruma,534.0,445.0,CELULARESPERUSMARTSAC,True,https://www.promart.pe/xiaomi-redmi-a7-pro-64gb-4gb-azul-bruma-1001409258/p
Promart,Smartphones,XIAOMI,Xiaomi REDMI A7 Pro 64GB 4GB Verde Palmera,529.0,441.0,CELULARESPERUSMARTSAC,True,https://www.promart.pe/xiaomi-redmi-a7-pro-64gb-4gb-verde-palmera-1001409252/p
Promart,Smartphones,XIAOMI,Xiaomi REDMI A7 Pro 128GB 4GB Mist Blue,625.0,521.0,CELULARESPERUSMARTSAC,True,https://www.promart.pe/xiaomi-redmi-a7-pro-128gb-4gb-mist-blue-1001409251/p
Promart,Smartphones,HONOR,Honor Magic 7 Lite 512GB 8GB Jade Cyan,1643.0,1521.0,CELULARESPERUSMARTSAC,True,https://www.promart.pe/honor-magic-7-lite-512gb-8gb-jade-cyan-1001409250/p
Promart,Smartphones,XIAOMI,Xiaomi REDMI A7 Pro 64GB 4GB Black,476.0,397.0,CELULARESPERUSMARTSAC,True,https://www.promart.pe/xiaomi-redmi-a7-pro-64gb-4gb-black-1001409246/p
Promart,Smartphones,XIAOMI,Xiaomi REDMI A7 Pro 128GB 4GB Negro,586.0,488.0,CELULARESPERUSMARTSAC,True,https://www.promart.pe/xiaomi-redmi-a7-pro-128gb-4gb-negro-1001409245/p
Promart,Smartphones,SAMSUNG,SAMSUNG GALAXY S26 ULTRA 256GB 12GB - NEGRO,5099.0,3709.0,Fox Móviles SAC,True,https://www.promart.pe/samsung-galaxy-s26-ultra-256gb-12gb-negro-1001409230/p
Promart,Smartphones,SAMSUNG,SAMSUNG GALAXY S26 ULTRA 256GB 12GB - CELESTE,5099.0,3879.0,Fox Móviles SAC,True,https://www.promart.pe/samsung-galaxy-s26-ultra-256gb-12gb-celeste-1001409209/p
Promart,Smartphones,SAMSUNG,SAMSUNG GALAXY S26 ULTRA 256GB 12GB - VIOLETA,5099.0,5099.0,Fox Móviles SAC,True,https://www.promart.pe/samsung-galaxy-s26-ultra-256gb-12gb-violeta-1001409205/p
Promart,Smartphones,SAMSUNG,SAMSUNG GALAXY S26 ULTRA 256GB 12GB - BLANCO,5099.0,3709.0,Fox Móviles SAC,True,https://www.promart.pe/samsung-galaxy-s26-ultra-256gb-12gb-blanco-1001409199/p
Promart,Smartphones,HONOR,Honor Magic 8 Pro 5G 12Gb Ram Negro 512Gb Rom con Mica Hidrogel,5999.0,4749.0,TECH HUB,True,https://www.promart.pe/honor-magic-8-pro-5g-12gb-ram-negro-512gb-rom-con-mica-hidrogel-registrado-1001409189/p
Promart,Smartphones,HONOR,Honor Magic 8 Pro 5G 12Gb Ram Negro 512Gb Rom con Mica Hidrogel,5999.0,4749.0,M&M CELULARES,True,https://www.promart.pe/honor-magic-8-pro-5g-12gb-ram-negro-512gb-rom-con-mica-hidrogel-registrado-1001409151/p
Promart,Smartphones,XIAOMI,Xiaomi Redmi Note 15 Pro Plus 5G 12Gb Ram 512Gb Rom Black Registrado,2999.0,1795.0,M&M CELULARES,True,https://www.promart.pe/xiaomi-redmi-note-15-pro-plus-5g-12gb-ram-512gb-rom-moca-brown-registrado-1001409117/p
Promart,Smartphones,XIAOMI,Poco X8 Pro Telefono Inteligente Alto Rendimiento,2899.0,2289.0,THAIS HOGAR Y TECNOLOGIA,True,https://www.promart.pe/poco-x8-pro-telefono-inteligente-alto-rendimiento-1001408817/p
Promart,Smartphones,HONOR,Honor X8d 256GB 8GB Grey,1197.0,1108.0,CELULARESPERUSMARTSAC,True,https://www.promart.pe/honor-x8d-256gb-8gb-grey-1001407809/p
Promart,Smartphones,HONOR,Honor Play 10 128GB 4GB Negro,559.0,466.0,CELULARESPERUSMARTSAC,True,https://www.promart.pe/honor-play-10-128gb-4gb-negro-1001407808/p
Promart,Smartphones,APPLE,Apple iPhone 17 Pro Max 256GB eSIM - Deep Blue,8599.0,5599.0,GRUPO LINEA HOGAR,True,https://www.promart.pe/apple-iphone-17-pro-max-256gb-esim-deep-blue-1001407658/p
Promart,Smartphones,APPLE,Apple iPhone 17 Pro Max 256GB eSIM - Silver,8799.0,5599.0,GRUPO LINEA HOGAR,True,https://www.promart.pe/apple-iphone-17-pro-max-256gb-esim-silver-1001407396/p
Promart,Smartphones,SAMSUNG,Samsung Galaxy S25 Ultra 512GB 12GB RAM Titanium Gris,6800.0,3489.0,MAXICOMPRA,True,https://www.promart.pe/samsung-galaxy-s25-ultra-512gb-12gb-ram-titanium-gris-1001407168/p
Promart,Smartphones,APPLE,iPhone 13  CHIP FÍSICO 128GB Midnight,2796.19,2796.19,AKANA TECHNOLOGY,True,https://www.promart.pe/iphone-13-chip-fisico-128gb-midnight-1001407164/p
Promart,Smartphones,APPLE,iPhone 15 CHIP FÍSICO 128GB 6GB Azul,3428.89,3428.89,AKANA TECHNOLOGY,True,https://www.promart.pe/iphone-15-chip-fisico-128gb-6gb-azul-1001407116/p
Promart,Smartphones,APPLE,IPHONE 14 CHIP FÍSICO 128GB AMARILLO,2907.19,2907.19,AKANA TECHNOLOGY,True,https://www.promart.pe/iphone-14-chip-fisico-128gb-amarillo-1001407104/p
Promart,Smartphones,APPLE,CEL000010,4700.0,2799.0,KPDM Express,True,https://www.promart.pe/iphone-14-pro-128gb-morado-oscuro-reacondicionado-grado-a-1001407015/p
Promart,Smartphones,APPLE,CEL000023,4150.0,2499.0,KPDM Express,True,https://www.promart.pe/iphone-13-pro-128gb-grafito-reacondicionado-grado-a-1001407005/p
Promart,Smartphones,APPLE,CEL000017,5650.0,3299.0,KPDM Express,True,https://www.promart.pe/iphone-15-pro-128gb-titanio-negro-reacondicionado-grado-a-1001407002/p
Promart,Smartphones,APPLE,CEL000016,5150.0,3099.0,KPDM Express,True,https://www.promart.pe/iphone-14-pro-max-128gb-morado-oscuro-reacondicionado-grado-a-1001407001/p
Promart,Smartphones,XIAOMI,Smartphone Poco X8 Pro Pantalla Fluida y Potente,2899.0,2249.0,MULTI OFERTAS PILLACA'S S.A.C,True,https://www.promart.pe/smartphone-poco-x8-pro-pantalla-fluida-y-potente-1001406812/p
Promart,Smartphones,XIAOMI,Poco X8 Pro Telefono Inteligente Alto Rendimiento,2899.0,2299.0,MEGA IMPORTACIONES SAC,True,https://www.promart.pe/poco-x8-pro-telefono-inteligente-alto-rendimiento-1001406797/p
Promart,Smartphones,XIAOMI,Smartphone Poco X8 Pro Alto Rendimiento,2899.0,2199.0,QUEVEDO IMPORTACIONES,True,https://www.promart.pe/smartphone-poco-x8-pro-alto-rendimiento-1001406796/p
Promart,Smartphones,XIAOMI,Celular Poco X8 Pro Gran Desempeno y Velocidad,2899.0,2299.0,MUNDO ELECTRONICO,True,https://www.promart.pe/celular-poco-x8-pro-gran-desempeno-y-velocidad-1001406789/p
Promart,Smartphones,APPLE,CEL000027,3150.0,1899.0,KPDM Express,True,https://www.promart.pe/iphone-12-pro-256gb-azul-pacifico-reacondicionado-grado-a-1001406721/p
Promart,Smartphones,MOTOROLA,Motorola G06 256GB 4GB Azul,612.0,510.0,CELULARESPERUSMARTSAC,True,https://www.promart.pe/motorola-g06-256gb-4gb-azul-1001406516/p
Promart,Smartphones,MOTOROLA,Motorola Moto G77 256GB 8GB Cafe,1137.0,1053.0,CELULARESPERUSMARTSAC,True,https://www.promart.pe/motorola-moto-g77-256gb-8gb-cafe-1001406059/p
Promart,Smartphones,MOTOROLA,Motorola Moto G77 256GB 8GB Esmeralda,1091.0,1010.0,CELULARESPERUSMARTSAC,True,https://www.promart.pe/motorola-moto-g77-256gb-8gb-esmeralda-1001405991/p
Promart,Smartphones,APPLE,Iphone 17 Pro Max 256GB Edición ESIM Azul,9999.0,5899.0,MEGACEL PERU,True,https://www.promart.pe/iphone-17-pro-max-256gb-edicion-esim-azul-1001405169/p
Promart,Smartphones,APPLE,CEL000008,3000.0,1699.0,KPDM Express,True,https://www.promart.pe/iphone-12-pro-128gb-grafito-reacondicionado-grado-a-1001405154/p
Promart,Smartphones,APPLE,iPhone 16 Pro eSIM 256GB 8GB Titanio  OPEN BOX,3994.89,3994.89,AKANA TECHNOLOGY,True,https://www.promart.pe/iphone-16-pro-esim-256gb-8gb-titanio-open-box-1001404493/p
Promart,Smartphones,XIAOMI,CELULAR REDMI NOTE 15 4G 8RAM-256GB,1099.0,815.0,EXCLUSIVA OFICIAL,True,https://www.promart.pe/celular-redmi-note-15-4g-8ram-256gb-1001404492/p
Promart,Smartphones,HONOR,HONOR X8D 4G 8RAM 256GB - AZUL,1399.0,999.0,Marketcell,True,https://www.promart.pe/honor-x8d-4g-8ram-256gb-azul-1001404482/p
Promart,Smartphones,XIAOMI,Celular Redmi Note 15 Pro Plus 5G 12ram-512gb,2999.0,1799.0,EXCLUSIVA OFICIAL,True,https://www.promart.pe/redmi-note-15-pro-plus-5g-1001404476/p
Promart,Smartphones,HONOR,HONOR X8D 4G 8RAM 256GB - GRIS,1399.0,979.0,Marketcell,True,https://www.promart.pe/honor-x8d-4g-8ram-256gb---gris-1001404437/p
Promart,Smartphones,HONOR,HONOR X8D 4G 8RAM 256GB - NEGRO,1399.0,919.0,Marketcell,True,https://www.promart.pe/honor-x8d-4g-8ram-256gb-negro-1001404400/p
Promart,Smartphones,HONOR,Honor Magic 8 Lite 512GB 8GB Verde,1819.0,1684.0,CELULARESPERUSMARTSAC,True,https://www.promart.pe/honor-magic-8-lite-512gb-8gb-verde-1001403898/p
Promart,Smartphones,XIAOMI,Xiaomi Redmi Note 15 Pro Plus 5G 512GB 12GB Negro,2229.0,2064.0,CELULARESPERUSMARTSAC,True,https://www.promart.pe/xiaomi-redmi-note-15-pro-plus-5g-512gb-12gb-negro-1001403894/p
Promart,Smartphones,HONOR,Honor X9D 256GB 8GB Negro,1537.0,1423.0,CELULARESPERUSMARTSAC,True,https://www.promart.pe/honor-x9d-256gb-8gb-negro-1001403831/p
Promart,Smartphones,HONOR,Honor Magic 8 Lite 512GB 8GB Dorado,1725.0,1597.0,CELULARESPERUSMARTSAC,True,https://www.promart.pe/honor-magic-8-lite-512gb-8gb-dorado-1001403819/p
Promart,Smartphones,XIAOMI,Redmi Note 15 PRO 4G,1349.0,1049.0,EXCLUSIVA OFICIAL,True,https://www.promart.pe/redmi-note-15-pro-4g-1001403712/p
Promart,Smartphones,XIAOMI,CELULAR XIAOMI REDMI NOTE 15 PRO 4G 8GB RAM 256GB ROM COLOR BLACK,1999.0,1064.9,GRUPO LINEA HOGAR,True,https://www.promart.pe/celular-xiaomi-redmi-note-15-pro-4g-8gb-ram-256gb-rom-color-black-1001403467/p
Promart,Smartphones,SAMSUNG,Samsung Galaxy A16 4RAM 128GB Negro,799.0,589.0,F MOBILE TECH,True,https://www.promart.pe/samsung-galaxy-a16-4ram-128gb-negro-1001403169/p
Promart,Smartphones,SAMSUNG,SAMSUNG S26 ULTRA 12RAM 256GB BLANCO,5900.0,3699.0,Marketcell,True,https://www.promart.pe/samsung-s26-ultra-12ram-256gb-blanco-1001400939/p
Promart,Smartphones,SAMSUNG,SAMSUNG S26 ULTRA 12RAM 256GB CELESTE,5900.0,3699.0,Marketcell,True,https://www.promart.pe/samsung-s26-ultra-12ram-256gb-celeste-1001400937/p
Promart,Smartphones,SAMSUNG,SAMSUNG S26 ULTRA 12RAM 256GB LILA,5900.0,3699.0,Marketcell,True,https://www.promart.pe/samsung-s26-ultra-12ram-256gb-lila-1001400934/p
Promart,Smartphones,HONOR,Celular Honor X8D 8GB + 256GB Black,1149.0,959.0,Oechsle,True,https://www.promart.pe/celular-honor-x8d-8gb---256gb-black-1001400284/p
Promart,Smartphones,HONOR,Celular Honor X8D 8GB + 256GB Blue,1149.0,959.0,Oechsle,True,https://www.promart.pe/celular-honor-x8d-8gb---256gb-blue-1001400283/p
Promart,Smartphones,HONOR,Celular Honor Magic 8 Lite 8 + 512GB Sunrise Gold,1899.0,1699.0,Oechsle,True,https://www.promart.pe/celular-honor-magic-8-lite-8---512gb-sunrise-gold-1001400282/p
Promart,Smartphones,HONOR,Celular Honor X8D 8GB + 256GB Silver,1149.0,959.0,Oechsle,True,https://www.promart.pe/celular-honor-x8d-8gb---256gb-silver-1001400278/p
Promart,Smartphones,HONOR,Celular Honor Magic 8 Lite 8 + 512GB Black,1899.0,1699.0,Oechsle,True,https://www.promart.pe/celular-honor-magic-8-lite-8---512gb-black-1001400277/p
Promart,Smartphones,HONOR,Honor X7d 256GB 8GB Ram Negro,1499.0,869.0,INFOTECSHOP,True,https://www.promart.pe/honor-x7d-256gb-8gb-ram-negro-1001399362/p
Promart,Smartphones,HONOR,Honor X8d 256GB 8GB Ram Negro,1799.0,1089.0,INFOTECSHOP,True,https://www.promart.pe/honor-x8d-256gb-8gb-ram-negro-1001399351/p
Promart,Smartphones,SAMSUNG,Samsung Galaxy S25 ULTRA  12GB RAM 512GB Negro,4828.9,4828.9,AKANA TECHNOLOGY,True,https://www.promart.pe/samsung-galaxy-s25-ultra-12gb-ram-512gb-negro-1001399158/p
Promart,Smartphones,SAMSUNG,Samsung Galaxy S25 FE  8GB RAM 256GB Negro,3070.0,3070.0,AKANA TECHNOLOGY,True,https://www.promart.pe/samsung-galaxy-s25-fe-8gb-ram-256gb-negro-1001398887/p
Promart,Smartphones,SAMSUNG,Samsung Galaxy S26 ULTRA  12GB RAM 512GB Negro,6808.9,6808.9,AKANA TECHNOLOGY,True,https://www.promart.pe/samsung-galaxy-s26-ultra-12gb-ram-512gb-negro-1001398886/p
Promart,Smartphones,SAMSUNG,Samsung Galaxy S23 FE  8GB RAM 128GB Negro,2078.9,2078.9,AKANA TECHNOLOGY,True,https://www.promart.pe/samsung-galaxy-s23-fe-8gb-ram-128gb-negro-1001398883/p
Promart,Smartphones,SAMSUNG,Celular SAMSUNG Galaxy S26 Ultra 5G 12GB 512GB Negro,9999.0,4529.0,MEGACEL PERU,True,https://www.promart.pe/celular-samsung-galaxy-s26-ultra-5g-12gb-512gb-negro-1001398784/p
Promart,Smartphones,SAMSUNG,Celular SAMSUNG Galaxy S26 Ultra 5G 12GB 512GB Blanco,9999.0,4529.0,MEGACEL PERU,True,https://www.promart.pe/celular-samsung-galaxy-s26-ultra-5g-12gb-512gb-blanco-1001398777/p
Promart,Smartphones,SAMSUNG,Celular SAMSUNG Galaxy S26 Ultra 5G 12GB 512GB Violeta,9999.0,4579.0,GI ALPACA PERU,True,https://www.promart.pe/celular-samsung-galaxy-s26-ultra-5g-12gb-512gb-violeta-1001398729/p
Promart,Smartphones,SAMSUNG,Celular SAMSUNG Galaxy S26 Ultra 5G 12GB 512GB Negro,9999.0,4579.0,GI ALPACA PERU,True,https://www.promart.pe/celular-samsung-galaxy-s26-ultra-5g-12gb-512gb-negro-1001398726/p
Promart,Smartphones,HONOR,"Smartphone HONOR X8D 6.78"" 8GB 256GB 108MP+5MP Light Blue",1149.0,949.0,Plaza Vea,True,https://www.promart.pe/smartphone-honor-x8d-6-78--8gb-256gb-108mp-5mp-light-blue-1001398330/p
Promart,Smartphones,HONOR,"Smartphone HONOR X5C C Plus 6.75"" 4GB 256GB 50M+Auxiliary Camera Ocean Cyan",569.0,459.0,Plaza Vea,True,https://www.promart.pe/smartphone-honor-x5c-c-plus-6-75--4gb-256gb-50m-auxiliary-camera-ocean-cyan-1001398325/p
Promart,Smartphones,HONOR,"Smartphone HONOR X8D 6.78"" 8GB 256GB 108MP+5MP Velvet Black",1149.0,949.0,Plaza Vea,True,https://www.promart.pe/smartphone-honor-x8d-6-78--8gb-256gb-108mp-5mp-velvet-black-1001398324/p
Promart,Smartphones,HONOR,"Smartphone HONOR X8D  6.78"" 8GB 256GB 108MP+5MP Velvet Grey",1149.0,949.0,Plaza Vea,True,https://www.promart.pe/smartphone-honor-x8d--6-78--8gb-256gb-108mp-5mp-velvet-grey-1001398323/p
Promart,Smartphones,XIAOMI,Celular 5G Redmi Note 15 Pro mas 512GB 12GB RAM Negro,2679.0,1699.0,CARSA,True,https://www.promart.pe/celular-5g-redmi-note-15-pro-mas-512gb-12gb-ram-negro-1001398232/p
Promart,Smartphones,SAMSUNG,SAMSUNG GALAXY S26 ULTRA 12RAM 512GB NEGRO,9000.0,4899.0,MAXICOMPRA,True,https://www.promart.pe/samsung-galaxy-s26-ultra-12ram-512gb-negro-1001398230/p
Promart,Smartphones,APPLE,REACONDICIONADO iPhone 15 Pro 256gb I Grado B I color Azul ESIM,3899.0,3241.0,Lolotec,True,https://www.promart.pe/reacondicionado-iphone-15-pro-256gb-i-grado-a-i-color-azul-esim-1001398085/p
Promart,Smartphones,APPLE,iPhone 17 Pro 256gb ESIM- Deep Blue,6399.0,4719.0,ROCICELL CELULARES,True,https://www.promart.pe/iphone-17-pro-256gb-esim-deep-blue-1001397980/p
Promart,Smartphones,APPLE,iPhone 17 Pro 256gb ESIM- Cosmic Orange,6399.0,4709.0,ROCICELL CELULARES,True,https://www.promart.pe/iphone-17-pro-256gb-esim-cosmic-orange-1001397943/p
Promart,Smartphones,SAMSUNG,iPhone 17 Pro 256gb ESIM- SILVER,6399.0,4719.0,ROCICELL CELULARES,True,https://www.promart.pe/iphone-17-pro-256gb-esim-silver-1001397900/p
Promart,Smartphones,SAMSUNG,Samsung Galaxy S25 ULTRA 5G 1TB 12GB - Azul,6899.0,4299.0,ROCICELL CELULARES,True,https://www.promart.pe/samsung-galaxy-s25-ultra-5g-1tb-12gb-azul-1001397724/p
Promart,Smartphones,APPLE,IPHONE 17 CHIP FISICO 256GB - Azul,4999.0,3719.0,ROCICELL CELULARES,True,https://www.promart.pe/iphone-17-chip-fisico-256gb-azul-1001397180/p
Promart,Smartphones,APPLE,iPhone 17 Pro Max 512gb ESIM - Deep Blue,7899.0,5859.0,ROCICELL CELULARES,True,https://www.promart.pe/iphone-17-pro-max-512gb-esim-deep-blue-1001397104/p
Promart,Smartphones,APPLE,iPhone 17 Pro Max 512gb CHIP FISICO - Silver,8699.0,6579.0,ROCICELL CELULARES,True,https://www.promart.pe/iphone-17-pro-max-512gb-chip-fisico-silver-1001397087/p
Promart,Smartphones,APPLE,iPhone 17 Pro C-CHIP 256GB 12GB Silver,6173.0,5716.0,CELULARESPERUSMARTSAC,True,https://www.promart.pe/iphone-17-pro-c-chip-256gb-12gb-silver-1001397078/p
Promart,Smartphones,SAMSUNG,iPhone 17 Pro Max 256gb CHIP FISICO - Cosmic Orange,7599.0,5289.0,ROCICELL CELULARES,True,https://www.promart.pe/iphone-17-pro-max-256gb-chip-fisico-cosmic-orange-1001397076/p
Promart,Smartphones,MOTOROLA,Motorola G86 256GB 8GB Cereza,1219.0,1129.0,CELULARESPERUSMARTSAC,True,https://www.promart.pe/motorola-g86-256gb-8gb-cereza-1001397048/p
Promart,Smartphones,SAMSUNG,Samsung Galaxy S26 ULTRA 256GB 12GB Black,5751.0,5325.0,CELULARESPERUSMARTSAC,True,https://www.promart.pe/samsung-galaxy-s26-ultra-256gb-12gb-black-1001397042/p
Promart,Smartphones,APPLE,IPHONE 17 PRO 256GB CHIP FISICO - NARANJA,6599.0,5169.0,ROCICELL CELULARES,True,https://www.promart.pe/iphone-17-pro-256gb-chip-fisico-naranja-1001396860/p
Promart,Smartphones,SAMSUNG,SAMSUNG GALAXY S26 ULTRA 512GB 12GB - NEGRO,6899.0,4399.0,ROCICELL CELULARES,True,https://www.promart.pe/samsung-galaxy-s26-ultra-512gb-12gb-negro-1001396817/p
Promart,Smartphones,SAMSUNG,SAMSUNG GALAXY S26 ULTRA 512GB 12GB - CELESTE,6899.0,4399.0,ROCICELL CELULARES,True,https://www.promart.pe/samsung-galaxy-s26-ultra-512gb-12gb-celeste-1001396816/p
Promart,Smartphones,SAMSUNG,SAMSUNG GALAXY S26 ULTRA 512GB 12GB - BLANCO,6899.0,4399.0,ROCICELL CELULARES,True,https://www.promart.pe/samsung-galaxy-s26-ultra-512gb-12gb-blanco-1001396815/p
Promart,Smartphones,SAMSUNG,SAMSUNG GALAXY S26 ULTRA 512GB 12GB - VIOLETA,6899.0,4399.0,ROCICELL CELULARES,True,https://www.promart.pe/samsung-galaxy-s26-ultra-512gb-12gb-violeta-1001396813/p
Promart,Smartphones,SAMSUNG,Samsung Galaxy A06 64gb 4gb Ram Black,889.0,399.0,Telcelperu,True,https://www.promart.pe/samsung-galaxy-a06-64gb-4gb-ram-black-1001396179/p
Promart,Smartphones,SAMSUNG,SAMSUNG GALAXY S26 ULTRA 512GB 12GB - VIOLETA,6899.0,4399.0,Fox Móviles SAC,True,https://www.promart.pe/samsung-galaxy-s26-ultra-512gb-12gb-violeta-1001395884/p
Promart,Smartphones,SAMSUNG,SAMSUNG GALAXY S26 ULTRA 512GB 12GB - CELESTE,6499.0,4399.0,Fox Móviles SAC,True,https://www.promart.pe/samsung-galaxy-s26-ultra-512gb-12gb-celeste-1001395876/p
Promart,Smartphones,SAMSUNG,SAMSUNG GALAXY S26 ULTRA 512GB 12GB - NEGRO,6499.0,4399.0,Fox Móviles SAC,True,https://www.promart.pe/samsung-galaxy-s26-ultra-512gb-12gb-negro-1001395860/p
Promart,Smartphones,SAMSUNG,Celular SAMSUNG Galaxy S26 Ultra 5G 12GB 512GB Sky Blue,9999.0,4579.0,GI ALPACA PERU,True,https://www.promart.pe/celular-samsung-galaxy-s26-ultra-5g-12gb-512gb-sky-blue-1001395655/p
Promart,Smartphones,SAMSUNG,Celular SAMSUNG Galaxy S26 Ultra 5G 12GB 512GB Sky Blue,9999.0,4529.0,MEGACEL PERU,True,https://www.promart.pe/celular-samsung-galaxy-s26-ultra-5g-12gb-512gb-sky-blue-1001395649/p
Promart,Smartphones,APPLE,IPHONE 17 PRO 256GB CHIP FISICO - NARANJA,6499.0,5179.0,Fox Móviles SAC,True,https://www.promart.pe/iphone-17-pro-256gb-chip-fisico-naranja-1001395645/p
Promart,Smartphones,SAMSUNG,Celular SAMSUNG Galaxy S26 Ultra 5G 12GB 256GB Negro,9999.0,4149.0,MEGACEL PERU,True,https://www.promart.pe/celular-samsung-galaxy-s26-ultra-5g-12gb-256gb-negro-1001395636/p
Promart,Smartphones,SAMSUNG,SAMSUNG GALAXY S26 ULTRA 512GB 12GB - BLANCO,6499.0,4399.0,Fox Móviles SAC,True,https://www.promart.pe/samsung-galaxy-s26-ultra-512gb-12gb-blanco-1001395607/p
Promart,Smartphones,HONOR,Smartphone Honor Magic 8 Lite 512GB 8GB Negro 5G,2099.0,2099.0,SanyPeru,True,https://www.promart.pe/smartphone-honor-magic-8-lite-512gb-8gb-negro-5g-1001393397/p
Promart,Smartphones,HONOR,Smartphone Honor Magic 8 Lite 512GB 8GB 5G Dorado,2099.0,2099.0,SanyPeru,True,https://www.promart.pe/smartphone-honor-magic-8-lite-512gb-8gb-5g-dorado-1001393396/p
Promart,Smartphones,SAMSUNG,Samsung Galaxy A07 128gb 4gb Ram Black,889.0,889.0,Moviles Eirl,True,https://www.promart.pe/samsung-galaxy-a07-128gb-4gb-ram-black-1001393332/p
Promart,Smartphones,SAMSUNG,Samsung Galaxy A06 64gb 4gb Ram Black,889.0,399.0,TelcelperuExpress,True,https://www.promart.pe/samsung-galaxy-a06-64gb-4gb-ram-black-1001393324/p
Promart,Smartphones,SAMSUNG,Samsung Galaxy A07 128gb 4gb Ram Black,889.0,479.0,TelcelperuExpress,True,https://www.promart.pe/samsung-galaxy-a07-128gb-4gb-ram-black-1001393323/p
Promart,Smartphones,XIAOMI,Xiaomi Redmi Note 15 Pro Plus 5g 512gb 12gb Ram Black,2499.0,2499.0,Moviles Eirl,True,https://www.promart.pe/xiaomi-redmi-note-15-pro-plus-5g-512gb-12gb-ram-black-1001393320/p
Promart,Smartphones,SAMSUNG,Samsung Galaxy S26 Ultra 256gb 12gb Cobalt Violet,6299.0,5489.0,TelcelperuExpress,True,https://www.promart.pe/samsung-galaxy-s26-ultra-256gb-12gb-cobalt-violet-1001393276/p
Promart,Smartphones,SAMSUNG,Samsung Galaxy S26 Ultra 256gb 12gb Cobalt Violet,6299.0,4499.0,Telcelperu,True,https://www.promart.pe/samsung-galaxy-s26-ultra-256gb-12gb-cobalt-violet-1001392970/p
Promart,Smartphones,SAMSUNG,Samsung Galaxy A07 128gb 4gb Ram Black,889.0,479.0,Telcelperu,True,https://www.promart.pe/samsung-galaxy-a07-128gb-4gb-ram-black-1001392969/p
Promart,Smartphones,XIAOMI,Xiaomi Redmi Note 15 Pro Plus 5g 512gb 12gb Ram Black,2499.0,1799.0,Telcelperu,True,https://www.promart.pe/xiaomi-redmi-note-15-pro-plus-5g-512gb-12gb-ram-black-1001392967/p
Promart,Smartphones,SAMSUNG,Smartphone Samsung Galaxy S26 512GB Cobalt Violet,5399.0,5399.0,Oechsle,True,https://www.promart.pe/smartphone-samsung-galaxy-s26-512gb-cobalt-violet-sm-s942bzvvltp-1001392367/p
Promart,Smartphones,SAMSUNG,Smartphone Samsung Galaxy S26 Ultra 512GB Black,6899.0,4999.0,Oechsle,True,https://www.promart.pe/smartphone-samsung-galaxy-s26-ultra-512gb-black-sm-s948bzkmltp-1001392186/p
Promart,Smartphones,SAMSUNG,Smartphone Samsung Galaxy S26 Ultra 512GB Cobalt Violet,6899.0,4999.0,Oechsle,True,https://www.promart.pe/smartphone-samsung-galaxy-s26-ultra-512gb-cobalt-violet-sm-s948bzvmltp-1001392185/p
Promart,Smartphones,SAMSUNG,"Smartphone SAMSUNG Galaxy S26 Ultra 6.9"" 12GB 512GB 200MP Black",6899.0,4699.0,Plaza Vea,True,https://www.promart.pe/smartphone-samsung-galaxy-s26-ultra-6-9--12gb-512gb-200mp-black-1001392181/p
Promart,Smartphones,SAMSUNG,CELULAR SAMSUNG GALAXY S26 256GB | NEGRO,5549.0,4159.0,COMPRAFACIL USA,True,https://www.promart.pe/celular-samsung-galaxy-s26-256gb-negro-1001391286/p
Promart,Smartphones,SAMSUNG,CELULAR SAMSUNG GALAXY S26+ 256GB | BLANCO,6439.0,4829.0,COMPRAFACIL USA,True,https://www.promart.pe/celular-samsung-galaxy-s26-256gb-blanco-1001391284/p
Promart,Smartphones,SAMSUNG,CELULAR SAMSUNG GALAXY S26 512GB | NEGRO,5749.0,4999.0,COMPRAFACIL USA,True,https://www.promart.pe/celular-samsung-galaxy-s26-512gb-negro-1001391274/p
Promart,Smartphones,SAMSUNG,CELULAR SAMSUNG GALAXY S26+ 512GB | BLANCO,6669.0,5799.0,COMPRAFACIL USA,True,https://www.promart.pe/celular-samsung-galaxy-s26-512gb-blanco-1001391273/p
Promart,Smartphones,SAMSUNG,CELULAR SAMSUNG GALAXY S26+ 512GB | NEGRO,6669.0,5799.0,COMPRAFACIL USA,True,https://www.promart.pe/celular-samsung-galaxy-s26-512gb-negro-1001391266/p
Promart,Smartphones,SAMSUNG,CELULAR SAMSUNG GALAXY S26 256GB | VIOLETA COBALTO,4949.0,4299.0,COMPRAFACIL USA,True,https://www.promart.pe/celular-samsung-galaxy-s26-256gb-violeta-cobalto-1001391262/p
Promart,Smartphones,SAMSUNG,CELULAR SAMSUNG GALAXY S26 256GB | BLANCO,4829.0,4199.0,COMPRAFACIL USA,True,https://www.promart.pe/celular-samsung-galaxy-s26-256gb-blanco-1001391260/p
Promart,Smartphones,SAMSUNG,CELULAR SAMSUNG GALAXY S26+ 256GB | SKY BLUE,6439.0,4829.0,COMPRAFACIL USA,True,https://www.promart.pe/celular-samsung-galaxy-s26-256gb-sky-blue-1001391255/p
Promart,Smartphones,SAMSUNG,CELULAR SAMSUNG GALAXY S26+ 512GB | VIOLETA COBALTO,6669.0,5799.0,COMPRAFACIL USA,True,https://www.promart.pe/celular-samsung-galaxy-s26-512gb-violeta-cobalto-1001391253/p
Promart,Smartphones,SAMSUNG,CELULAR SAMSUNG GALAXY S26+ 256GB | NEGRO,6439.0,4829.0,COMPRAFACIL USA,True,https://www.promart.pe/celular-samsung-galaxy-s26-256gb-negro-1001391247/p
Promart,Smartphones,SAMSUNG,CELULAR SAMSUNG GALAXY S26 512GB | SKY BLUE,5749.0,4999.0,COMPRAFACIL USA,True,https://www.promart.pe/celular-samsung-galaxy-s26-512gb-sky-blue-1001391246/p
Promart,Smartphones,SAMSUNG,CELULAR SAMSUNG GALAXY S26 512GB | BLANCO,5749.0,4999.0,COMPRAFACIL USA,True,https://www.promart.pe/celular-samsung-galaxy-s26-512gb-blanco-1001391240/p
Promart,Smartphones,XIAOMI,Xiaomi REDMI NOTE 15 4G 256GB 8GB Azul,1091.0,1010.0,CELULARESPERUSMARTSAC,True,https://www.promart.pe/xiaomi-redmi-note-15-4g-256gb-8gb-azul-1001391237/p
Promart,Smartphones,XIAOMI,Xiaomi REDMI NOTE 15 4G 128GB 6GB Morado,1003.0,836.0,CELULARESPERUSMARTSAC,True,https://www.promart.pe/xiaomi-redmi-note-15-4g-128gb-6gb-morado-1001391212/p
Promart,Smartphones,SAMSUNG,CELULAR SAMSUNG GALAXY S26+ 256GB | VIOLETA COBALTO,6439.0,4829.0,COMPRAFACIL USA,True,https://www.promart.pe/celular-samsung-galaxy-s26-256gb-violeta-cobalto-1001391204/p
Promart,Smartphones,SAMSUNG,CELULAR SAMSUNG GALAXY S26+ 512GB | SKY BLUE,6669.0,5799.0,COMPRAFACIL USA,True,https://www.promart.pe/celular-samsung-galaxy-s26-512gb-sky-blue-1001391194/p
Promart,Smartphones,XIAOMI,Xiaomi REDMI NOTE 15 4G 256GB 8GB Morado,1172.0,977.0,CELULARESPERUSMARTSAC,True,https://www.promart.pe/xiaomi-redmi-note-15-4g-256gb-8gb-morado-1001391193/p
Promart,Smartphones,XIAOMI,Xiaomi REDMI 15C 128GB 4GB Azul,599.0,499.0,CELULARESPERUSMARTSAC,True,https://www.promart.pe/xiaomi-redmi-15c-128gb-4gb-azul-1001391189/p
Promart,Smartphones,SAMSUNG,CELULAR SAMSUNG GALAXY S26 256GB | SKY BLUE,4829.0,4199.0,COMPRAFACIL USA,True,https://www.promart.pe/celular-samsung-galaxy-s26-256gb-sky-blue-1001391175/p
Promart,Smartphones,SAMSUNG,CELULAR SAMSUNG GALAXY S26 512GB | VIOLETA COBALTO,5749.0,4999.0,COMPRAFACIL USA,True,https://www.promart.pe/celular-samsung-galaxy-s26-512gb-violeta-cobalto-1001391172/p
Promart,Smartphones,XIAOMI,Xiaomi REDMI NOTE 15 4G 128GB 6GB Negro,1016.0,847.0,CELULARESPERUSMARTSAC,True,https://www.promart.pe/xiaomi-redmi-note-15-4g-128gb-6gb-negro-1001391164/p
Promart,Smartphones,XIAOMI,Xiaomi REDMI NOTE 15 4G 256GB 8GB Negro,1121.0,934.0,CELULARESPERUSMARTSAC,True,https://www.promart.pe/xiaomi-redmi-note-15-4g-256gb-8gb-negro-1001391148/p
Promart,Smartphones,REDMI,CELULAR REDMI NOTE 15 PRO 4G 8GB RAM 256GB GRIS TITANIO,1699.0,1179.0,SL TECNOLOGÍA SMART,True,https://www.promart.pe/celular-redmi-note-15-pro-4g-8gb-ram-256gb-gris-titanio-1001389501/p
Promart,Smartphones,HONOR,Honor Magic 8 Lite 8RAM 256GB Verde,1869.0,1499.0,F MOBILE TECH,True,https://www.promart.pe/honor-magic-8-lite-8ram-256gb-verde-1001389456/p
Promart,Smartphones,SAMSUNG,Samsung Galaxy S26 Ultra Potencia Innovación y Fotografía de Nivel Profesion,6979.9,6979.9,GRUPO LINEA HOGAR,True,https://www.promart.pe/samsung-galaxy-s26-ultra-potencia-innovacion-y-fotografia-de-nivel-profesion-1001389441/p
Promart,Smartphones,HONOR,Celular Honor 200 PRO 5G 12GB 512GB Negro,3099.0,2199.0,MEGACEL PERU,True,https://www.promart.pe/celular-honor-200-pro-5g-12gb-512gb-negro-1001389139/p
Promart,Smartphones,APPLE,Iphone 17 Pro max 2TB ESIM - Silver,10049.0,8999.0,MANZANA MIA,True,https://www.promart.pe/iphone-17-pro-max-2tb-esim-orange-1001389121/p
Promart,Smartphones,HONOR,Celular Honor MAGIC 8 LITE 5G 8GB 256GB Verde,2299.0,1549.0,MEGACEL PERU,True,https://www.promart.pe/celular-honor-magic-8-lite-5g-8gb-256gb-verde-1001389120/p
Promart,Smartphones,HONOR,Celular Honor Play 10 4G 3GB 64GB Negro,719.0,439.0,MEGACEL PERU,True,https://www.promart.pe/celular-honor-play-10-4g-3gb-64gb-negro-1001389108/p
Promart,Smartphones,HONOR,Celular Honor MAGIC 8 LITE 5G 8GB 256GB Dorado,2299.0,1549.0,MEGACEL PERU,True,https://www.promart.pe/celular-honor-magic-8-lite-5g-8gb-256gb-dorado-1001389106/p
Promart,Smartphones,HONOR,Celular Honor 400 5G 12GB 512GB Negro,2899.0,1999.0,MEGACEL PERU,True,https://www.promart.pe/celular-honor-400-5g-12gb-512gb-negro-1001389104/p
Promart,Smartphones,HONOR,Celular Honor 400 5G 12GB 512GB Negro,2899.0,1999.0,GI ALPACA PERU,True,https://www.promart.pe/celular-honor-400-5g-12gb-512gb-negro-1001389095/p
Promart,Smartphones,HONOR,Celular Honor MAGIC 8 LITE 5G 8GB 256GB Dorado,2299.0,1549.0,GI ALPACA PERU,True,https://www.promart.pe/celular-honor-magic-8-lite-5g-8gb-256gb-dorado-1001389089/p
Promart,Smartphones,HONOR,Celular Honor Play 10 4G 3GB 64GB Negro,719.0,439.0,GI ALPACA PERU,True,https://www.promart.pe/celular-honor-play-10-4g-3gb-64gb-negro-1001389088/p
Promart,Smartphones,HONOR,Celular Honor MAGIC 8 LITE 5G 8GB 256GB Verde,2299.0,1549.0,GI ALPACA PERU,True,https://www.promart.pe/celular-honor-magic-8-lite-5g-8gb-256gb-verde-1001389087/p
Promart,Smartphones,APPLE,Iphone 17 Pro max  1TB ESIM - Silver,8499.0,7350.0,MANZANA MIA,True,https://www.promart.pe/iphone-17-pro-max-1tb-esim-silver-1001389082/p
Promart,Smartphones,SAMSUNG,Samsung Galaxy S26 Ultra 256gb 12gb Black,6299.0,4499.0,Telcelperu,True,https://www.promart.pe/samsung-galaxy-s26-ultra-256gb-12gb-black-1001389081/p
Promart,Smartphones,APPLE,Iphone 17 Pro max 2TB ESIM - Cosmic Orange,10049.0,8999.0,MANZANA MIA,True,https://www.promart.pe/iphone-17-pro-max-2tb-esim-silver-1001389067/p
Promart,Smartphones,SAMSUNG,SAMSUNG GALAXY S26 ULTRA 12RAM 512GB BLANCO,5900.0,4019.0,Marketcell,True,https://www.promart.pe/samsung-galaxy-s26-ultra-blanco-1001389064/p
Promart,Smartphones,XIAOMI,Xiaomi Redmi Note 15 Pro 4g 256gb 8gb Ram Gris Titanio,1729.0,1729.0,Moviles Eirl,True,https://www.promart.pe/xiaomi-redmi-note-15-pro-4g-256gb-8gb-ram-gris-titanio-1001389061/p
Promart,Smartphones,XIAOMI,Xiaomi Redmi Note 15 Pro 4g 256gb 8gb Ram Gris Titanio,1729.0,999.0,Telcelperu,True,https://www.promart.pe/xiaomi-redmi-note-15-pro-4g-256gb-8gb-ram-gris-titanio-1001389046/p
Promart,Smartphones,SAMSUNG,SAMSUNG GALAXY S26 ULTRA 12RAM 512GB CELESTE,5900.0,4009.0,Marketcell,True,https://www.promart.pe/samsung-galaxy-s26-ultra-celeste-1001389041/p
Promart,Smartphones,SAMSUNG,SAMSUNG GALAXY S26 ULTRA 12RAM 512GB NEGRO,5900.0,4019.0,Marketcell,True,https://www.promart.pe/samsung-galaxy-s26-ultra-negro-1001389037/p
Promart,Smartphones,XIAOMI,Xiaomi Redmi Note 15 4g 128gb 6gb Ram Verde Bosque,1329.0,849.0,Telcelperu,True,https://www.promart.pe/xiaomi-redmi-note-15-4g-128gb-6gb-ram-verde-bosque-1001389035/p
Promart,Smartphones,XIAOMI,Xiaomi Redmi Note 15 4g 128gb 6gb Ram Purple,1329.0,849.0,TelcelperuExpress,True,https://www.promart.pe/xiaomi-redmi-note-15-4g-128gb-6gb-ram-purple-1001389034/p
Promart,Smartphones,XIAOMI,Xiaomi Redmi Note 15 4g 128gb 6gb Ram Purple,1329.0,849.0,Telcelperu,True,https://www.promart.pe/xiaomi-redmi-note-15-4g-128gb-6gb-ram-purple-1001389016/p
Promart,Smartphones,XIAOMI,Xiaomi Redmi Note 15 Pro 4g 256gb 8gb Ram Gris Titanio,1729.0,1049.0,TelcelperuExpress,True,https://www.promart.pe/xiaomi-redmi-note-15-pro-4g-256gb-8gb-ram-gris-titanio-1001388999/p
Promart,Smartphones,SAMSUNG,Samsung Galaxy S26 Ultra 256gb 12gb Black,6299.0,4499.0,TelcelperuExpress,True,https://www.promart.pe/samsung-galaxy-s26-ultra-256gb-12gb-black-1001388991/p
Promart,Smartphones,XIAOMI,Xiaomi Redmi Note 15 4g 128gb 6gb Ram Purple,1329.0,849.0,Moviles Eirl,True,https://www.promart.pe/xiaomi-redmi-note-15-4g-128gb-6gb-ram-purple-1001388990/p
Promart,Smartphones,MOTOROLA,Celular Motorola Moto G06 4GB RAM 256GB - Azul,999.0,479.0,GRUPO LINEA HOGAR,True,https://www.promart.pe/smartphone-motorola-moto-g06-256gb-4gb-ram-pantalla-amplia-camara-avanzada-1001383144/p
Promart,Smartphones,XIAOMI,Xiaomi Redmi Note 15 4g 256gb 8gb Verde Bosque,1429.0,919.0,TelcelperuExpress,True,https://www.promart.pe/xiaomi-redmi-note-15-4g-256gb-8gb-verde-bosque-1001383011/p
Promart,Smartphones,APPLE,Iphone 17 Pro max 1TB ESIM - Cosmic Orange,8499.0,7350.0,MANZANA MIA,True,https://www.promart.pe/iphone-17-pro-max-1tb-esim-cosmic-orange-1001382959/p
Promart,Smartphones,APPLE,Iphone 17 Pro max 1TB ESIM - Deep Blue,8499.0,7350.0,MANZANA MIA,True,https://www.promart.pe/iphone-17-pro-max-1tb-esim-deep-blue-1001382910/p
Promart,Smartphones,APPLE,Iphone 17 Pro max 512GB ESIM - Silver,7799.0,7799.0,MANZANA MIA,True,https://www.promart.pe/iphone-17-pro-max-512gb-esim-silver-1001382730/p
Promart,Smartphones,APPLE,Iphone 17 Pro max 256GB ESIM - SILVER,6199.0,6199.0,MANZANA MIA,True,https://www.promart.pe/iphone-17-pro-max-256gb-esim-silver-1001382658/p
Promart,Smartphones,APPLE,Iphone 17 Pro max 512GB ESIM - Deep Blue,7799.0,7799.0,MANZANA MIA,True,https://www.promart.pe/iphone-17-pro-max-512gb-esim-deep-blue-1001382645/p
Promart,Smartphones,APPLE,Iphone 17 Pro max 512GB ESIM - Cosmic Orange,7799.0,7799.0,MANZANA MIA,True,https://www.promart.pe/iphone-17-pro-max-512gb-esim-cosmic-orange-1001382636/p
Promart,Smartphones,APPLE,Iphone 17 Pro max 256GB ESIM - Deep Blue,6199.0,6199.0,MANZANA MIA,True,https://www.promart.pe/iphone-17-pro-max-256gb-esim-deep-blue-1001382552/p
Promart,Smartphones,APPLE,Iphone 17 Pro max 256GB ESIM - Cosmic Orange,6199.0,6199.0,MANZANA MIA,True,https://www.promart.pe/iphone-17-pro-max-256gb-esim-cosmic-orange-1001382533/p
Promart,Smartphones,XIAOMI,Celular Xiaomi Redmi Note 14 Pro+ 5G 8GB 256GB Negro Negro,2499.0,1499.0,MEGACEL PERU,True,https://www.promart.pe/celular-xiaomi-redmi-note-14-pro-5g-8gb-256gb-negro-1001382517/p
Promart,Smartphones,APPLE,Iphone 17 Pro 256GB Edición ESIM Naranja Naranja,9499.0,5049.0,MEGACEL PERU,True,https://www.promart.pe/iphone-17-pro-256gb-edicion-esim-naranja-1001382507/p
Promart,Smartphones,XIAOMI,Celular Xiaomi Redmi 15 8GB 256GB Negro Negro,1399.0,789.0,MEGACEL PERU,True,https://www.promart.pe/celular-xiaomi-redmi-15-8gb-256gb-negro-1001382501/p
Promart,Smartphones,XIAOMI,Celular Xiaomi Redmi Note 15 4G 8GB 256GB Negro,1899.0,899.0,GI ALPACA PERU,True,https://www.promart.pe/celular-xiaomi-redmi-note-15-4g-8gb-256gb-negro-1001382379/p
Promart,Smartphones,XIAOMI,Celular Xiaomi Redmi 15C 4GB 128GB Negro,1099.0,539.0,GI ALPACA PERU,True,https://www.promart.pe/celular-xiaomi-redmi-15c-4gb-128gb-negro-1001382378/p
Promart,Smartphones,XIAOMI,Celular Xiaomi Redmi Note 15 Pro 8GB 256GB Negro,1999.0,1099.0,GI ALPACA PERU,True,https://www.promart.pe/celular-xiaomi-redmi-note-15-pro-8gb-256gb-negro-1001382375/p
Promart,Smartphones,XIAOMI,Celular Xiaomi Redmi 15 8GB 256GB Negro,1299.0,1299.0,GI ALPACA PERU,True,https://www.promart.pe/celular-xiaomi-redmi-15-8gb-256gb-negro-1001382372/p
Promart,Smartphones,XIAOMI,Celular Xiaomi Redmi 15C 8GB 256GB Negro,1199.0,679.0,GI ALPACA PERU,True,https://www.promart.pe/celular-xiaomi-redmi-15c-8gb-256gb-negro-1001382370/p
Promart,Smartphones,SAMSUNG,Samsung Galaxy S25 Ultra 256gb 12gb 200mp Titanium Black,5599.0,3499.0,TelcelperuExpress,True,https://www.promart.pe/samsung-galaxy-s25-ultra-256gb-12gb-200mp-titanium-black-1001381651/p
Promart,Smartphones,SAMSUNG,Samsung Galaxy S25 Ultra 256gb 12gb 200mp Titanium Gray,5599.0,3499.0,TelcelperuExpress,True,https://www.promart.pe/samsung-galaxy-s25-ultra-256gb-12gb-200mp-titanium-gray-1001381648/p
Promart,Smartphones,SAMSUNG,Samsung Galaxy S25 Ultra 256gb 12gb 200mp Titanium Silverblue,5599.0,3499.0,TelcelperuExpress,True,https://www.promart.pe/samsung-galaxy-s25-ultra-256gb-12gb-200mp-titanium-silverblue-1001381641/p
Promart,Smartphones,XIAOMI,Xiaomi Redmi Note 15 4g 128gb 6gb Ram Verde Bosque,1329.0,849.0,Moviles Eirl,True,https://www.promart.pe/xiaomi-redmi-note-15-4g-128gb-6gb-ram-verde-bosque-1001381636/p
Promart,Smartphones,XIAOMI,Celular Xiaomi Redmi Note 15 4G 8GB 256GB Negro,1899.0,929.0,MEGACEL PERU,True,https://www.promart.pe/celular-xiaomi-redmi-note-15-4g-8gb-256gb-negro-1001381629/p
Promart,Smartphones,XIAOMI,Xiaomi Redmi Note 15 4g 256gb 8gb Verde Bosque,1429.0,919.0,Moviles Eirl,True,https://www.promart.pe/xiaomi-redmi-note-15-4g-256gb-8gb-verde-bosque-1001381625/p
Promart,Smartphones,HONOR,Honor Magic 8 Lite 256gb 8gb Ram Forest Green,2099.0,1469.0,TelcelperuExpress,True,https://www.promart.pe/honor-magic-8-lite-256gb-8gb-ram-forest-green-1001381624/p
Promart,Smartphones,SAMSUNG,Samsung Galaxy S25 Ultra 1Tb 12Gb 200mp Titanium Black,5499.0,3829.0,TelcelperuExpress,True,https://www.promart.pe/samsung-galaxy-s25-ultra-1tb-12gb-200mp-titanium-black-1001381619/p
Promart,Smartphones,SAMSUNG,Samsung Galaxy S25 Ultra 512gb 12gb 200mp Titanium Whitesilver,6399.0,3599.0,TelcelperuExpress,True,https://www.promart.pe/samsung-galaxy-s25-ultra-512gb-12gb-200mp-titanium-whitesilver-1001381616/p
Promart,Smartphones,APPLE,Iphone 17 Pro 256GB 5G Azul,8999.0,5379.0,MEGACEL PERU,True,https://www.promart.pe/iphone-17-pro-256gb-5g-azul-1001381615/p
Promart,Smartphones,APPLE,Iphone 17 Pro 256GB 5G Azul,8999.0,5449.0,GI ALPACA PERU,True,https://www.promart.pe/iphone-17-pro-256gb-5g-azul-1001381605/p
Promart,Smartphones,APPLE,Iphone 17 Pro 256GB 5G Silver,8999.0,5449.0,GI ALPACA PERU,True,https://www.promart.pe/iphone-17-pro-256gb-5g-silver-1001381583/p
Promart,Smartphones,SAMSUNG,Celular SAMSUNG Galaxy S25 Ultra 5G 12GB 1TB White Silver,7599.0,4199.0,MEGACEL PERU,True,https://www.promart.pe/celular-samsung-galaxy-s25-ultra-5g-12gb-1tb-white-silver-1001381510/p
Promart,Smartphones,XIAOMI,Celular Xiaomi Redmi Note 15 Pro 8GB 256GB Negro,1999.0,1149.0,MEGACEL PERU,True,https://www.promart.pe/celular-xiaomi-redmi-note-15-pro-8gb-256gb-negro-1001381498/p
Promart,Smartphones,SAMSUNG,Celular Samsung Galaxy S25 5G 12GB 128GB Navy,5999.0,2599.0,MEGACEL PERU,True,https://www.promart.pe/celular-samsung-galaxy-s25-5g-12gb-128gb-navy-1001381490/p
Promart,Smartphones,SAMSUNG,Celular Samsung Galaxy S25 FE 5G 8GB 512GB Negro,4999.0,2699.0,MEGACEL PERU,True,https://www.promart.pe/celular-samsung-galaxy-s25-fe-5g-8gb-512gb-negro-1001381482/p
Promart,Smartphones,HONOR,Honor Magic 8 Lite 256gb 8gb Ram Midnight Black,2099.0,1469.0,TelcelperuExpress,True,https://www.promart.pe/honor-magic-8-lite-256gb-8gb-ram-midnight-black-1001381443/p
Promart,Smartphones,SAMSUNG,Samsung Galaxy S25 Ultra 512gb 12gb 200mp Titanium Silverblue,6399.0,3599.0,TelcelperuExpress,True,https://www.promart.pe/samsung-galaxy-s25-ultra-512gb-12gb-200mp-titanium-silverblue-1001381438/p
Promart,Smartphones,SAMSUNG,Samsung Galaxy S25 Ultra 256gb 12gb 200mp Titanium Whitesilver,5599.0,3499.0,TelcelperuExpress,True,https://www.promart.pe/samsung-galaxy-s25-ultra-256gb-12gb-200mp-titanium-whitesilver-1001381423/p
Promart,Smartphones,SAMSUNG,Samsung Galaxy S25 Ultra 1Tb 12Gb 200mp Titanium Grey,5499.0,3829.0,TelcelperuExpress,True,https://www.promart.pe/samsung-galaxy-s25-ultra-1tb-12gb-200mp-titanium-grey-1001381418/p
Promart,Smartphones,SAMSUNG,Samsung Galaxy S25 Ultra 512gb 12gb 200mp Titanium Gray,6399.0,3599.0,TelcelperuExpress,True,https://www.promart.pe/samsung-galaxy-s25-ultra-512gb-12gb-200mp-titanium-gray-1001381415/p
Promart,Smartphones,SAMSUNG,Samsung Galaxy S25 Ultra 512gb 12gb 200mp Titanium Black,6399.0,3599.0,TelcelperuExpress,True,https://www.promart.pe/samsung-galaxy-s25-ultra-512gb-12gb-200mp-titanium-black-1001381400/p
Promart,Smartphones,XIAOMI,Celular Redmi Note 15Pro+ 5G Glacier Blue12G RAM 512G ROM,1899.0,1799.0,Oechsle,True,https://www.promart.pe/celular-redmi-note-15pro-5g-glacier-blue12g-ram-512g-rom-1001381329/p
Promart,Smartphones,XIAOMI,Celular Redmi 15 Sandy Purple 8GB RAM 256GB ROM,799.0,799.0,Oechsle,True,https://www.promart.pe/celular-redmi-15-sandy-purple-8gb-ram-256gb-rom-1001381328/p
Promart,Smartphones,SAMSUNG,Celular Samsung Galaxy S26 Ultra 512GB Light Blue,6899.0,4499.0,Oechsle,True,https://www.promart.pe/celular-samsung-galaxy-s26-ultra-512gb-light-blue-sm-s948blbmltp-1001381326/p
Promart,Smartphones,SAMSUNG,Celular Samsung Galaxy S26 512GB Light Blue SM-S942BLBVLTP,5399.0,5399.0,Oechsle,True,https://www.promart.pe/celular-samsung-galaxy-s26-512gb-light-blue-sm-s942blbvltp-1001381325/p
Promart,Smartphones,MOTOROLA,Celular Motorola Moto Edge 70 12GB + 512GB Gris,2299.0,1849.0,Oechsle,True,https://www.promart.pe/celular-motorola-moto-edge-70-12gb-512gb-gris-1001381304/p
Promart,Smartphones,APPLE,Iphone 17 Pro 256GB 5G Naranja,8999.0,5379.0,MEGACEL PERU,True,https://www.promart.pe/iphone-17-pro-256gb-5g-naranja-1001381176/p
Promart,Smartphones,APPLE,Iphone 17 Pro 256GB 5G Naranja,8999.0,5449.0,GI ALPACA PERU,True,https://www.promart.pe/iphone-17-pro-256gb-5g-naranja-1001381175/p
Promart,Smartphones,APPLE,Iphone 17 Pro 256GB Edición ESIM Naranja,8999.0,5049.0,GI ALPACA PERU,True,https://www.promart.pe/iphone-17-pro-256gb-edicion-esim-naranja-1001381172/p
Promart,Smartphones,SAMSUNG,SAMUNG GALAXY A56 5G 12GB - 256GB,2199.0,1680.0,GRUPO LINEA HOGAR,True,https://www.promart.pe/samung-galaxy-a566e-12gb-256gb-1001381032/p
Promart,Smartphones,XIAOMI,Redmi 15C 4+4GB RAM/ 256GB ROM,899.0,549.9,GRUPO LINEA HOGAR,True,https://www.promart.pe/redmi-15c-4-4gb-ram-256gb-rom-1001381029/p
Promart,Smartphones,XIAOMI,Xiaomi Redmi Note 15 Pro Plus 5g 256gb 8gb Ram Black,2099.0,1559.0,TelcelperuExpress,True,https://www.promart.pe/xiaomi-redmi-note-15-pro-plus-5g-256gb-8gb-ram-black-1001381019/p
Promart,Smartphones,XIAOMI,Xiaomi Redmi Note 15 4g 256gb 8gb Azul Glacial,1429.0,919.0,TelcelperuExpress,True,https://www.promart.pe/xiaomi-redmi-note-15-4g-256gb-8gb-azul-glacial-1001381017/p
Promart,Smartphones,XIAOMI,Xiaomi Redmi Note 15 4g 128gb 6gb Ram Azul Glacial,1329.0,849.0,TelcelperuExpress,True,https://www.promart.pe/xiaomi-redmi-note-15-4g-128gb-6gb-ram-azul-glacial-1001381013/p
Promart,Smartphones,XIAOMI,Xiaomi Redmi Note 15 4g 128gb 6gb Ram Black,1329.0,849.0,TelcelperuExpress,True,https://www.promart.pe/xiaomi-redmi-note-15-4g-128gb-6gb-ram-black-1001381012/p
Promart,Smartphones,XIAOMI,Xiaomi Redmi Note 15 4g 256gb 8gb Ram Black,1429.0,919.0,TelcelperuExpress,True,https://www.promart.pe/xiaomi-redmi-note-15-4g-256gb-8gb-ram-black-1001381008/p
Promart,Smartphones,XIAOMI,Xiaomi Redmi Note 15 Pro 4g 256gb 8gb Ram Glacier Blue,1729.0,1049.0,TelcelperuExpress,True,https://www.promart.pe/xiaomi-redmi-note-15-pro-4g-256gb-8gb-ram-glacier-blue-1001380993/p
Promart,Smartphones,XIAOMI,Xiaomi Redmi Note 15 Pro 4g 256gb 8gb Ram Black,1729.0,1049.0,TelcelperuExpress,True,https://www.promart.pe/xiaomi-redmi-note-15-pro-4g-256gb-8gb-ram-black-1001380987/p
Promart,Smartphones,APPLE,Apple Iphone 17 256gb Black Chip Fisico,4979.0,3779.0,TelcelperuExpress,True,https://www.promart.pe/apple-iphone-17-256gb-black-chip-fisico-1001380982/p
Promart,Smartphones,HONOR,CELULAR HONOR X8C 8RAM 256GB,1399.0,1029.0,COMERCIAL RRJ EIRL,True,https://www.promart.pe/celular-honor-x8c-8ram-256gb-1001380820/p
Promart,Smartphones,HONOR,CELULAR HONOR X7C 8RAM 256GB,989.0,819.0,COMERCIAL RRJ EIRL,True,https://www.promart.pe/celular-honor-x7c-8ram-256gb-1001380803/p
Promart,Smartphones,HONOR,CELULAR HONOR X5C PLUS 6RAM 256GB,899.0,579.0,COMERCIAL RRJ EIRL,True,https://www.promart.pe/celular-honor-x5c-plus-6ram-256gb-1001380675/p
Promart,Smartphones,HONOR,CELULAR HONOR X5C 4RAM 128GB,799.0,519.0,COMERCIAL RRJ EIRL,True,https://www.promart.pe/celular-honor-x5c-4ram-128gb-1001380660/p
Promart,Smartphones,HONOR,CELULAR HONOR X5C 4RAM 64GB,799.0,459.0,COMERCIAL RRJ EIRL,True,https://www.promart.pe/celular-honor-x5c-4ram-64gb-1001380652/p
Promart,Smartphones,HONOR,CELULAR HONOR PLAY 10 3RAM 64GB,699.0,419.0,COMERCIAL RRJ EIRL,True,https://www.promart.pe/celular-honor-play-10-3ram-64gb-1001380628/p
Promart,Smartphones,SAMSUNG,Celular Samsung Galaxy A16 4G 4GB 128GB Negro,1099.0,579.0,GI ALPACA PERU,True,https://www.promart.pe/celular-samsung-galaxy-a16-4g-4gb-128gb-negro-1001380626/p
Promart,Smartphones,XIAOMI,CELULAR REDMI NOTE 15 PRO 5G 8RAM 256GB,1799.0,1599.0,COMERCIAL RRJ EIRL,True,https://www.promart.pe/celular-redmi-note-15-pro-5g-8ram-256gb-1001380518/p
Promart,Smartphones,SAMSUNG,Celular Samsung Galaxy S25 5G 12GB 128GB Navy,5999.0,2599.0,GI ALPACA PERU,True,https://www.promart.pe/celular-samsung-galaxy-s25-5g-12gb-128gb-navy-1001379778/p
Promart,Smartphones,XIAOMI,CELULAR REDMI NOTE 15 PRO 4G 8RAM 256GB,1599.0,1189.0,COMERCIAL RRJ EIRL,True,https://www.promart.pe/celular-redmi-note-15-pro-4g-8ram-256gb-1001379753/p
Promart,Smartphones,SAMSUNG,Celular SAMSUNG Galaxy S25 Ultra 5G 12GB 1TB White Silver,7599.0,4199.0,GI ALPACA PERU,True,https://www.promart.pe/celular-samsung-galaxy-s25-ultra-5g-12gb-1tb-white-silver-1001379745/p
Promart,Smartphones,SAMSUNG,Celular Samsung Galaxy S25 FE 5G 8GB 512GB Negro,4999.0,2699.0,GI ALPACA PERU,True,https://www.promart.pe/celular-samsung-galaxy-s25-fe-5g-8gb-512gb-negro-1001379372/p
Promart,Smartphones,XIAOMI,Xiaomi Redmi Note 15 4g 128gb 6gb Ram Azul Glacial,1329.0,849.0,Moviles Eirl,True,https://www.promart.pe/xiaomi-redmi-note-15-4g-128gb-6gb-ram-azul-glacial-1001379295/p
Promart,Smartphones,XIAOMI,Xiaomi Redmi Note 15 4g 256gb 8gb Ram Black,1429.0,919.0,Moviles Eirl,True,https://www.promart.pe/xiaomi-redmi-note-15-4g-256gb-8gb-ram-black-1001379292/p
Promart,Smartphones,XIAOMI,Xiaomi Redmi Note 15 4g 256gb 8gb Azul Glacial,1429.0,919.0,Moviles Eirl,True,https://www.promart.pe/xiaomi-redmi-note-15-4g-256gb-8gb-azul-glacial-1001379278/p
Promart,Smartphones,XIAOMI,Xiaomi Redmi Note 15 4g 128gb 6gb Ram Black,1329.0,849.0,Moviles Eirl,True,https://www.promart.pe/xiaomi-redmi-note-15-4g-128gb-6gb-ram-black-1001379275/p
Promart,Smartphones,XIAOMI,Xiaomi Redmi Note 15 Pro 4g 256gb 8gb Ram Black,1729.0,1729.0,Moviles Eirl,True,https://www.promart.pe/xiaomi-redmi-note-15-pro-4g-256gb-8gb-ram-black-1001379136/p
Promart,Smartphones,XIAOMI,Xiaomi Redmi Note 15 4g 256gb 8gb Ram Black,1429.0,919.0,Telcelperu,True,https://www.promart.pe/xiaomi-redmi-note-15-4g-256gb-8gb-ram-black-1001379103/p
Promart,Smartphones,XIAOMI,Xiaomi Redmi Note 15 4g 128gb 6gb Ram Black,1329.0,849.0,Telcelperu,True,https://www.promart.pe/xiaomi-redmi-note-15-4g-128gb-6gb-ram-black-1001379094/p
Promart,Smartphones,XIAOMI,Xiaomi Redmi Note 15 4g 256gb 8gb Azul Glacial,1429.0,919.0,Telcelperu,True,https://www.promart.pe/xiaomi-redmi-note-15-4g-256gb-8gb-azul-glacial-1001379093/p
Promart,Smartphones,XIAOMI,Xiaomi Redmi Note 15 4g 128gb 6gb Ram Azul Glacial,1329.0,849.0,Telcelperu,True,https://www.promart.pe/xiaomi-redmi-note-15-4g-128gb-6gb-ram-azul-glacial-1001379074/p
Promart,Smartphones,XIAOMI,Xiaomi Redmi Note 15 4g 256gb 8gb Verde Bosque,1429.0,919.0,Telcelperu,True,https://www.promart.pe/xiaomi-redmi-note-15-4g-256gb-8gb-verde-bosque-1001379068/p
Promart,Smartphones,XIAOMI,Xiaomi REDMI NOTE 15 PRO 4G 256GB 8GB Negro,1337.0,1238.0,CELULARESPERUSMARTSAC,True,https://www.promart.pe/xiaomi-redmi-note-15-pro-4g-256gb-8gb-negro-1001379035/p
Promart,Smartphones,HONOR,Honor X8d 256GB 8GB Azul,1103.0,1021.0,CELULARESPERUSMARTSAC,True,https://www.promart.pe/honor-x8d-256gb-8gb-azul-1001379033/p
Promart,Smartphones,HONOR,Honor X8d 256GB 8GB Negro,1197.0,1108.0,CELULARESPERUSMARTSAC,True,https://www.promart.pe/honor-x8d-256gb-8gb-negro-1001379031/p
Promart,Smartphones,XIAOMI,Xiaomi Redmi Note 15 Pro Plus 5g 256gb 8gb Ram Black,2099.0,1559.0,Moviles Eirl,True,https://www.promart.pe/xiaomi-redmi-note-15-pro-plus-5g-256gb-8gb-ram-black-1001378323/p
Promart,Smartphones,XIAOMI,Xiaomi Redmi Note 15 Pro 4g 256gb 8gb Ram Glacier Blue,1729.0,1729.0,Moviles Eirl,True,https://www.promart.pe/xiaomi-redmi-note-15-pro-4g-256gb-8gb-ram-glacier-blue-1001378289/p
Promart,Smartphones,XIAOMI,CELULAR REDMI 15C 8RAM 256GB,899.0,649.0,COMERCIAL RRJ EIRL,True,https://www.promart.pe/celular-redmi-15c-8ram-256gb-1001377706/p
Promart,Smartphones,XIAOMI,CELULAR REDMI NOTE 14 PRO 5G 8RAM 256GB,1799.0,1499.0,COMERCIAL RRJ EIRL,True,https://www.promart.pe/celular-redmi-note-14-pro-5g-8ram-256gb-1001377702/p
Promart,Smartphones,XIAOMI,CELULAR REDMI 15 8RAM 256GB,990.0,990.0,COMERCIAL RRJ EIRL,True,https://www.promart.pe/celular-redmi-15-8ram-256gb-1001377689/p
Promart,Smartphones,XIAOMI,CELULAR REDMI 15 6RAM 128GB,899.0,649.0,COMERCIAL RRJ EIRL,True,https://www.promart.pe/celular-redmi-15-6ram-128gb-1001377501/p
Promart,Smartphones,XIAOMI,CELULAR REDMI 15C 4RAM 128GB,899.0,899.0,COMERCIAL RRJ EIRL,True,https://www.promart.pe/celular-redmi-15c-4ram-128gb-1001377467/p
Promart,Smartphones,XIAOMI,CELULAR REDMI A5 4RAM 128GB,699.0,469.0,COMERCIAL RRJ EIRL,True,https://www.promart.pe/celular-redmi-a5-4ram-128gb-1001377431/p
Promart,Smartphones,XIAOMI,CELULAR REDMI A5 3RAM 64GB,599.0,419.0,COMERCIAL RRJ EIRL,True,https://www.promart.pe/celular-redmi-a5-3ram-64gb-1001377051/p
Promart,Smartphones,SAMSUNG,CELULAR SAMSUNG GALAXY A17 8GB RAM 256GB ROM - NEGRO,1999.0,999.0,RP INVERSIONES,True,https://www.promart.pe/celular-samsung-galaxy-a17-8gb-ram-256gb-rom-negro-1001375863/p
Promart,Smartphones,SAMSUNG,CELULAR SAMSUNG GALAXY A17 8GB RAM 256GB ROM - NEGRO,1999.0,999.0,IMPORT CASO E.I.R.L.,True,https://www.promart.pe/celular-samsung-galaxy-a17-8gb-ram-256gb-rom-negro-1001375809/p
Promart,Smartphones,SAMSUNG,CELULAR SAMSUNG GALAXY A17 8GB RAM 256GB ROM - NEGRO,1999.0,999.0,D´TEEC-TECNOLOGÍA ELECTRO,True,https://www.promart.pe/celular-samsung-galaxy-a17-8gb-ram-256gb-rom-negro-1001375802/p
Promart,Smartphones,MOTOROLA,Motorola G06 256GB 4GB Cafe,612.0,510.0,CELULARESPERUSMARTSAC,True,https://www.promart.pe/motorola-g06-256gb-4gb-cafe-1001375186/p
Promart,Smartphones,XIAOMI,Xiaomi REDMI NOTE 15 PRO 4G 256GB 8GB Azul,1395.0,1292.0,CELULARESPERUSMARTSAC,True,https://www.promart.pe/xiaomi-redmi-note-15-pro-4g-256gb-8gb-azul-1001375149/p
Promart,Smartphones,HONOR,HONOR X5C PLUS 4G  256GB 4GB RAM OCEANO,599.0,489.0,Marketcell,True,https://www.promart.pe/honor-x5c-plus-4g-256gb-6gb-ram-oceano-1001374636/p
Promart,Smartphones,HONOR,HONOR X5C PLUS 4G  256GB 4GB RAM SILVER,599.0,489.0,Marketcell,True,https://www.promart.pe/honor-x5c-plus-4g-256gb-6gb-ram-silver-1001374634/p
Promart,Smartphones,HONOR,HONOR X5C PLUS 4G  256GB 4GB RAM NEGRO,599.0,489.0,Marketcell,True,https://www.promart.pe/honor-x5c-plus-4g-256gb-6gb-ram-negro-1001374628/p
Promart,Smartphones,HONOR,HONOR PLAY 10A 4RAM 128GB - AZUL,599.0,409.0,Marketcell,True,https://www.promart.pe/honor-play-10a-4ram-128gb-azul-1001374626/p
Promart,Smartphones,XIAOMI,NOTE 15 PRO 4G DE 256GB 8 RAM TITANIO,1359.0,979.0,Marketcell,True,https://www.promart.pe/note-15-pro-4g-de-256gb-8-ram-titanio-1001373598/p
Promart,Smartphones,XIAOMI,REDMI NOTE 15 PRO PLUS 8 RAM 256GB NEGRO,1759.0,1499.0,Marketcell,True,https://www.promart.pe/redmi-note-15-pro-plus-8-ram-256gb-negro-1001373594/p
Promart,Smartphones,XIAOMI,REDMI NOTE 15 PRO PLUS 5G 12 RAM 512GB MARRON,1899.0,1799.0,Marketcell,True,https://www.promart.pe/redmi-note-15-pro-plus-5g-12-ram-512gb-marron-1001373592/p
Promart,Smartphones,XIAOMI,REDMI NOTE 15 4G 6GB RAM 128 ROM PURPLE,899.0,699.0,Marketcell,True,https://www.promart.pe/redmi-note-15-4g-6gb-ram-128-rom-purple-1001373588/p
Promart,Smartphones,XIAOMI,NOTE 15 4G 8GB RAM 256GB - PURPURA,1059.0,829.0,Marketcell,True,https://www.promart.pe/note-15-4g-8gb-ram-256gb-purpura-1001373587/p
Promart,Smartphones,XIAOMI,REDMI NOTE 15 PRO PLUS 5G 12 RAM 512GB NEGRO,1899.0,1699.0,Marketcell,True,https://www.promart.pe/redmi-note-15-pro-plus-5g-12-ram-512gb-negro-1001373586/p
Promart,Smartphones,XIAOMI,NOTE 15 4G 6GB RAM 128GB - AZUL,899.0,899.0,Marketcell,True,https://www.promart.pe/note-15-4g-6gb-ram-128gb-azul-1001373583/p
Promart,Smartphones,XIAOMI,NOTE 15 4G 6GB RAM 128GB - NEGRO,899.0,699.0,Marketcell,True,https://www.promart.pe/note-15-4g-6gb-ram-128gb-negro-1001373582/p
Promart,Smartphones,XIAOMI,REDMI NOTE 15 PRO PLUS 5G 12 RAM 512GB AZUL,1899.0,1749.0,Marketcell,True,https://www.promart.pe/redmi-note-15-pro-plus-5g-12-ram-512gb-azul-1001373579/p
Promart,Smartphones,XIAOMI,Xiaomi Redmi Note 14 Pro Plus 5G 256GB 8GB Negro,1799.0,1529.0,FULL HOGAR SHOP,True,https://www.promart.pe/xiaomi-redmi-note-14-pro-plus-5g-256gb-8gb-negro-1001371977/p
Promart,Smartphones,SAMSUNG,Celular Samsung Galaxy A07 64GB 4GB RAM Negro,599.0,399.0,Ofertec,True,https://www.promart.pe/celular-samsung-galaxy-a07-64gb-4gb-ram-negro-1001371972/p
Promart,Smartphones,HONOR,Honor Magic 8 Lite 5G 512GB 8GB Ram Verde,2899.0,1869.0,INFOTECSHOP,True,https://www.promart.pe/honor-magic-8-lite-5g-512gb-8gb-ram-verde-1001371695/p
Promart,Smartphones,HONOR,Honor Magic 8 Lite 5G 256GB 8GB Ram Verde,2499.0,1589.0,INFOTECSHOP,True,https://www.promart.pe/honor-magic-8-lite-5g-256gb-8gb-ram-verde-1001371662/p
Promart,Smartphones,HONOR,Honor Magic 8 Lite 5G 512GB 8GB Ram Negro,2699.0,1869.0,INFOTECSHOP,True,https://www.promart.pe/honor-magic-8-lite-5g-512gb-8gb-ram-negro-1001371661/p
Promart,Smartphones,HONOR,Honor Magic 8 Lite 5G 256GB 8GB Ram Dorado,2499.0,1589.0,INFOTECSHOP,True,https://www.promart.pe/honor-magic-8-lite-5g-256gb-8gb-ram-dorado-1001371659/p
Promart,Smartphones,XIAOMI,Xiaomi Redmi Note 15 Pro Plus 5G 256GB 8GB Negro,1865.0,1727.0,CELULARESPERUSMARTSAC,True,https://www.promart.pe/xiaomi-redmi-note-15-pro-plus-5g-256gb-8gb-negro-1001370626/p
Promart,Smartphones,HONOR,Honor X9D 5G 8RAM 256GB Dorado,1899.0,1395.0,F MOBILE TECH,True,https://www.promart.pe/honor-x9d-5g-8gb-ram-256gb-108mp-8300mah-66w-amoled-120hz-incluye-cargador-1001370366/p
Promart,Smartphones,APPLE,iPhone 17 Pro Max 256gb ESIM - Silver,6999.0,5589.0,ROCICELL CELULARES Express,True,https://www.promart.pe/iphone-17-pro-max-256gb-esim-silver-1001367024/p
Promart,Smartphones,APPLE,IPHONE 17 ESIM 256GB - Black,4899.0,4899.0,ROCICELL CELULARES Express,True,https://www.promart.pe/iphone-17-esim-256gb-black-1001367003/p
Promart,Smartphones,APPLE,iPhone 17 Pro Max 256GB CHIP FISICO - Deep Blue,7599.0,5299.0,Fox Móviles SAC,True,https://www.promart.pe/iphone-17-pro-max-256gb-chip-fisico-deep-blue-1001366837/p
Promart,Smartphones,SAMSUNG,Samsung Note 20 5G 128GB 8GB Gris (REACONDICIONADO GRADO A+),1311.0,1214.0,Celulares Peru Smart,True,https://www.promart.pe/samsung-note-20-5g-128gb-8gb-gris-reacondicionado-grado-a-1001366310/p
Promart,Smartphones,HONOR,"Smartphone HONOR Magic 8 LITE 6.78"" 8GB 512GB 108MP+5MP Verde",1899.0,1599.0,Plaza Vea,True,https://www.promart.pe/smartphone-honor-8-lite-6-78--8gb-512gb-108mp-5mp-verde-1001366160/p
Promart,Smartphones,HONOR,"Smartphone HONOR Magic 8 Lite 6.78"" 8GB 512GB 108MP+5MP Negro",1899.0,1599.0,Plaza Vea,True,https://www.promart.pe/smartphone-honor-magic-8-lite-6-78--8gb-512gb-108mp-5mp-negro-1001366159/p
Promart,Smartphones,MOTOROLA,Celular Motorola Moto G06 4 + 256Gb Azul,599.0,499.0,Oechsle,True,https://www.promart.pe/celular-motorola-moto-g06-4---256gb-azul-1001365175/p
Promart,Smartphones,MOTOROLA,Celular Motorola Moto G06 4 + 128Gb Verde,549.0,409.0,Oechsle,True,https://www.promart.pe/celular-motorola-moto-g06-4---128gb-verde-1001365174/p
Promart,Smartphones,MOTOROLA,Celular Motorola Moto G06 4 + 128Gb Azul,549.0,409.0,Oechsle,True,https://www.promart.pe/celular-motorola-moto-g06-4---128gb-azul-1001365172/p
Promart,Smartphones,XIAOMI,Celular Redmi Note 15 Pro Glacier Blue 8G RAM 256G ROM,1299.0,1249.0,Oechsle,True,https://www.promart.pe/celular-redmi-note-15-pro-glacier-blue-8g-ram-256g-rom-1001365159/p
Promart,Smartphones,XIAOMI,Celular Redmi Note 15 Pro Black 8G RAM 256G ROM,1299.0,1249.0,Oechsle,True,https://www.promart.pe/celular-redmi-note-15-pro-black-8g-ram-256g-rom-1001365148/p
Promart,Smartphones,XIAOMI,Celular Redmi Note 15 Pro Titanium Color 8G RAM 256G ROM,1299.0,1249.0,Oechsle,True,https://www.promart.pe/celular-redmi-note-15-pro-titanium-color-8g-ram-256g-rom-1001365145/p
Promart,Smartphones,SAMSUNG,Samsung Galaxy S25 ULTRA 5G 256gb 12gb - Titanium Silverblue,4799.0,3319.0,ROCICELL CELULARES,True,https://www.promart.pe/samsung-galaxy-s25-ultra-5g-256gb-12gb-titanium-silverblue-1001364245/p
Promart,Smartphones,SAMSUNG,Samsung Galaxy S25 ULTRA 5G 256gb 12gb - Titanium gray,4799.0,3319.0,ROCICELL CELULARES,True,https://www.promart.pe/samsung-galaxy-s25-ultra-5g-256gb-12gb-titanium-gray-1001364244/p
Promart,Smartphones,XIAOMI,Celular Xiaomi Redmi Note 15 Pro plus 5G 12GB RAM 512GB ROM Azul - 200MP,2199.0,1899.0,Mi Tienda,True,https://www.promart.pe/celular-redmi-note-15-pro-plus-5g-12gb-ram-512gb-rom-azul-1001364230/p
Promart,Smartphones,XIAOMI,Celular Xiaomi Redmi Note 15 Pro plus 5G 12GB RAM 512GB ROM Negro - 200MP,2199.0,1899.0,Mi Tienda,True,https://www.promart.pe/celular-redmi-note-15-pro-plus-5g-12gb-ram-512gb-rom-negro-1001364204/p
Promart,Smartphones,XIAOMI,Celular Redmi Note 15 Pro plus 5G 12GB RAM 512GB ROM Marrón - 200MP,2199.0,1899.0,Mi Tienda,True,https://www.promart.pe/celular-redmi-note-15-pro-plus-5g-12gb-ram-512gb-rom-marron-1001364200/p
Promart,Smartphones,XIAOMI,Redmi Note 15 Pro 4g 256GB 8GB - Black,1599.0,1159.0,ROCICELL CELULARES,True,https://www.promart.pe/redmi-note-15-pro-4g-256gb-8gb-black-1001363031/p
Promart,Smartphones,APPLE,iPhone 17 Pro Max 512gb ESIM - Silver,7899.0,5859.0,ROCICELL CELULARES,True,https://www.promart.pe/iphone-17-pro-max-512gb-esim-silver-1001362606/p
Promart,Smartphones,XIAOMI,Redmi Note 15 Pro 4g 256GB 8GB - Glacier Blue,1599.0,1159.0,ROCICELL CELULARES,True,https://www.promart.pe/redmi-note-15-pro-4g-256gb-8gb-glacier-blue-1001362587/p
Promart,Smartphones,APPLE,iPhone 17 Pro Max 512gb ESIM -Cosmic Orange,7899.0,5859.0,ROCICELL CELULARES,True,https://www.promart.pe/iphone-17-pro-max-512gb-esim-cosmic-orange-1001362538/p
Promart,Smartphones,APPLE,iPhone 17 Pro 256gb CHIP FISICO - Deep Blue,6399.0,5159.0,ROCICELL CELULARES,True,https://www.promart.pe/iphone-17-pro-256gb-chip-fisico-deep-blue-1001362507/p
Promart,Smartphones,APPLE,iPhone 17 Pro 256gb CHIP FISICO - Silver,6399.0,5169.0,ROCICELL CELULARES,True,https://www.promart.pe/iphone-17-pro-256gb-chip-fisico-silver-1001362486/p
Promart,Smartphones,APPLE,REACONDICIONADO iPhone 16 Pro Max 256gb I Grado B I color Titanio Negro,6350.0,4944.0,Lolotec,True,https://www.promart.pe/reacondicionado-iphone-16-pro-max-256gb-i-grado-a-i-color-titanio-negro-1001361179/p
Promart,Smartphones,XIAOMI,XIAOMI REDMI NOTE 15 6GB -128GB,1059.0,1059.0,MILLENNIALS MOBILE,True,https://www.promart.pe/xiaomi-redmi-note-15-6gb-128gb-1001360976/p
Promart,Smartphones,XIAOMI,Xiaomi Redmi Note 15 Pro 4g 256gb 8gb Ram Black,1729.0,999.0,Telcelperu,True,https://www.promart.pe/xiaomi-redmi-note-15-pro-4g-256gb-8gb-ram-black-1001360938/p
Promart,Smartphones,XIAOMI,Xiaomi Redmi Note 15 Pro Plus 5g 256gb 8gb Ram Black,2099.0,1559.0,Telcelperu,True,https://www.promart.pe/xiaomi-redmi-note-15-pro-plus-5g-256gb-8gb-ram-black-1001360931/p
Promart,Smartphones,XIAOMI,Xiaomi Redmi Note 15 Pro 4g 256gb 8gb Ram Glacier Blue,1729.0,999.0,Telcelperu,True,https://www.promart.pe/xiaomi-redmi-note-15-pro-4g-256gb-8gb-ram-glacier-blue-1001360930/p
Promart,Smartphones,XIAOMI,Xiaomi Redmi Note 15 256Gb Negro + Cargador 10000mAh + Audifonos + Smartwatch REGISTRADO,1099.0,999.0,Smartstore Peru,True,https://www.promart.pe/xiaomi-redmi-note-15-256gb-negro-cargador-10000mah-audifonos-smartwatch-registrado-1001359436/p
Promart,Smartphones,XIAOMI,"Smartphone XIAOMI Redmi Note 15 6.7"" 8GB 256GB 108MP+8MP Morado",949.0,899.0,Plaza Vea,True,https://www.promart.pe/smartphone-xiaomi-redmi-note-15-6-7--8gb-256gb-108mp-8mp-morado-1001358715/p
Promart,Smartphones,XIAOMI,"Smartphone XIAOMI Redmi Note 15 PRO 5G 6.8"" 8GB 512GB 200MP+8MP Gris",1499.0,1499.0,Plaza Vea,True,https://www.promart.pe/smartphone-xiaomi-redmi-note-15-pro-5g-6-8--8gb-512gb-200mp-8mp-gris-1001358713/p
Promart,Smartphones,XIAOMI,"Smartphone XIAOMI Redmi Note 15 PRO 6.7"" 8GB 256GB 200MP+8MP Gris",1299.0,1299.0,Plaza Vea,True,https://www.promart.pe/smartphone-xiaomi-redmi-note-15-pro-6-7--8gb-256gb-200mp-8mp-gris-1001358712/p
Promart,Smartphones,XIAOMI,"Smartphone XIAOMI Redmi Note 15 PRO Plus 6.8"" 12GB 512GB 200MP+8MP Negro",1899.0,1799.0,Plaza Vea,True,https://www.promart.pe/smartphone-xiaomi-redmi-note-15-pro--5g-6-8--12gb-512gb-200mp-8mp-negro-1001358710/p
Promart,Smartphones,XIAOMI,"Smartphone XIAOMI Redmi Note 15 6.7"" 8GB 256GB 108MP+8MP Azul",949.0,899.0,Plaza Vea,True,https://www.promart.pe/smartphone-xiaomi-redmi-note-15-6-7--8gb-256gb-108mp-8mp-azul-1001358709/p
Promart,Smartphones,XIAOMI,"Smartphone XIAOMI Redmi Note 15 6.7"" 8GB 256GB 108MP+8MP Negro",949.0,899.0,Plaza Vea,True,https://www.promart.pe/smartphone-xiaomi-redmi-note-15-6-7--8gb-256gb-108mp-8mp-negro-1001358708/p
Promart,Smartphones,XIAOMI,"Smartphone XIAOMI Redmi Note 15 PRO 6.7"" 8GB 256GB 200MP+8MP Negro",1299.0,1199.0,Plaza Vea,True,https://www.promart.pe/smartphone-xiaomi-redmi-note-15-pro-6-7--8gb-256gb-200mp-8mp-negro-1001358707/p
Promart,Smartphones,XIAOMI,"Smartphone XIAOMI Redmi Note 15 PRO 5G 6.8"" 8GB 512GB 200MP+8MP Negro",1499.0,1498.0,Plaza Vea,True,https://www.promart.pe/smartphone-xiaomi-redmi-note-15-pro-5g-6-8--8gb-512gb-200mp-8mp-negro-1001358706/p
Promart,Smartphones,XIAOMI,"Smartphone XIAOMI Redmi Note 15 PRO Plus 6.8"" 12GB 512GB 200MP+8MP Cafe Moca",1899.0,1799.0,Plaza Vea,True,https://www.promart.pe/smartphone-xiaomi-redmi-note-15-pro--5g-6-8--12gb-512gb-200mp-8mp-cafe-moca-1001358705/p
Promart,Smartphones,XIAOMI,Celular Xiaomi Redmi Note 15 8GB RAM 256GB ROM Negro 108mp,1099.0,849.0,Mi Tienda,True,https://www.promart.pe/celular-xiaomi-redmi-note-15-8gb-ram-256gb-rom-negro-1001357759/p
Promart,Smartphones,XIAOMI,Celular Xiaomi Redmi Note 15 8GB RAM 256GB ROM Púrpura 108mp,1099.0,849.0,Mi Tienda,True,https://www.promart.pe/celular-xiaomi-redmi-note-15-8gb-ram-256gb-rom-purpura-1001357728/p
Promart,Smartphones,XIAOMI,Celular Xiaomi Redmi Note 15 8GB RAM 256GB ROM Azul 108mp,1099.0,849.0,Mi Tienda,True,https://www.promart.pe/celular-xiaomi-redmi-note-15-8gb-ram-256gb-rom-azul-1001357699/p
Promart,Smartphones,APPLE,IPHONE 17 PRO 256GB CHIP FISICO - SILVER,6498.0,5179.0,Fox Móviles SAC,True,https://www.promart.pe/iphone-17-pro-256gb-chip-fisico-silver-1001357215/p
Promart,Smartphones,APPLE,IPHONE 17 PRO 256GB ESIM - DEEP BLUE,6499.0,4729.0,Fox Móviles SAC,True,https://www.promart.pe/iphone-17-pro-256gb-esim-deep-blue-1001357175/p
Promart,Smartphones,HONOR,Honor Magic 8 Lite 256GB 8GB Dorado,1783.0,1651.0,CELULARESPERUSMARTSAC,True,https://www.promart.pe/honor-magic-8-lite-256gb-8gb-dorado-1001357160/p
Promart,Smartphones,APPLE,REACONDICIONADO iPhone 15 Plus 128gb ESIM I Grado C I color Negro,3450.0,2515.0,Lolotec,True,https://www.promart.pe/reacondicionado-iphone-15-plus-128gb-esim-i-grado-b-i-color-negro-1001355021/p
Promart,Smartphones,APPLE,REACONDICIONADO iPhone 14 Pro 128gb ESIM I Grado A I color Negro Espacial,3200.0,2713.0,Lolotec,True,https://www.promart.pe/reacondicionado-iphone-14-pro-128gb-esim-i-grado-a-i-color-negro-espacial-1001355007/p
Promart,Smartphones,APPLE,REACONDICIONADO iPhone 15 Pro 128gb ESIM I Grado B I color Negro,3899.0,3109.0,Lolotec,True,https://www.promart.pe/reacondicionado-iphone-15-pro-128gb-esim-i-grado-b-i-color-negro-1001354992/p
Promart,Smartphones,XIAOMI,Xiaomi Redmi Note 15 Pro Plus 5G 12GB RAM 512GB 200MP 6500mAh 100W AMOLED 120Hz Incluye Cargador,2519.0,1899.0,F MOBILE TECH,True,https://www.promart.pe/xiaomi-redmi-note-15-pro-plus-5g-12ram-512gb-azul-glaciar-1001354832/p
Promart,Smartphones,APPLE,REACONDICIONADO iPhone 13  128gb  Grado B color Negro,1989.0,1680.0,Lolotec,True,https://www.promart.pe/reacondicionado-iphone-13-128gb-grado-b-color-negro-1001353987/p
Promart,Smartphones,MOTOROLA,Motorola Edge 60 Fusion 256GB 8GB Marron,1361.0,1260.0,CELULARESPERUSMARTSAC,True,https://www.promart.pe/motorola-edge-60-fusion-256gb-8gb-marron-1001353804/p
Promart,Smartphones,HONOR,Honor Magic 8 Lite 5G 8RAM 256GB Dorado,1869.0,1499.0,F MOBILE TECH,True,https://www.promart.pe/honor-magic-8-lite-8ram-256gb-dorado-1001353779/p
Promart,Smartphones,XIAOMI,Xiaomi REDMI NOTE 15 128GB 6GB Negro,1055.0,879.0,CELULARESPERUSMARTSAC,True,https://www.promart.pe/xiaomi-redmi-note-15-128gb-6gb-negro-1001353749/p
Promart,Smartphones,APPLE,CEL000012,5500.0,3299.0,KPDM,True,https://www.promart.pe/iphone-14-pro-max-256gb-morado-oscuro-esim-reacondicionado-grado-a-1001352745/p
Promart,Smartphones,APPLE,CEL000016,5000.0,2999.0,KPDM,True,https://www.promart.pe/iphone-14-pro-max-128gb-morado-oscuro-esim-reacondicionado-grado-a-1001352742/p
Promart,Smartphones,APPLE,CEL000021,5150.0,2999.0,KPDM,True,https://www.promart.pe/iphone-14-pro-max-128gb-negro-espacial-esim-reacondicionado-grado-a-1001352738/p
Promart,Smartphones,APPLE,CEL000012,5500.0,3199.0,KPDM,True,https://www.promart.pe/iphone-14-pro-max-256gb-morado-oscuro-esim-reacondicionado-grado-a-1001352737/p
Promart,Smartphones,APPLE,CEL000022,5500.0,3199.0,KPDM,True,https://www.promart.pe/iphone-14-pro-max-256gb-negro-espacial-esim-reacondicionado-grado-a-1001352728/p
Promart,Smartphones,APPLE,CEL000010,4700.0,2699.0,KPDM,True,https://www.promart.pe/iphone-14-pro-128gb-morado-oscuro-esim-reacondicionado-grado-a-1001352724/p
Promart,Smartphones,APPLE,CEL000011,5000.0,2899.0,KPDM,True,https://www.promart.pe/iphone-14-pro-256gb-negro-espacial-esim-reacondicionado-grado-a-1001352700/p
Promart,Smartphones,APPLE,IPHONE 17 DE 256GB ESIM - AZUL,5600.0,3299.0,Marketcell,True,https://www.promart.pe/iphone-17-de-256gb-esim-azul-1001351810/p
Promart,Smartphones,APPLE,IPHONE 17 DE 256GB ESIM - LILA,5600.0,3449.0,Marketcell,True,https://www.promart.pe/iphone-17-de-256gb-esim-lila-1001351801/p
Promart,Smartphones,APPLE,IPHONE 17 DE 256GB ESIM - VERDE,5600.0,3299.0,Marketcell,True,https://www.promart.pe/iphone-17-de-256gb-esim-verde-1001351796/p
Promart,Smartphones,APPLE,IPHONE 17 DE 256GB ESIM - BLANCO,5600.0,3449.0,Marketcell,True,https://www.promart.pe/iphone-17-de-256gb-esim-blanco-1001351791/p
Promart,Smartphones,HONOR,HONOR 400 5G 12RAM 512GB - SILVER,1900.0,1729.0,Marketcell,True,https://www.promart.pe/honor-400-5g-12ram-512gb-silver-1001351780/p
Promart,Smartphones,SAMSUNG,SAMSUNG GALAXY A07 4G 4 RAM 128GB - NEGRO,790.0,469.0,Marketcell,True,https://www.promart.pe/samsung-galaxy-a07-4g-4-ram-128gb-negro-1001351765/p
Promart,Smartphones,SAMSUNG,SAMSUNG GALAXY S25 ULTRA 5G 12 RAM 1TB - NEGRO,6900.0,3799.0,Marketcell,True,https://www.promart.pe/samsung-galaxy-s25-ultra-5g-12-ram-1tb-negro-1001351734/p
Promart,Smartphones,HONOR,HONOR 400 PRO  5G 12RAM 512GB - NEGRO,2900.0,2900.0,Marketcell,True,https://www.promart.pe/honor-400-pro-5g-12ram-512gb-negro-1001351674/p
Promart,Smartphones,HONOR,HONOR 400 PRO  5G 12RAM 512GB - SILVER,2900.0,2900.0,Marketcell,True,https://www.promart.pe/honor-400-pro-5g-12ram-512gb-silver-1001351665/p
Promart,Smartphones,SAMSUNG,SAMSUNG GALAXY S25 ULTRA 5G 12 RAM 1TB - SILVER BLUE,6900.0,3899.0,Marketcell,True,https://www.promart.pe/samsung-galaxy-s25-ultra-5g-12-ram-1tb-silver-blue-1001351654/p
Promart,Smartphones,HONOR,HONOR X7D 4G 8GB 256GB - AZUL,1200.0,719.0,Marketcell,True,https://www.promart.pe/honor-x7d-4g-8gb-256gb-azul-1001351652/p
Promart,Smartphones,HONOR,HONOR X7D 4G 8GB 256GB - SILVER,1200.0,719.0,Marketcell,True,https://www.promart.pe/honor-x7d-4g-8gb-256gb-silver-1001351650/p
Promart,Smartphones,SAMSUNG,SAMSUNG GALAXY S25 ULTRA 5G 12 RAM 1TB - GRAY,6900.0,3799.0,Marketcell,True,https://www.promart.pe/samsung-galaxy-s25-ultra-5g-12-ram-1tb-gray-1001351649/p
Promart,Smartphones,SAMSUNG,SAMSUNG GALAXY S25 ULTRA 5G 12 RAM 1TB - BLANCO,6900.0,3799.0,Marketcell,True,https://www.promart.pe/samsung-galaxy-s25-ultra-5g-12-ram-1tb-blanco-1001351644/p
Promart,Smartphones,APPLE,iPhone 17 Pro Max 256gb CHIP FISICO - Deep Blue,7599.0,5289.0,ROCICELL CELULARES,True,https://www.promart.pe/iphone-17-pro-max-256gb-chip-fisico-deep-blue-1001351567/p
Promart,Smartphones,HONOR,HONOR X6C 4G 6RAM 128GB - NEGRO,690.0,690.0,Marketcell,True,https://www.promart.pe/honor-x6c-4g-6ram-128gb-negro-1001351510/p
Promart,Smartphones,XIAOMI,XIAOMI REDMI NOTE 14 PRO PLUS 5G 8 RAM 256GB - NEGRO,1599.0,1259.0,Marketcell,True,https://www.promart.pe/xiaomi-redmi-note-14-pro-plus-5g-8-ram-256gb-negro-1001351443/p
Promart,Smartphones,APPLE,IPHONE 17 PRO MAX 5G 256GB CHIP FISICO - NARANJA,6999.0,5599.0,Marketcell,True,https://www.promart.pe/iphone-17-pro-max-5g-256gb-chip-fisico-naranja-1001351438/p
Promart,Smartphones,XIAOMI,XIAOMI REDMI NOTE 14 PRO PLUS 5G 8 RAM 256GB - DORADO,1400.0,1400.0,Marketcell,True,https://www.promart.pe/xiaomi-redmi-note-14-pro-plus-5g-8-ram-256gb-dorado-1001351425/p
Promart,Smartphones,APPLE,IPHONE 17 PRO MAX 5G 256GB ESIM - SILVER,6100.0,4739.0,Marketcell,True,https://www.promart.pe/iphone-17-pro-max-5g-256gb-esim-silver-1001351415/p
Promart,Smartphones,XIAOMI,REDMI NOTE 15 4G DE 8 RAM 256GB - PURPLE,990.0,990.0,Marketcell,True,https://www.promart.pe/redmi-15-4g-de-8-ram-256gb-purple-1001351410/p
Promart,Smartphones,XIAOMI,REDMI 15C 4G 8RAM 256GB - NARANJA,790.0,790.0,Marketcell,True,https://www.promart.pe/redmi-15c-4g-8ram-256gb-naranja-1001351400/p
Promart,Smartphones,APPLE,IPHONE 17 PRO MAX 5G 256GB ESIM - AZUL,6100.0,4739.0,Marketcell,True,https://www.promart.pe/iphone-17-pro-max-5g-256gb-esim-azul-1001351396/p
Promart,Smartphones,APPLE,IPHONE 17 PRO MAX 5G 256GB CHIP FISICO - AZUL,6999.0,6999.0,Marketcell,True,https://www.promart.pe/iphone-17-pro-max-5g-256gb-chip-fisico-azul-1001351387/p
Promart,Smartphones,APPLE,IPHONE 17 PRO MAX 5G 256GB CHIP FISICO - SILVER,6900.0,5599.0,Marketcell,True,https://www.promart.pe/iphone-17-pro-max-5g-256gb-chip-fisico-silver-1001351373/p
Promart,Smartphones,APPLE,IPHONE 17 PRO MAX 5G 256GB ESIM - NARANJA,6100.0,4959.0,Marketcell,True,https://www.promart.pe/iphone-17-pro-max-5g-256gb-esim-naranja-1001351369/p
Promart,Smartphones,APPLE,IPHONE 17 PRO 5G 256GB ESIM - NARANJA,5900.0,4549.0,Marketcell,True,https://www.promart.pe/iphone-17-pro-5g-256gb-esim-naranja-1001351252/p
Promart,Smartphones,APPLE,IPHONE 17 PRO 5G 256GB ESIM - AZUL,5900.0,4759.0,Marketcell,True,https://www.promart.pe/iphone-17-pro-5g-256gb-esim-azul-1001351247/p
Promart,Smartphones,APPLE,IPHONE 17 PRO 5G 256GB ESIM - SILVER,5900.0,4549.0,Marketcell,True,https://www.promart.pe/iphone-17-pro-5g-256gb-esim-silver-1001351240/p
Promart,Smartphones,HONOR,Honor Magic 8 Lite 256gb 8gb Ram Midnight Black,2099.0,1469.0,Moviles Eirl,True,https://www.promart.pe/honor-magic-8-lite-256gb-8gb-ram-midnight-black-1001350060/p
Promart,Smartphones,HONOR,Honor Magic 8 Lite 256gb 8gb Ram Forest Green,2099.0,1469.0,Moviles Eirl,True,https://www.promart.pe/honor-magic-8-lite-256gb-8gb-ram-forest-green-1001350054/p
Promart,Smartphones,XIAOMI,XIAOMI REDMI NOTE 15 PRO 5G 512GB 8GB RAM NEGRO,2599.0,1699.0,Ofertec,True,https://www.promart.pe/xiaomi-redmi-note-15-pro-5g-512gb-8gb-ram-negro-1001350047/p
Promart,Smartphones,HONOR,Honor Magic 8 Lite 256gb 8gb Ram Forest Green,2099.0,1469.0,Telcelperu,True,https://www.promart.pe/honor-magic-8-lite-256gb-8gb-ram-forest-green-1001350042/p
Promart,Smartphones,XIAOMI,XIAOMI REDMI NOTE 15 PRO PLUS 5G 512GB 12GB RAM GLACIER BLUE,3199.0,2099.0,Ofertec,True,https://www.promart.pe/xiaomi-redmi-note-15-pro-plus-5g-512gb-12gb-ram-glacier-blue-1001350039/p
Promart,Smartphones,XIAOMI,XIAOMI REDMI NOTE 15 PRO PLUS 5G 512GB 12GB RAM NEGRO,3199.0,2099.0,Ofertec,True,https://www.promart.pe/xiaomi-redmi-note-15-pro-plus-5g-512gb-12gb-ram-negro-1001350037/p
Promart,Smartphones,HONOR,Honor Magic 8 Lite 256gb 8gb Ram Midnight Black,2099.0,1469.0,Telcelperu,True,https://www.promart.pe/honor-magic-8-lite-256gb-8gb-ram-midnight-black-1001350031/p
Promart,Smartphones,XIAOMI,XIAOMI REDMI NOTE 15 PRO 4G 256GB 8GB RAM TITANIUM,2199.0,1299.0,Ofertec,True,https://www.promart.pe/xiaomi-redmi-note-15-pro-4g-256gb-8gb-ram-titanium-1001350019/p
Promart,Smartphones,XIAOMI,XIAOMI REDMI NOTE 15 PRO 5G 512GB 8GB RAM GLACIER BLUE,2599.0,1699.0,Ofertec,True,https://www.promart.pe/xiaomi-redmi-note-15-pro-5g-512gb-8gb-ram-glacier-blue-1001350012/p
Promart,Smartphones,XIAOMI,Xiaomi Redmi Note 15 Pro 4G 256GB 8GB Ram Azul,1899.0,1099.0,INFOTECSHOP,True,https://www.promart.pe/xiaomi-redmi-note-15-pro-4g-256gb-8gb-ram-azul-1001349236/p
Promart,Smartphones,APPLE,iPhone 17 Pro Max 256gb ESIM - Silver,6999.0,4876.0,ROCICELL CELULARES,True,https://www.promart.pe/iphone-17-pro-max-256gb-esim-silver-1001349199/p
Promart,Smartphones,XIAOMI,Xiaomi Redmi Note 15 4G 256GB 8GB Ram Azul y Smartwatch - Audífonos,1599.0,999.0,INFOTECSHOP,True,https://www.promart.pe/xiaomi-redmi-note-15-4g-256gb-8gb-ram-azul-smartwatch-audifonos-1001349157/p
Promart,Smartphones,APPLE,iPhone 17 Pro Max 256gb ESIM - Deep Blue,6999.0,4879.0,ROCICELL CELULARES,True,https://www.promart.pe/iphone-17-pro-max-256gb-esim-deep-blue-1001349136/p
Promart,Smartphones,XIAOMI,Xiaomi Redmi Note 15 4G 256GB 8GB Ram Negro y Smartwatch - Audífonos,1599.0,999.0,INFOTECSHOP,True,https://www.promart.pe/xiaomi-redmi-note-15-4g-256gb-8gb-ram-negro-smartwatch-audifonos-1001349120/p
Promart,Smartphones,XIAOMI,Xiaomi Redmi Note 15 4G 128GB 6GB Ram Negro,1399.0,769.0,INFOTECSHOP,True,https://www.promart.pe/xiaomi-redmi-note-15-4g-128gb-6gb-ram-negro-1001349109/p
Promart,Smartphones,XIAOMI,Xiaomi Redmi Note 15 4G 128GB 6GB Ram Azul y Smartwatch - Audífonos,1499.0,869.0,INFOTECSHOP,True,https://www.promart.pe/xiaomi-redmi-note-15-4g-128gb-6gb-ram-azul-smartwatch-audifonos-1001349094/p
Promart,Smartphones,XIAOMI,Xiaomi Redmi Note 15 4G 256GB 8GB Ram Negro,1499.0,889.0,INFOTECSHOP,True,https://www.promart.pe/xiaomi-redmi-note-15-4g-256gb-8gb-ram-negro-1001349090/p
Promart,Smartphones,XIAOMI,Xiaomi Redmi Note 15 Pro Plus 5G 512GB 12GB Ram Negro,2999.0,2049.0,INFOTECSHOP,True,https://www.promart.pe/xiaomi-redmi-note-15-pro-5g-512gb-12gb-ram-negro-1001349089/p
Promart,Smartphones,XIAOMI,Xiaomi Redmi Note 15 Pro 4G 256GB 8GB Ram Negro y Smartwatch - Audífonos,1999.0,1199.0,INFOTECSHOP,True,https://www.promart.pe/xiaomi-redmi-note-15-pro-4g-256gb-8gb-ram-negro-smartwatch-audifonos-1001349085/p
Promart,Smartphones,XIAOMI,Xiaomi Redmi Note 15 Pro 4G 256GB 8GB Ram Negro,1899.0,1099.0,INFOTECSHOP,True,https://www.promart.pe/xiaomi-redmi-note-15-pro-4g-256gb-8gb-ram-negro-1001349080/p
Promart,Smartphones,XIAOMI,Xiaomi Redmi Note 15 4G 256GB 8GB Ram Azul,1499.0,889.0,INFOTECSHOP,True,https://www.promart.pe/xiaomi-redmi-note-15-4g-256gb-8gb-ram-azul-1001349067/p
Promart,Smartphones,XIAOMI,Xiaomi Redmi Note 15 4G 128GB 6GB Ram Azul,1399.0,769.0,INFOTECSHOP,True,https://www.promart.pe/xiaomi-redmi-note-15-4g-128gb-6gb-ram-azul-1001349054/p
Promart,Smartphones,XIAOMI,Xiaomi Redmi Note 15 Pro Plus 5G 512GB 12GB Ram Negro y Smartwatch - Audífonos,3099.0,2149.0,INFOTECSHOP,True,https://www.promart.pe/xiaomi-redmi-note-15-pro-5g-512gb-12gb-ram-negro-smartwatch-audifonos-1001349047/p
Promart,Smartphones,XIAOMI,Xiaomi Redmi Note 15 Pro 4G 256GB 8GB Ram Azul y Smartwatch - Audífonos,1999.0,1199.0,INFOTECSHOP,True,https://www.promart.pe/xiaomi-redmi-note-15-pro-4g-256gb-8gb-ram-azul-smartwatch-audifonos-1001349043/p
Promart,Smartphones,XIAOMI,Xiaomi Redmi Note 15 4G 128GB 6GB Ram Negro y Smartwatch - Audífonos,1499.0,869.0,INFOTECSHOP,True,https://www.promart.pe/xiaomi-redmi-note-15-4g-128gb-6gb-ram-negro-smartwatch-audifonos-1001349028/p
Promart,Smartphones,HONOR,Honor 400 Pro 12RAM 512GB Negro,3659.0,2849.0,F MOBILE TECH,True,https://www.promart.pe/honor-400-pro-12ram-512gb-negro-1001348650/p
Promart,Smartphones,XIAOMI,XIAOMI REDMI NOTE 15 PRO 4G 256GB 8GB RAM GLACIER BLUE,1999.0,1299.0,Ofertec,True,https://www.promart.pe/xiaomi-redmi-note-15-pro-4g-256gb-8gb-ram-glacier-blue-1001347635/p
Promart,Smartphones,XIAOMI,XIAOMI REDMI NOTE 15 256GB 8GB RAM GLACIER BLUE,1899.0,1099.0,Ofertec,True,https://www.promart.pe/xiaomi-redmi-note-15-256gb-8gb-ram-glacier-blue-1001347617/p
Promart,Smartphones,XIAOMI,XIAOMI REDMI NOTE 15 PRO 4G 256GB 8GB RAM NEGRO,1999.0,1299.0,Ofertec,True,https://www.promart.pe/xiaomi-redmi-note-15-pro-4g-256gb-8gb-ram-negro-1001347615/p
Promart,Smartphones,XIAOMI,XIAOMI REDMI NOTE 15 128GB 6GB RAM NEGRO,1399.0,899.0,Ofertec,True,https://www.promart.pe/xiaomi-redmi-note-15-128gb-6gb-ram-negro-1001347614/p
Promart,Smartphones,XIAOMI,XIAOMI REDMI NOTE 15 256GB 8GB RAM NEGRO,1899.0,1099.0,Ofertec,True,https://www.promart.pe/xiaomi-redmi-note-15-256gb-8gb-ram-negro-1001347602/p
Promart,Smartphones,XIAOMI,XIAOMI REDMI NOTE 15 128GB 6GB RAM PURPURA,1399.0,799.0,Ofertec,True,https://www.promart.pe/xiaomi-redmi-note-15-128gb-6gb-ram-purpura-1001347591/p
Promart,Smartphones,APPLE,IPHONE 17 CHIP FISICO 256GB - White,4999.0,3719.0,ROCICELL CELULARES,True,https://www.promart.pe/iphone-17-chip-fisico-256gb-white-1001347316/p
Promart,Smartphones,APPLE,IPHONE 17 ESIM 256GB - White,4899.0,3569.0,ROCICELL CELULARES,True,https://www.promart.pe/iphone-17-esim-256gb-white-1001347278/p
Promart,Smartphones,APPLE,IPHONE 17 CHIP FISICO 256GB - Black,4999.0,3719.0,ROCICELL CELULARES,True,https://www.promart.pe/iphone-17-chip-fisico-256gb-black-1001347276/p
Promart,Smartphones,APPLE,IPHONE 17 ESIM 256GB - Black,4899.0,3569.0,ROCICELL CELULARES,True,https://www.promart.pe/iphone-17-esim-256gb-black-1001347250/p
Promart,Smartphones,APPLE,iPhone 17 ESIM 256gb - Sage,4899.0,3569.0,ROCICELL CELULARES,True,https://www.promart.pe/phone-17-esim-256gb-sage-1001347166/p
Promart,Smartphones,APPLE,iPhone 17 Pro Max C/CHIP 256GB 12GB Silver,6749.0,6249.0,CELULARESPERUSMARTSAC,True,https://www.promart.pe/iphone-17-pro-max-c-chip-256gb-12gb-silver-1001346573/p
Promart,Smartphones,APPLE,iPhone 17 ESIM 256gb - Mist Blue,4899.0,3569.0,ROCICELL CELULARES,True,https://www.promart.pe/iphone-17-esim-256gb-mist-blue-1001345673/p
Promart,Smartphones,APPLE,IPHONE 17 chip fisico 256gb - Mist Blue,4999.0,3789.0,ROCICELL CELULARES,True,https://www.promart.pe/iphone-17-chip-fisico-256gb-mist-blue-1001345626/p
Promart,Smartphones,APPLE,IPHONE 17 256GB ESIM - LAVANDA,4899.0,3409.0,ROCICELL CELULARES,True,https://www.promart.pe/iphone-17-256gb-esim-lavanda-1001345554/p
Promart,Smartphones,XIAOMI,Xiaomi 15T WITH LEICA 512GB 12GB Gris,2393.0,2216.0,CELULARESPERUSMARTSAC,True,https://www.promart.pe/xiaomi-15t-with-leica-512gb-12gb-gris-1001345190/p
Promart,Smartphones,MOTOROLA,Motorola G06 128GB 4GB Azul,529.0,441.0,CELULARESPERUSMARTSAC,True,https://www.promart.pe/motorola-g06-128gb-4gb-azul-1001345189/p
Promart,Smartphones,APPLE,Celular Apple iPhone 17 Pro Max 256GB Silver,6149.0,5349.0,CARSA,True,https://www.promart.pe/celular-apple-iphone-17-pro-max-256gb-silver-1001339181/p
Promart,Smartphones,SAMSUNG,Celular Samsung Galaxy A17 SM-A175FZKKLTP 4GB 256GB 50MP Negro,1179.0,879.0,CARSA,True,https://www.promart.pe/celular-samsung-galaxy-a17-sm-a175fzkkltp-4gb-256gb-50mp-negro-1001339161/p
Promart,Smartphones,SAMSUNG,Samsung Galaxy A17 256GB 8GB Negro,1199.0,999.0,CELULARESPERUSMARTSAC,True,https://www.promart.pe/samsung-galaxy-a17-256gb-8gb-negro-1001336403/p
Promart,Smartphones,APPLE,iPhone 17 Pro Max eSIM 256GB 12GB Cosmic Orange,5975.0,5532.0,CELULARESPERUSMARTSAC,True,https://www.promart.pe/iphone-17-pro-max-esim-256gb-12gb-cosmic-orange-1001336214/p
Promart,Smartphones,APPLE,iPhone 17 Pro Max eSIM 256GB 12GB Blue,5997.0,5553.0,CELULARESPERUSMARTSAC,True,https://www.promart.pe/iphone-17-pro-max-esim-256gb-12gb-blue-1001336212/p
Promart,Smartphones,HONOR,Honor X5C 128GB 4GB Cyan,572.0,477.0,CELULARESPERUSMARTSAC,True,https://www.promart.pe/honor-x5c-128gb-4gb-cyan-1001336208/p
Promart,Smartphones,HONOR,Honor 400 Pro 5G 512GB 12GB Gris,3051.0,2825.0,CELULARESPERUSMARTSAC,True,https://www.promart.pe/honor-400-pro-5g-512gb-12gb-gris-1001336206/p
Promart,Smartphones,APPLE,iPhone 17 C/CHIP 256GB 8GB Lavender,4307.0,3988.0,CELULARESPERUSMARTSAC,True,https://www.promart.pe/iphone-17-c-chip-256gb-8gb-lavender-1001336194/p
Promart,Smartphones,XIAOMI,Xiaomi POCO M7 256GB 8GB Negro,977.0,814.0,CELULARESPERUSMARTSAC,True,https://www.promart.pe/xiaomi-poco-m7-256gb-8gb-negro-1001336192/p
Promart,Smartphones,APPLE,iPhone 17 Pro C/CHIP 256GB 12GB Deep Blue,6303.0,5836.0,CELULARESPERUSMARTSAC,True,https://www.promart.pe/iphone-17-pro-c-chip-256gb-12gb-deep-blue-1001336188/p
Promart,Smartphones,APPLE,iPhone 17 Pro Max C/CHIP 256GB 12GB Cosmic Orange,6867.0,6358.0,CELULARESPERUSMARTSAC,True,https://www.promart.pe/iphone-17-pro-max-c-chip-256gb-12gb-cosmic-orange-1001336185/p
Promart,Smartphones,APPLE,iPhone 17 Pro Max C/CHIP 256GB 12GB Deep Blue,6713.0,6216.0,CELULARESPERUSMARTSAC,True,https://www.promart.pe/iphone-17-pro-max-c-chip-256gb-12gb-deep-blue-1001336182/p
Promart,Smartphones,APPLE,iPhone 17 Air e/SIM 256GB 8GB Light Gold,4119.0,3814.0,CELULARESPERUSMARTSAC,True,https://www.promart.pe/iphone-17-air-e-sim-256gb-8gb-light-gold-1001336179/p
Promart,Smartphones,HONOR,Honor Magic 7 Pro 512GB 12GB Negro,4119.0,3814.0,CELULARESPERUSMARTSAC,True,https://www.promart.pe/honor-magic-7-pro-512gb-12gb-negro-1001335710/p
Promart,Smartphones,APPLE,Celular iPhone 17 256GB Black,4499.0,3449.0,CARSA,True,https://www.promart.pe/celular-iphone-17-256gb-black-1001334861/p
Promart,Smartphones,APPLE,Celular iPhone 17 Pro 256GB Deep Blue,7699.0,4949.0,CARSA,True,https://www.promart.pe/celular-iphone-17-pro-256gb-deep-blue-1001334695/p
Promart,Smartphones,APPLE,Celular Apple iPhone 17 Pro Max 256GB 12GB RAM 48MP orange,6799.0,5349.0,CARSA,True,https://www.promart.pe/celular-iphone-17-pro-256gb-cosmic-orange-1001334679/p
Promart,Smartphones,APPLE,IPHONE 17 PRO 256GB ESIM - AZUL,6199.0,4729.0,Fox Móviles SAC,True,https://www.promart.pe/iphone-17-pro-256gb-esim-azul-1001331300/p
Promart,Smartphones,APPLE,IPHONE 17 PRO 256GB ESIM - NARANJA,6199.0,4729.0,Fox Móviles SAC,True,https://www.promart.pe/iphone-17-pro-256gb-esim-naranja-1001331269/p
Promart,Smartphones,APPLE,IPHONE 17 PRO 256GB ESIM - SILVER,6199.0,4729.0,Fox Móviles SAC,True,https://www.promart.pe/iphone-17-pro-256gb-esim-silver-1001330816/p
Promart,Smartphones,HONOR,Honor X9c 5G 256GB 8GB Morado,1337.0,1238.0,CELULARESPERUSMARTSAC,True,https://www.promart.pe/honor-x9c-5g-256gb-8gb-morado-1001330198/p
Promart,Smartphones,XIAOMI,Xiaomi 15T WITH LEICA 512GB 12GB Negro,2429.0,2249.0,CELULARESPERUSMARTSAC,True,https://www.promart.pe/xiaomi-15t-with-leica-512gb-12gb-negro-1001330195/p
Promart,Smartphones,SAMSUNG,Samsung Galaxy A17 5G 128GB 4GB Negro,912.0,760.0,CELULARESPERUSMARTSAC,True,https://www.promart.pe/samsung-galaxy-a17-5g-128gb-4gb-negro-1001330194/p
Promart,Smartphones,REDMI,Celular Xiaomi Redmi A5 Dual SIM 128GB Negro 4GB RAM,799.0,599.0,MUNDO ELECTRONICO,True,https://www.promart.pe/celular-xiaomi-redmi-a5-dual-sim-128gb-negro-4gb-ram-1001329295/p
Promart,Smartphones,REDMI,Celular Xiaomi Redmi A5 Dual SIM 128GB Negro 4GB RAM,799.0,599.0,OFERTAS UNICAS YELI,True,https://www.promart.pe/celular-xiaomi-redmi-a5-dual-sim-128gb-negro-4gb-ram-1001329290/p
Promart,Smartphones,REDMI,CELULAR XIAOMI REDMI A5 DUAL SIM 128GB AZUL 4GB RAM 4,799.0,599.0,MUNDO ELECTRONICO,True,https://www.promart.pe/celular-xiaomi-redmi-a5-dual-sim-128gb-azul-4gb-ram-4-1001329271/p
Promart,Smartphones,REDMI,CELULAR XIAOMI REDMI A5 DUAL SIM 128GB AZUL 4GB RAM 4,799.0,579.0,OFERTAS UNICAS YELI,True,https://www.promart.pe/celular-xiaomi-redmi-a5-dual-sim-128gb-azul-4gb-ram-4-1001329270/p
Promart,Smartphones,XIAOMI,Xiaomi Poco C85 256GB 8GB Negro,821.0,684.0,CELULARESPERUSMARTSAC,True,https://www.promart.pe/xiaomi-poco-c85-256gb-8gb-negro-1001328870/p
Promart,Smartphones,MOTOROLA,Motorola G86 256GB 8GB Azul,1231.0,1140.0,CELULARESPERUSMARTSAC,True,https://www.promart.pe/motorola-g86-256gb-8gb-azul-1001328862/p
Promart,Smartphones,SAMSUNG,Samsung Galaxy A17 4G 256GB 8GB Ram Negro,1549.0,989.0,INFOTECSHOP,True,https://www.promart.pe/samsung-galaxy-a17-4g-256gb-8gb-ram-negro-1001328562/p
Promart,Smartphones,SAMSUNG,Samsung Galaxy A17 4G 256GB 8GB Ram Negro y Cargador USB-C Samsung Original 25W,1649.0,1089.0,INFOTECSHOP,True,https://www.promart.pe/samsung-galaxy-a17-4g-256gb-8gb-ram-negro-cargador-usb-c-samsung-original-25w-1001328552/p
Promart,Smartphones,MOTOROLA,Motorola G56 5G 256GB 8GB Verde,1055.0,879.0,CELULARESPERUSMARTSAC,True,https://www.promart.pe/motorola-g56-5g-256gb-8gb-verde-1001327793/p
Promart,Smartphones,XIAOMI,Xiaomi REDMI 15C 128GB 4GB Verde,612.0,510.0,CELULARESPERUSMARTSAC,True,https://www.promart.pe/xiaomi-redmi-15c-128gb-4gb-verde-1001327790/p
Promart,Smartphones,XIAOMI,Xiaomi REDMI 15C 256GB 4GB Negro,638.0,532.0,CELULARESPERUSMARTSAC,True,https://www.promart.pe/xiaomi-redmi-15c-256gb-4gb-negro-1001327789/p
Promart,Smartphones,SAMSUNG,Samsung A56 5G 256GB 8GB Graphite,1819.0,1684.0,CELULARESPERUSMARTSAC,True,https://www.promart.pe/samsung-a56-5g-256gb-8gb-graphite-1001327420/p
Promart,Smartphones,SAMSUNG,Samsung Z Flip 5 5G 256GB 8GB Mint |OPEN BOX,2577.0,2386.0,Celulares Peru Smart,True,https://www.promart.pe/samsung-z-flip-5-5g-256gb-8gb-mint-open-box-1001327399/p
Promart,Smartphones,SAMSUNG,Samsung S22 Ultra 512GB 12GB Negro |OPEN BOX,2310.0,2139.0,Celulares Peru Smart,True,https://www.promart.pe/samsung-s22-ultra-512gb-12gb-negro-open-box-1001327147/p
Promart,Smartphones,APPLE,iPhone 17 C/CHIP 256GB 8GB Negro,4519.0,4184.0,CELULARESPERUSMARTSAC,True,https://www.promart.pe/iphone-17-c-chip-256gb-8gb-negro-1001325371/p
Promart,Smartphones,SAMSUNG,Samsung Galaxy S25 Ultra 1Tb 12Gb 200mp Titanium Black,5499.0,3829.0,Moviles Eirl,True,https://www.promart.pe/samsung-galaxy-s25-ultra-1tb-12gb-200mp-titanium-black-1001325318/p
Promart,Smartphones,SAMSUNG,Samsung Galaxy S25 Ultra 1Tb 12Gb 200mp Titanium Grey,5499.0,3829.0,Moviles Eirl,True,https://www.promart.pe/samsung-galaxy-s25-ultra-1tb-12gb-200mp-titanium-grey-1001325307/p
Promart,Smartphones,SAMSUNG,Samsung Galaxy S25 Ultra 1Tb 12Gb 200mp Titanium Black,5499.0,3829.0,Telcelperu,True,https://www.promart.pe/samsung-galaxy-s25-ultra-1tb-12gb-200mp-titanium-black-1001324915/p
Promart,Smartphones,SAMSUNG,Samsung Galaxy S25 Ultra 1Tb 12Gb 200mp Titanium Grey,5499.0,3829.0,Telcelperu,True,https://www.promart.pe/samsung-galaxy-s25-ultra-1tb-12gb-200mp-titanium-grey-1001324914/p
Promart,Smartphones,APPLE,IPHONE 17 256GB ESIM - MORADO,4599.0,3569.0,Fox Móviles SAC,True,https://www.promart.pe/iphone-17-256gb-esim---morado-1001324399/p
Promart,Smartphones,XIAOMI,Xiaomi Redmi 15C 256GB 8GB Ram Color Verde,999.0,699.0,INFOTECSHOP,True,https://www.promart.pe/xiaomi-redmi-15c-256gb-8gb-ram-color-verde-1001323991/p
Promart,Smartphones,HONOR,Honor X5c Plus 256GB 6GB Ram Color Negro,999.0,589.0,INFOTECSHOP,True,https://www.promart.pe/honor-x5c-plus-256gb-6gb-ram-color-negro-1001323989/p
Promart,Smartphones,XIAOMI,Xiaomi Redmi 15C 128GB 4GB Ram Color Azul - Smartwatch y Audifonos,949.0,649.0,INFOTECSHOP,True,https://www.promart.pe/xiaomi-redmi-15c-128gb-4gb-ram-color-azul-smartwatch-audifonos-1001323983/p
Promart,Smartphones,XIAOMI,Xiaomi Redmi 15C 256GB 8GB Ram Color Verde - Smartwatch y Audifonos,1099.0,799.0,INFOTECSHOP,True,https://www.promart.pe/xiaomi-redmi-15c-256gb-8gb-ram-color-verde-smartwatch-audifonos-1001323967/p
Promart,Smartphones,XIAOMI,Xiaomi Redmi 15C 256GB 4GB Ram Color Verde - Smartwatch y Audifonos,999.0,669.0,INFOTECSHOP,True,https://www.promart.pe/xiaomi-redmi-15c-256gb-4gb-ram-color-verde-smartwatch-audifonos-1001323964/p
Promart,Smartphones,HONOR,Honor X5c Plus 256GB 6GB Ram Color Plata,999.0,589.0,INFOTECSHOP,True,https://www.promart.pe/honor-x5c-plus-256gb-6gb-ram-color-plata-1001323962/p
Promart,Smartphones,XIAOMI,Xiaomi Redmi 15C 128GB 4GB Ram Color Verde,849.0,529.0,INFOTECSHOP,True,https://www.promart.pe/xiaomi-redmi-15c-128gb-4gb-ram-color-verde-1001323961/p
Promart,Smartphones,XIAOMI,Xiaomi Redmi 15C 256GB 4GB Ram Color Verde,899.0,569.0,INFOTECSHOP,True,https://www.promart.pe/xiaomi-redmi-15c-256gb-4gb-ram-color-verde-1001323942/p
Promart,Smartphones,XIAOMI,Xiaomi Redmi 15C 128GB 4GB Ram Color Negro - Smartwatch y Audifonos,949.0,949.0,INFOTECSHOP,True,https://www.promart.pe/xiaomi-redmi-15c-128gb-4gb-ram-color-negro-smartwatch-audifonos-1001323939/p
Promart,Smartphones,XIAOMI,Xiaomi Redmi 15C 256GB 4GB Ram Color Azul - Smartwatch y Audifonos,999.0,669.0,INFOTECSHOP,True,https://www.promart.pe/xiaomi-redmi-15c-256gb-4gb-ram-color-azul-smartwatch-audifonos-1001323932/p
Promart,Smartphones,HONOR,Honor X5c Plus 256GB 6GB Ram Color Azul,999.0,589.0,INFOTECSHOP,True,https://www.promart.pe/honor-x5c-plus-256gb-6gb-ram-color-azul-1001323926/p
Promart,Smartphones,XIAOMI,Xiaomi Redmi 15C 128GB 4GB Ram Color Verde - Smartwatch y Audifonos,949.0,649.0,INFOTECSHOP,True,https://www.promart.pe/xiaomi-redmi-15c-128gb-4gb-ram-color-verde-smartwatch-audifonos-1001323921/p
Promart,Smartphones,SAMSUNG,Samsung Galaxy A07 128GB 4GB Light Violet,612.0,510.0,CELULARESPERUSMARTSAC,True,https://www.promart.pe/samsung-galaxy-a07-128gb-4gb-light-violet-1001321977/p
Promart,Smartphones,SAMSUNG,Samsung Galaxy A07 64GB 4GB Negro,516.0,430.0,CELULARESPERUSMARTSAC,True,https://www.promart.pe/samsung-galaxy-a07-64gb-4gb-negro-1001321888/p
Promart,Smartphones,MOTOROLA,Motorola G56 5G 256GB 8GB Azul-Marino,1055.0,879.0,CELULARESPERUSMARTSAC,True,https://www.promart.pe/motorola-g56-5g-256gb-8gb-azul-marino-1001321592/p
Promart,Smartphones,SAMSUNG,Samsung Galaxy A07 128GB 4GB Negro,625.0,521.0,CELULARESPERUSMARTSAC,True,https://www.promart.pe/samsung-galaxy-a07-128gb-4gb-negro-1001321481/p
Promart,Smartphones,XIAOMI,Xiaomi REDMI 15C 128GB 4GB Negro,625.0,521.0,CELULARESPERUSMARTSAC,True,https://www.promart.pe/xiaomi-redmi-15c-128gb-4gb-negro-1001321472/p
Promart,Smartphones,MOTOROLA,Motorola Edge 60 Fusion 256GB 8GB Rosa,1361.0,1260.0,CELULARESPERUSMARTSAC,True,https://www.promart.pe/motorola-edge-60-fusion-256gb-8gb-rosa-1001321457/p
Promart,Smartphones,MOTOROLA,Motorola Edge 60 Fusion 256GB 8GB Pantone,1301.0,1205.0,CELULARESPERUSMARTSAC,True,https://www.promart.pe/motorola-edge-60-fusion-256gb-8gb-pantone-1001321426/p
Promart,Smartphones,XIAOMI,Xiaomi REDMI 15C 256GB 4GB Verde,650.0,542.0,CELULARESPERUSMARTSAC,True,https://www.promart.pe/xiaomi-redmi-15c-256gb-4gb-verde-1001321418/p
Promart,Smartphones,XIAOMI,Xiaomi REDMI 15C 256GB 4GB Azul,664.0,553.0,CELULARESPERUSMARTSAC,True,https://www.promart.pe/xiaomi-redmi-15c-256gb-4gb-azul-1001321399/p
Promart,Smartphones,SAMSUNG,Samsung S24 FE 5G 128GB 8GB Grafito,2229.0,2064.0,CELULARESPERUSMARTSAC,True,https://www.promart.pe/samsung-s24-fe-5g-128gb-8gb-grafito-1001320710/p
Promart,Smartphones,APPLE,IPHONE 16 PRO 128GB APPLE NEGRO TITANIO REACONDICIONADO,3679.0,3199.0,COMPRAFACIL USA,True,https://www.promart.pe/-reacondicionad0-iphone-16-pro-128gb-negro-titanio-1001316556/p
Promart,Smartphones,APPLE,(REACONDICIONAD0) Apple iPhone 12 mini 64GB | Azul,959.0,829.0,COMPRAFACIL USA,True,https://www.promart.pe/reacondicionad0-apple-iphone-12-mini-64gb--azul-1001316530/p
Promart,Smartphones,REDMI,CELULAR XIAOMI REDMI 15C 4GB RAM 128GB ROM - NEGRO OCASO Negro Ocaso,999.0,499.0,IMPORT CASO E.I.R.L.,True,https://www.promart.pe/celular-xiaomi-redmi-15c-4gb-ram-128gb-rom-negro-ocaso-1001311596/p
Promart,Smartphones,APPLE,iphone 17 256gb chip fisico - negro,4999.0,3689.0,Fox Móviles SAC,True,https://www.promart.pe/iphone-17-25-g-chip-fisico-neg-o-1001297499/p
Promart,Smartphones,APPLE,iPhone 17 256GB CHIP FISICO - Mist blue,4999.0,3689.0,Fox Móviles SAC,True,https://www.promart.pe/iphone-17-chip-25-g-azul-1001297482/p
Promart,Smartphones,APPLE,iphone 17 256gb chip fisico - blanco,4999.0,3689.0,Fox Móviles SAC,True,https://www.promart.pe/iphone-17-256gb-chip-fisico---blanco--1001292286/p
Promart,Smartphones,SAMSUNG,Celular Samsung Galaxy S25 Ultra 512GB ROM 12GB RAM - Titanium Gray,5999.0,5999.0,LYANNOVA,True,https://www.promart.pe/celular-samsung-galaxy-s25-ultra-512gb-rom-12gb-ram---titanium-gray-1001289993/p
Promart,Smartphones,HONOR,Honor X5c 128GB 4GB Ram Plata,799.0,509.0,INFOTECSHOP,True,https://www.promart.pe/honor-x5c-128gb-4gb-ram-plata-1001287356/p
Promart,Smartphones,HONOR,Honor X5c 64GB 4GB Ram Negro,649.0,449.0,INFOTECSHOP,True,https://www.promart.pe/honor-x5c-64gb-4gb-ram-negro-1001287267/p
Promart,Smartphones,APPLE,IPHONE 17 256GB ESIM - NEGRO,4999.0,3569.0,Fox Móviles SAC,True,https://www.promart.pe/iphone-17-256gb-esim---negro--1001285374/p
Promart,Smartphones,SAMSUNG,Celular Samsung Galaxy S25 FE 5G 256GB 8GB Negro,3249.0,2699.0,Oechsle,True,https://www.promart.pe/celular-samsung-galaxy-s25-fe-5g-256gb-8gb-negro-1001282027/p
Promart,Smartphones,SAMSUNG,Celular Samsung Galaxy A17 256GB 8GB Celeste,1399.0,1049.0,Oechsle,True,https://www.promart.pe/celular-samsung-galaxy-a17-256gb-8gb-celeste-1001282018/p
Promart,Smartphones,APPLE,iPhone 17 Pro Naranja Cósmico 256Gb,5999.0,5499.0,Oechsle,True,https://www.promart.pe/iphone-17-pro-naranja-cosmico-256gb-1001280539/p
Promart,Smartphones,APPLE,iPhone 17 Pro Max Plata 256Gb,6599.0,6099.0,Oechsle,True,https://www.promart.pe/iphone-17-pro-max-plata-256gb-1001280534/p
Promart,Smartphones,APPLE,iPhone 17 Pro Plata 256Gb,5999.0,5499.0,Oechsle,True,https://www.promart.pe/iphone-17-pro-plata-256gb-1001280531/p
Promart,Smartphones,APPLE,iPhone 17 Black 256Gb,4399.0,4099.0,Oechsle,True,https://www.promart.pe/iphone-17-black-256gb-1001280528/p
Promart,Smartphones,APPLE,iPhone 17 Pro Azul Oscuro 256Gb,5999.0,4999.0,Oechsle,True,https://www.promart.pe/iphone-17-pro-azul-oscuro-256gb-1001280527/p
Promart,Smartphones,APPLE,iPhone Air Negro Espacial 256Gb,5499.0,4899.0,Oechsle,True,https://www.promart.pe/iphone-17-air-negro-espacial-256gb-1001280525/p
Promart,Smartphones,APPLE,iPhone 17 Blanco 256Gb,4399.0,4099.0,Oechsle,True,https://www.promart.pe/iphone-17-blanco-256gb-1001280523/p
Promart,Smartphones,APPLE,iPhone Air Celeste 256Gb,5499.0,4899.0,Oechsle,True,https://www.promart.pe/iphone-17-air-celeste-256gb-1001280521/p
Promart,Smartphones,APPLE,iPhone 17 Azul Neblina 256Gb,4399.0,4099.0,Oechsle,True,https://www.promart.pe/iphone-17-azul-neblina-256gb-1001280519/p
Promart,Smartphones,APPLE,iPhone 17 Pro Max Naranja Cósmico 256Gb,6599.0,6099.0,Oechsle,True,https://www.promart.pe/iphone-17-pro-max-naranja-cosmico-256gb-1001280518/p
Promart,Smartphones,APPLE,iPhone 15 128GB Azul,4199.0,2999.0,Oechsle,True,https://www.promart.pe/iphone-15-128gb-azul-1001280517/p
Promart,Smartphones,APPLE,iPhone Air Light Dorado 256Gb,5499.0,4899.0,Oechsle,True,https://www.promart.pe/iphone-17-air-light-dorado-256gb-1001280516/p
Promart,Smartphones,APPLE,iPhone Air Blanco 256Gb,5499.0,4899.0,Oechsle,True,https://www.promart.pe/iphone-17-air-blanco-256gb-1001280515/p
Promart,Smartphones,APPLE,iPhone 17 Pro Max Azul Oscuro 256Gb,6599.0,6099.0,Oechsle,True,https://www.promart.pe/iphone-17-pro-max-azul-oscuro-256gb-1001280512/p
Promart,Smartphones,SAMSUNG,Celular Samsung Galaxy A17 256GB 8GB Negro,1399.0,1049.0,Oechsle,True,https://www.promart.pe/celular-samsung-galaxy-a17-256gb-8gb-negro-1001277679/p
Promart,Smartphones,SAMSUNG,Celular Samsung Galaxy S25 Ultra 512GB ROM 12GB RAM  - BLACK TITANIUM,5999.0,5999.0,LYANNOVA,True,https://www.promart.pe/celular-samsung-galaxy-s25-ultra-512gb-rom-12gb-ram-1001273680/p
Promart,Smartphones,XIAOMI,"Smartphone XIAOMI Redmi 15C 6.9"" 4GB 256GB 50MP Verde",649.0,648.0,Plaza Vea,True,https://www.promart.pe/smartphone-xiaomi-redmi-15c-6-9--4gb-256gb-50mp-verde-1001271754/p
Promart,Smartphones,XIAOMI,"Smartphone XIAOMI Redmi 15C 6.9"" 4GB 128GB 50MP Verde",569.0,429.0,Plaza Vea,True,https://www.promart.pe/smartphone-xiaomi-redmi-15c-6-9--4gb-128gb-50mp-verde-1001271753/p
Promart,Smartphones,SAMSUNG,"Smartphone SAMSUNG Galaxy A07 6.7"" 4GB 128GB 50MP + 2MP Negro",599.0,499.0,Plaza Vea,True,https://www.promart.pe/smartphone-samsung-galaxy-a07-6-7--4gb-128gb-50mp---2mp-negro-1001271649/p
Promart,Smartphones,SAMSUNG,"Smartphone SAMSUNG Galaxy A07 6.7"" 4GB 64GB 50MP + 2MP Negro",499.0,449.0,Plaza Vea,True,https://www.promart.pe/smartphone-samsung-galaxy-a07-6-7--4gb-64gb-50mp---2mp-negro-1001271648/p
Promart,Smartphones,HONOR,"Smartphone HONOR X5C 6.75"" 4GB 128GB 50 MP + Auxiliary Camera Negro",469.0,399.0,Plaza Vea,True,https://www.promart.pe/smartphone-honor-x5c-6-75--4gb-128gb-50-mp---auxiliary-camera-negro-1001271607/p
Promart,Smartphones,HONOR,"Smartphone HONOR X5C 6.75"" 4GB 128GB 50 MP + Auxiliary Camera Silver",469.0,399.0,Plaza Vea,True,https://www.promart.pe/smartphone-honor-x5c-6-75--4gb-128gb-50-mp---auxiliary-camera-silver-1001271602/p
Promart,Smartphones,HONOR,"Smartphone HONOR X5C 6.75"" 4GB 128GB 50 MP + Auxiliary Camera Cyan",469.0,399.0,Plaza Vea,True,https://www.promart.pe/smartphone-honor-x5c-6-75--4gb-128gb-50-mp---auxiliary-camera-cyan-1001271601/p
Promart,Smartphones,APPLE,Reacondicionado iPhone 15 Plus 128GB Negro,2399.0,2399.0,CATAPU,True,https://www.promart.pe/reacondicionado-iphone-15-plus-128gb-negro-1001271541/p
Promart,Smartphones,APPLE,IPHONE  17 PRO MAX 256 GB - BLUE mas Regalo,6299.0,5179.0,Techpro Store,True,https://www.promart.pe/-iphone-17-pro-max-256-gb-potencia-profesional-blue-1001267011/p
Promart,Smartphones,APPLE,IPHONE  17 PRO MAX 256 GB POTENCIA PROFESIONAL - SILVER  mas Regalo,6999.0,5179.0,Techpro Store,True,https://www.promart.pe/-iphone-17-pro-max-256-gb-potencia-profesional-silver-1001267010/p
Promart,Smartphones,APPLE,"Apple Iphone 17 256gb 6.3"" Black Chip Fisico",4979.0,3779.0,Moviles Eirl,True,https://www.promart.pe/apple-iphone-17-256gb-6-3-black-chip-fisico-1001266214/p
Promart,Smartphones,SAMSUNG,Samsung Galaxy S25 ULTRA 1TB 12GB - BLANCO,5699.0,4299.0,Fox Móviles SAC,True,https://www.promart.pe/samsung-galaxy-s25-ultra-1tb-12gb-blanco-1001265265/p
Promart,Smartphones,APPLE,"Apple Iphone 17 256gb 6.3"" Black Chip Fisico",4979.0,3779.0,Telcelperu,True,https://www.promart.pe/apple-iphone-17-256gb-6-3-black-chip-fisico-1001263758/p
Promart,Smartphones,APPLE,Apple iPhone 17 Pro Max 256GB Silver eSim,7299.0,5199.0,COOLTRADE,True,https://www.promart.pe/apple-iphone-17-pro-max-256gb-silver-esim-1001263220/p
Promart,Smartphones,APPLE,IPHONE 17 256GB ESIM - AZUL,4999.0,3569.0,Fox Móviles SAC,True,https://www.promart.pe/iphone-17-256gb-esim-azul-1001262521/p
Promart,Smartphones,APPLE,Apple iPhone 17 Pro Max 256GB Cosmic Orange eSim,7299.0,5199.0,COOLTRADE,True,https://www.promart.pe/apple-iphone-17-pro-max-256gb-cosmic-orange-esim-1001262195/p
Promart,Smartphones,APPLE,IPHONE 17 256GB ESIM - BLANCO  mas regalo,4999.0,3569.0,Fox Móviles SAC,True,https://www.promart.pe/iphone-17-256gb-esim-blanco-1001261113/p
Promart,Smartphones,HONOR,HONOR X5C 4RAM Y 64GB NEGRO,599.0,599.0,IMPORTACIONES LUNA-TEL,True,https://www.promart.pe/honor-x5c-4ram-y-64gb-negro-1001259313/p
Promart,Smartphones,XIAOMI,Xiaomi 15T 512GB 12GB Ram Negro y Smartwatch - Audifonos,4099.0,4099.0,INFOTECSHOP,True,https://www.promart.pe/xiaomi-15t-512gb-12gb-ram-negro-smartwatch-audifonos-1001259299/p
Promart,Smartphones,XIAOMI,"Smartphone XIAOMI Redmi 15C 6.9"" 4GB 128GB 50MP Negro",569.0,429.0,Plaza Vea,True,https://www.promart.pe/smartphone-xiaomi-redmi-15c-6-9--4gb-128gb-50mp-negro-1001257551/p
Promart,Smartphones,XIAOMI,"Smartphone XIAOMI Redmi 15C 6.9"" 4GB 256GB 50MP Negro",649.0,648.0,Plaza Vea,True,https://www.promart.pe/smartphone-xiaomi-redmi-15c-6-9--4gb-256gb-50mp-negro-1001257550/p
Promart,Smartphones,REDMI,CELULAR XIAOMI REDMI 15C 4GB RAM 128GB ROM - NEGRO OCASO,999.0,499.0,RP INVERSIONES,True,https://www.promart.pe/celular-xiaomi-redmi-15c-4gb-ram-128gb-rom-negro-ocaso-1001257450/p
Promart,Smartphones,REDMI,CELULAR XIAOMI REDMI 15C 4GB RAM 128GB ROM - NEGRO OCASO,999.0,499.0,D´TEEC-TECNOLOGÍA ELECTRO,True,https://www.promart.pe/celular-xiaomi-redmi-15c-4gb-ram-128gb-rom-negro-ocaso-1001257414/p
Promart,Smartphones,XIAOMI,Celular Xiaomi Redmi 15C 256GB 4GB Midnight Black,819.0,499.0,CARSA,True,https://www.promart.pe/celular-xiaomi-redmi-15c-256gb-4gb-midnight-black-1001253532/p
Promart,Smartphones,HONOR,HONOR X5C PLUS VERDE 6RAM Y 256GB,849.0,849.0,IMPORTACIONES LUNA-TEL,True,https://www.promart.pe/honor-x5c-plus-verde-6ram-y-256gb-1001247696/p
Promart,Smartphones,XIAOMI,Celular Redmi 15C Mint Green 4GB RAM 256GB ROM,649.0,499.0,Oechsle,True,https://www.promart.pe/celular-redmi-15c-mint-green-4gb-ram-256gb-rom-1001245779/p
Promart,Smartphones,XIAOMI,Celular Redmi 15C Midnight Black 4GB RAM 256GB ROM,649.0,499.0,Oechsle,True,https://www.promart.pe/celular-redmi-15c-midnight-black-4gb-ram-256gb-rom-1001245774/p
Promart,Smartphones,SAMSUNG,"Celular SAMSUNG Galaxy A07 4Gb 128Gb 6.7"" Light Violet",749.0,499.0,Oechsle,True,https://www.promart.pe/celular-samsung-galaxy-a07-4gb-128gb-6-7--light-violet-1001245761/p
Promart,Smartphones,SAMSUNG,"Celular SAMSUNG Galaxy A07 4Gb 64Gb 6.7"" Black",599.0,449.0,Oechsle,True,https://www.promart.pe/celular-samsung-galaxy-a07-4gb-64gb-6-7--black-1001245760/p
Promart,Smartphones,SAMSUNG,"Celular SAMSUNG Galaxy A07 4Gb 128Gb 6.7"" Black",749.0,499.0,Oechsle,True,https://www.promart.pe/celular-samsung-galaxy-a07-4gb-128gb-6-7--black-1001245759/p
Promart,Smartphones,HONOR,HONOR X5C NEGRO 4RAM Y 128GB,689.0,689.0,IMPORTACIONES LUNA-TEL,True,https://www.promart.pe/honor-x5c-negro-4ram-y-128gb-1001245272/p
Promart,Smartphones,HONOR,HONOR X5C PLATA 4RAM Y 128GB,689.0,689.0,IMPORTACIONES LUNA-TEL,True,https://www.promart.pe/honor-x5c-plata-4ram-y-128gb-1001245271/p
Promart,Smartphones,HONOR,HONOR X5C VERDE 4RAM Y 128GB,699.0,699.0,IMPORTACIONES LUNA-TEL,True,https://www.promart.pe/honor-x5c-verde-4ram-y-128gb-1001245256/p
Promart,Smartphones,XIAOMI,Celular Xiaomi 15T Pro 5G 12GB RAM 512GB ROM Gris - Cámara Leica,3199.0,2899.0,Mi Tienda,True,https://www.promart.pe/celular-xiaomi-15t-pro-gray-12gb-ram-512gb-rom-us-gris-audifonos-transformers-tf-t01-1001243477/p
Promart,Smartphones,XIAOMI,Celular Xiaomi 15T 5G 12GB RAM 512GB ROM Negro - Cámara Leica,2799.0,2199.0,Mi Tienda,True,https://www.promart.pe/celular-xiaomi-15t-gray-black-12gb-ram-512gb-rom-us-gris-audifonos-transformers-tf-t01-1001243393/p
Promart,Smartphones,XIAOMI,Celular Xiaomi 15T 5G 12GB RAM 512GB ROM Gris - Cámara Leica,2599.0,2199.0,Mi Tienda,True,https://www.promart.pe/celular-xiaomi-15t-gray-12gb-ram-512gb-rom-us-gris-audifonos-transformers-tf-t01-1001243373/p
Promart,Smartphones,APPLE,iPhone 17 PRO MAX 512gb ESIM color Azúl oscuro,7999.0,7999.0,CLICK Y PUNTO,True,https://www.promart.pe/iphone-17-pro-max-512gb-esim-color-azul-oscuro-1001242765/p
Promart,Smartphones,APPLE,iPhone 17 PRO MAX 256gb ESIM color Naranja Cósmico,7599.0,5099.0,Fox Móviles SAC,True,https://www.promart.pe/iphone-17-pro-max-256gb-esim-color-naranja-cosmico-1001242725/p
Promart,Smartphones,APPLE,iPhone 17 PRO MAX 256gb ESIM color Azúl oscuro,7599.0,5099.0,Fox Móviles SAC,True,https://www.promart.pe/iphone-17-pro-max-256gb-esim-color-azul-oscuro-1001242724/p
Promart,Smartphones,APPLE,iPhone 17 PRO MAX 512gb ESIM color Azúl oscuro,7999.0,5869.0,Fox Móviles SAC,True,https://www.promart.pe/iphone-17-pro-max-512gb-esim-color-azul-oscuro-1001242694/p
Promart,Smartphones,APPLE,iPhone 17 PRO MAX 256gb ESIM color Plata,7599.0,5099.0,Fox Móviles SAC,True,https://www.promart.pe/iphone-17-pro-max-256gb-esim-color-plata-1001242691/p
Promart,Smartphones,APPLE,iPhone 17 PRO MAX 512gb ESIM color Naranja Cósmico,7999.0,5869.0,Fox Móviles SAC,True,https://www.promart.pe/iphone-17-pro-max-512gb-esim-color-naranja-cosmico-1001242678/p
Promart,Smartphones,MOTOROLA,Celular Motorola E7 2GB RAM 32GB Cámara 48 MP Color Gris Mineral,599.0,339.0,SL TECNOLOGÍA SMART,True,https://www.promart.pe/celular-motorola-e7-2gb-ram-32gb-camara-48-mp-color-gris-mineral-con-estuche-de-regalo-1001242621/p
Promart,Smartphones,POCO,Celular Poco M3 Pro 5G 4GB RAM 64GB Cámara 48 MP Color Negro,799.0,449.0,SL TECNOLOGÍA SMART,True,https://www.promart.pe/celular-poco-m3-pro-5g-4gb-ram-64gb-camara-48-mp-color-negro-1001239246/p
Promart,Smartphones,APPLE,REACONDICIONADO iPhone 16 Pro 128gb I Grado A I color Titanio Negro,4859.0,4285.0,Lolotec,True,https://www.promart.pe/reacondicionado-iphone-13-pro-max-256gb-i-grado-a-i-color-azul-sierra-1001234433/p
Promart,Smartphones,APPLE,Apple iPhone 17 Pro Max 256GB Deep Blue eSim,7299.0,5199.0,COOLTRADE,True,https://www.promart.pe/apple-iphone-17-pro-max-256gb-deep-blue-esim-1001233690/p
Promart,Smartphones,APPLE,Apple iPhone 17 Pro 256GB Cosmic Orange eSim,6399.0,6399.0,COOLTRADE,True,https://www.promart.pe/apple-iphone-17-pro-256gb-cosmic-orange-esim-1001233655/p
Promart,Smartphones,XIAOMI,Celular Xiaomi Redmi Note 14 8GB RAM 256GB ROM - Negro,999.0,999.0,LYANNOVA,True,https://www.promart.pe/celular-xiaomi-redmi-note-14-8gb-ram-256gb-rom-negro-1001227340/p
Promart,Smartphones,POCO,Celular Poco M3 Pro 5G 4GB RAM 64GB Cámara 48 MP Color Amarillo,799.0,449.0,SL TECNOLOGÍA SMART,True,https://www.promart.pe/celular-poco-m3-pro-5g-4gb-ram-64gb-camara-48-mp-color-amarillo-1001212599/p
Promart,Smartphones,XIAOMI,Celular Xiaomi Redmi 15C 4GB 256GB Azul Luna - Cámara 50MP,699.0,599.0,Mi Tienda,True,https://www.promart.pe/celular-xiaomi-redmi-15c-moonlig-t-blue-4g-ram-25-g-rom-1001210767/p
Promart,Smartphones,XIAOMI,Celular Xiaomi Redmi 15C 4GB 256GB Negro Medianoche - Cámara 50MP,699.0,599.0,Mi Tienda,True,https://www.promart.pe/celular-xiaomi-redmi-15c-midnig-t-black-4g-ram-25-g-rom-1001210762/p
Promart,Smartphones,XIAOMI,XIAOMI REDMI NOTE 14 PRO PLUS 5G 256GB 8GB RAM NEGRO,2099.0,2099.0,Marketcell,True,https://www.promart.pe/xiaomi-redmi-note-14-pro-plus-5g-256gb-8gb-ram-negro-1001209999/p
Promart,Smartphones,SAMSUNG,SAMSUNG GALAXY S25 ULTRA 512GB 12GB 200MP - Titanium Silver Blue,6999.0,3599.0,Marketcell,True,https://www.promart.pe/samsung-galaxy-s25-ultra-512gb-12gb-200mp-titanium-silver-blue-1001209442/p
Promart,Smartphones,SAMSUNG,SAMSUNG GALAXY S25 ULTRA 512GB 12GB 200MP -  Blanco Titanium,6999.0,3499.0,Marketcell,True,https://www.promart.pe/samsung-galaxy-s25-ultra-512gb-12gb-200mp-blanco-titanium-1001209431/p
Promart,Smartphones,XIAOMI,XIAOMI REDMI NOTE 14 PRO PLUS 5G 256GB 8GB RAM PURPLE,2099.0,2099.0,Marketcell,True,https://www.promart.pe/xiaomi-redmi-note-14-pro-plus-5g-256gb-8gb-ram-purple-1001209393/p
Promart,Smartphones,XIAOMI,XIAOMI REDMI NOTE 14 PRO PLUS 5G 256GB 8GB RAM AZUL,2099.0,1259.0,Marketcell,True,https://www.promart.pe/xiaomi-redmi-note-14-pro-plus-5g-256gb-8gb-ram-azul-1001209386/p
Promart,Smartphones,XIAOMI,XIAOMI REDMI NOTE 14 8GB RAM 256GB ROM COLOR VERDE LIMON,999.0,999.0,Marketcell,True,https://www.promart.pe/xiaomi-redmi-note-14-8gb-ram-256gb-rom-color-verde-limon-1001209383/p
Promart,Smartphones,APPLE,IPHONE 17 PRO MAX 2TB APPLE NARANJA,10009.0,8699.0,COMPRAFACIL USA,True,https://www.promart.pe/iphone-17-pro-max-2tb-naranja-1001208030/p
Promart,Smartphones,APPLE,IPHONE 17 512GB APPLE BLANCO,5639.0,4899.0,COMPRAFACIL USA,True,https://www.promart.pe/iphone-17-512gb-blanco-1001208023/p
Promart,Smartphones,APPLE,IPHONE 17 256GB APPLE VERDE,4139.0,3599.0,COMPRAFACIL USA,True,https://www.promart.pe/iphone-17-256gb-verde-1001208018/p
Promart,Smartphones,APPLE,IPHONE 17 PRO 256GB APPLE AZUL OSCURO,5389.0,4679.0,COMPRAFACIL USA,True,https://www.promart.pe/iphone-17-pro-256gb-azul-oscuro-1001208017/p
Promart,Smartphones,APPLE,IPHONE 17 PRO 512GB APPLE PLATA,7129.0,6199.0,COMPRAFACIL USA,True,https://www.promart.pe/iphone-17-pro-512gb-plata-1001206014/p
Promart,Smartphones,APPLE,IPHONE 17 PRO 256GB APPLE NARANJA,5389.0,4679.0,COMPRAFACIL USA,True,https://www.promart.pe/iphone-17-pro-256gb-naranja-1001206006/p
Promart,Smartphones,APPLE,IPHONE 17 256GB APPLE BLANCO,4089.0,3549.0,COMPRAFACIL USA,True,https://www.promart.pe/iphone-17-256gb-blanco-1001205961/p
Promart,Smartphones,APPLE,IPHONE 17 256GB APPLE PÚRPURA,4139.0,3599.0,COMPRAFACIL USA,True,https://www.promart.pe/iphone-17-256gb-purpura-1001205959/p
Promart,Smartphones,APPLE,IPHONE 17 PRO MAX 512GB APPLE AZUL OSCURO,7479.0,6499.0,COMPRAFACIL USA,True,https://www.promart.pe/iphone-17-pro-max-512gb-azul-oscuro-1001205850/p
Promart,Smartphones,APPLE,iPhone 17 Pro Max 256GB - Plata,5869.0,5099.0,COMPRAFACIL USA,True,https://www.promart.pe/iphone-17-pro-max-256gb-plata-1001205841/p
Promart,Smartphones,APPLE,iPhone 17 Pro Max 256GB - Naranja,5869.0,5099.0,COMPRAFACIL USA,True,https://www.promart.pe/iphone-17-pro-max-256gb-naranja-1001205840/p
Promart,Smartphones,APPLE,IPHONE 17 PRO MAX 1TB APPLE PLATA,7819.0,6799.0,COMPRAFACIL USA,True,https://www.promart.pe/iphone-17-pro-max-1tb-plata-1001205838/p
Promart,Smartphones,APPLE,iPhone 17 Pro Max 256GB - Azul Oscuro,5869.0,5099.0,COMPRAFACIL USA,True,https://www.promart.pe/iphone-17-pro-max-256gb-azul-oscuro-1001205836/p
Promart,Smartphones,MOTOROLA,Celular Moto RAZR 60ULTRA 16+1TB Verde,5999.0,5999.0,Oechsle,True,https://www.promart.pe/celular-moto-razr-60ultra-16-1tb-verde-1001197199/p
Promart,Smartphones,MOTOROLA,Celular Moto EDGE 60 FUSION 8+256 Azul,1499.0,1249.0,Oechsle,True,https://www.promart.pe/celular-moto-edge-60-fusion-8-256-azul-1001197196/p
Promart,Smartphones,APPLE,iPhone 16 128GB Blanco,4299.0,3599.0,Oechsle,True,https://www.promart.pe/iphone-16-128gb-blanco-1001197176/p
Promart,Smartphones,XIAOMI,Smartphone POCO C71 Xiaomi Negro,799.0,559.0,MUNDO ELECTRONICO,True,https://www.promart.pe/smartphone-poco-c71-xiaomi-negro-1001194526/p
Promart,Smartphones,XIAOMI,Smartphone POCO C71 Xiaomi Negro,799.0,499.0,OFERTAS UNICAS YELI,True,https://www.promart.pe/smartphone-poco-c71-xiaomi-negro-1001194522/p
Promart,Smartphones,SAMSUNG,Celular Samsung Galaxy A35 5G Negro 128GB 6GB RAM Negro,1899.0,1899.0,ELECTROSHOP SV,True,https://www.promart.pe/celular-samsung-galaxy-a35-5g-negro-128gb-6gb-ram-negro-1001191437/p
Promart,Smartphones,XIAOMI,Xiaomi Redmi 15C 256GB 4GB Ram Azul,899.0,569.0,INFOTECSHOP,True,https://www.promart.pe/xiaomi-redmi-15c-256gb-4gb-ram-azul-1001186030/p
Promart,Smartphones,XIAOMI,Xiaomi Redmi 15C 128GB 4GB Ram Azul,849.0,529.0,INFOTECSHOP,True,https://www.promart.pe/xiaomi-redmi-15c-128gb-4gb-ram-azul-1001186013/p
Promart,Smartphones,SAMSUNG,Celular Samsung Galaxy A16 128GB 4GB Negro y Adaptador USB-C Samsung Original 15W,1049.0,649.0,INFOTECSHOP,True,https://www.promart.pe/celular-samsung-galaxy-a16-128gb-4gb-negro-adaptador-usb-c-samsung-original-15w-1001184594/p
Promart,Smartphones,SAMSUNG,Celular Samsung Galaxy A56 5G 256GB 8GB Negro y Adaptador USB-C Samsung Original 25W,2599.0,1699.0,INFOTECSHOP,True,https://www.promart.pe/celular-samsung-galaxy-a56-5g-256gb-8gb-negro-adaptador-usb-c-samsung-original-25w-1001183315/p
Promart,Smartphones,HONOR,"Smartphone HONOR X6C 6.6"" 6GB 256GB 50MP + 0.08MP Ocean Cyan",649.0,499.0,Plaza Vea,True,https://www.promart.pe/smartphone-honor-x6c-6-6--6gb-256gb-50mp---0-08mp-ocean-cyan-1001181416/p
Promart,Smartphones,APPLE,iPhone 16E 128GB Negro,2699.0,2349.0,Plaza Vea,True,https://www.promart.pe/iphone-16e-128gb-negro-1001181406/p
Promart,Smartphones,XIAOMI,"CELULAR XIAOMI REDMI NOTE 14 PRO 5G 256GB 8GB 200 MP 6.67"" NEGRO",1499.0,1239.0,TECNHOGAR MYK,True,https://www.promart.pe/celular-xiaomi-redmi-note-14-pro-5g-256gb-8gb-200-mp-6-67-negro-1001178451/p
Promart,Smartphones,APPLE,Celular 5G Apple iPhone 16 128GB 8GB RAM 48MP White,5999.0,3249.0,CARSA,True,https://www.promart.pe/celular-5g-apple-iphone-16-128gb-6gb-ram-48mp-white-1001178296/p
Promart,Smartphones,APPLE,OPEN BOX  iPhone 11 64GB 4GB Verde,1230.0,1139.0,Celulares Peru Smart,True,https://www.promart.pe/reacondicionado-iphone-11-64gb-4gb-verde-1001165794/p
Promart,Smartphones,APPLE,Celular Apple iPhone 16 MYE73BE/A 128GB Black,6049.0,3249.0,CARSA,True,https://www.promart.pe/celular-apple-iphone-16-mye73be-a-128gb-black-1001159732/p
Promart,Smartphones,SAMSUNG,"Celular Samsung SM-A165MZKALTP A16 6.7"" 50MP 4GB 128GB Negro",939.0,589.0,CARSA,True,https://www.promart.pe/celular-samsung-sm-a165mzkaltp-a16-6-7-50mp-4gb-128gb-negro-1001154859/p
Promart,Smartphones,SAMSUNG,SAMSUNG GALAXY  S25 ULTRA 256GB 12GB - AZUL,4599.0,3329.0,Fox Móviles SAC,True,https://www.promart.pe/samsung-galaxy-s25-ultra-256gb-12gb-azul-1001154744/p
Promart,Smartphones,SAMSUNG,SAMSUNG GALAXY  S25 ULTRA 256GB 12GB - NEGRO,4599.0,3329.0,Fox Móviles SAC,True,https://www.promart.pe/samsung-galaxy-s25-ultra-256gb-12gb-negro-1001154743/p
Promart,Smartphones,SAMSUNG,SAMSUNG GALAXY  S25 ULTRA 256GB 12GB - BLANCO,4599.0,3329.0,Fox Móviles SAC,True,https://www.promart.pe/samsung-galaxy-s25-ultra-256gb-12gb-blanco-1001154742/p
Promart,Smartphones,SAMSUNG,SAMSUNG GALAXY  S25 ULTRA 512GB 12GB - BLANCO,4599.0,3539.0,Fox Móviles SAC,True,https://www.promart.pe/samsung-galaxy-s25-ultra-512gb-12gb-blanco-1001154741/p
Promart,Smartphones,SAMSUNG,SAMSUNG GALAXY  S25 ULTRA 256GB 12GB - GRIS,4599.0,3329.0,Fox Móviles SAC,True,https://www.promart.pe/samsung-galaxy-s25-ultra-256gb-12gb-gris-1001154740/p
Promart,Smartphones,APPLE,IPHONE 13 128GB APPLE AZUL,2299.0,1949.0,COMPRAFACIL USA,True,https://www.promart.pe/iphone-13-128gb-azul-1001147170/p
Promart,Smartphones,APPLE,IPHONE 13 128GB APPLE ROSA,2299.0,1949.0,COMPRAFACIL USA,True,https://www.promart.pe/iphone-13-128gb-rosa-1001147167/p
Promart,Smartphones,APPLE,IPHONE 13 128GB APPLE MEDIANOCHE,2299.0,1949.0,COMPRAFACIL USA,True,https://www.promart.pe/iphone-13-128gb-medianoche-1001147162/p
Promart,Smartphones,APPLE,IPHONE 14 128GB APPLE LILA CLARO REACONDICIONADO,1589.0,1379.0,COMPRAFACIL USA,True,https://www.promart.pe/iphone-14-128gb-lila-claro-reacondicionado-1001147148/p
Promart,Smartphones,APPLE,IPHONE 13 128GB APPLE BLANCO,2299.0,1949.0,COMPRAFACIL USA,True,https://www.promart.pe/iphone-13-128gb-blanco-1001147134/p
Promart,Smartphones,SAMSUNG,"Samsung Galaxy S25 Ultra 256gb 12gb 200mp, 6.9"" Titanium Gray",5599.0,3549.0,Moviles Eirl,True,https://www.promart.pe/samsung-galaxy-s25-ultra-256gb-12gb-200mp-6-9-titanium-gray-1001146822/p
Promart,Smartphones,SAMSUNG,"Samsung Galaxy S25 Ultra 256gb 12gb 200mp, 6.9"" Titanium Silverblue",5599.0,3549.0,Moviles Eirl,True,https://www.promart.pe/samsung-galaxy-s25-ultra-256gb-12gb-200mp-6-9-titanium-silverblue-1001146780/p
Promart,Smartphones,SAMSUNG,"Samsung Galaxy S25 Ultra 256gb 12gb 200mp, 6.9"" Titanium Whitesilver",5599.0,3549.0,Moviles Eirl,True,https://www.promart.pe/samsung-galaxy-s25-ultra-256gb-12gb-200mp-6-9-titanium-whitesilver-1001146771/p
Promart,Smartphones,SAMSUNG,"Celular Samsung A56 8GB RAM 256GB 6.7"" Light Pink",1899.0,1899.0,Oechsle,True,https://www.promart.pe/celular-samsung-a56-sm-a566elifltp-8gb-ram-256gb-6-7--light-pink-1001146197/p
Promart,Smartphones,SAMSUNG,"Celular Samsung Galaxy S24FE 8GB RAM 128GB 6.7"" Graphite",2599.0,2599.0,Oechsle,True,https://www.promart.pe/celular-samsung-s24-fe-6-7--8gb-ram-128gb-sm-s721bzkllep-graphite-1001146193/p
Promart,Smartphones,APPLE,iPhone 16e 128GB Blanco,3199.0,2699.0,Oechsle,True,https://www.promart.pe/iphone-16e-128gb-blanco-1001146182/p
Promart,Smartphones,APPLE,iPhone 16e 128GB Negro,3199.0,2699.0,Oechsle,True,https://www.promart.pe/iphone-16e-128gb-negro-1001146180/p
Promart,Smartphones,MOTOROLA,"Smartphone MOTOROLA RAZR 60 Ultra 7"" 16GB 1TB 50MP Scarab",5999.0,3199.0,Plaza Vea,True,https://www.promart.pe/smartphone-motorola-razr-60-ultra-7--16gb-1tb-50mp-scarab-1001145302/p
Promart,Smartphones,APPLE,iPhone 15 Pro eSIM 128GB 6GB Azul-Titanio (REACONDICIONADO GRADO A+),3518.0,3257.0,Celulares Peru Smart,True,https://www.promart.pe/iphone-15-pro-esim-128gb-6gb-azul-titanio-reacondicionado-grado-a-1001136271/p
Promart,Smartphones,APPLE,iPhone 16 Plus eSIM 128GB 8GB Negro (REACONDICIONADO GRADO A+),3703.0,3429.0,Celulares Peru Smart,True,https://www.promart.pe/iphone-16-plus-esim-128gb-8gb-negro-reacondicionado-grado-a-1001136233/p
Promart,Smartphones,APPLE,REACONDICIONADO iPhone 14 Plus128gb I Grado B I color Negro,3799.0,1966.0,Lolotec,True,https://www.promart.pe/reacondicionado-iphone-14-128gb-i-grado-b-i-color-negro-1001136164/p
Promart,Smartphones,APPLE,REACONDICIONADO iPhone 14 Plus 128gb I Grado B I color Blanco,3899.0,1966.0,Lolotec,True,https://www.promart.pe/reacondicionado-iphone-14-128gb-i-grado-a-i-color-blanco-1001136152/p
Promart,Smartphones,APPLE,REACONDICIONADO iPhone 14 Pro 128gb I Grado B I color Negro Medianoche,4529.0,2603.0,Lolotec,True,https://www.promart.pe/reacondicionado-iphone-14-pro-128gb-i-grado-b-i-color-negro-medianoche-1001136146/p
Promart,Smartphones,APPLE,Apple iPhone 15 128GB - Negro 5G + Cubo Cargador 20w,5000.0,2899.0,MAXICOMPRA,True,https://www.promart.pe/apple-iphone-15-128gb-negro-5g-case-1001132394/p
Promart,Smartphones,APPLE,Apple iPhone 15 128GB - Negro 5G,5000.0,2849.0,MAXICOMPRA,True,https://www.promart.pe/apple-iphone-15-128gb-esim-negro-5g-1001131567/p
Promart,Smartphones,SAMSUNG,Samsung Galaxy S25 Ultra Titanium AI 512GB White Silver,7570.0,5299.0,GameCenter,True,https://www.promart.pe/samsung-galaxy-s25-ultra-titanium-ai-512gb-white-silver-1001120970/p
Promart,Smartphones,SAMSUNG,"Samsung Galaxy S25 Ultra 256gb 12gb 200mp, 6.9"" Titanium Gray",3899.0,3399.0,Marketcell,True,https://www.promart.pe/samsung-galaxy-s25-ultra-256gb-12gb-200mp-6-9-titanium-gray-1001120838/p
Promart,Smartphones,SAMSUNG,"Samsung Galaxy S25 Ultra 512gb 12gb 200mp, 6.9"" Titanium Black",4599.0,3499.0,Marketcell,True,https://www.promart.pe/samsung-galaxy-s25-ultra-512gb-12gb-200mp-6-9-titanium-black-1001120816/p
Promart,Smartphones,SAMSUNG,"Samsung Galaxy S25 Ultra 512gb 12gb 200mp, 6.9"" Titanium Gray",4999.0,3599.0,Marketcell,True,https://www.promart.pe/samsung-galaxy-s25-ultra-512gb-12gb-200mp-6-9-titanium-gray-1001120815/p
Promart,Smartphones,SAMSUNG,"Samsung Galaxy S25 Ultra 512gb 12gb 200mp, 6.9"" Titanium Blanco",4599.0,3859.0,Marketcell,True,https://www.promart.pe/samsung-galaxy-s25-ultra-512gb-12gb-200mp-6-9-titanium-blanco-1001120809/p
Promart,Smartphones,SAMSUNG,"Samsung Galaxy S25 Ultra 256gb 12gb 200mp, 6.9"" Titanium Blanco",3999.0,3359.0,Marketcell,True,https://www.promart.pe/samsung-galaxy-s25-ultra-256gb-12gb-200mp-6-9-titanium-blanco-1001120807/p
Promart,Smartphones,SAMSUNG,"Samsung Galaxy S25 Ultra 256gb 12gb 200mp, 6.9"" Titanium Black",3999.0,3399.0,Marketcell,True,https://www.promart.pe/samsung-galaxy-s25-ultra-256gb-12gb-200mp-6-9-titanium-black-1001120804/p
Promart,Smartphones,SAMSUNG,"Samsung Galaxy S25 Ultra 512gb 12gb 200mp, 6.9"" Titanium Silverblue",4599.0,3499.0,Marketcell,True,https://www.promart.pe/samsung-galaxy-s25-ultra-512gb-12gb-200mp-6-9-titanium-silverblue-1001120788/p
Promart,Smartphones,SAMSUNG,"Samsung Galaxy S25 Ultra 256gb 12gb 200mp, 6.9"" Titanium Silverblue",3999.0,3399.0,Marketcell,True,https://www.promart.pe/samsung-galaxy-s25-ultra-256gb-12gb-200mp-6-9-titanium-silverblue-1001120568/p
Promart,Smartphones,SAMSUNG,"Samsung Galaxy S25 Ultra 256gb 12gb 200mp, 6.9"" Titanium Black",5599.0,3549.0,Moviles Eirl,True,https://www.promart.pe/samsung-galaxy-s25-ultra-256gb-12gb-200mp-6-9-titanium-black-1001116476/p
Promart,Smartphones,XIAOMI,Celular Xiaomi Redmi 13 8GB 256GB Azul,1399.0,949.0,RP INVERSIONES,True,https://www.promart.pe/celular-xiaomi-redmi-13-8gb-256gb-azul-1001114180/p
Promart,Smartphones,XIAOMI,Xiaomi Redmi A5 4G 64GB 3GB Azul,699.0,399.0,INFOTECSHOP,True,https://www.promart.pe/xiaomi-redmi-a5-4g-64gb-3gb-azul-1001110743/p
Promart,Smartphones,XIAOMI,Xiaomi Redmi A5 4G 64GB 3GB Negro,699.0,399.0,INFOTECSHOP,True,https://www.promart.pe/xiaomi-redmi-a5-4g-64gb-3gb-negro-1001110733/p
Promart,Smartphones,APPLE,iPhone 14 Plus eSIM 128GB 6GB Midnight OPEN BOX,2321.0,2149.0,Celulares Peru Smart,True,https://www.promart.pe/iphone-14-plus-esim-128gb-6gb-midnight-open-box-1001108849/p
Promart,Smartphones,APPLE,iPhone 14 Plus eSIM 128GB 6GB Negro (REACONDICIONADO GRADO A+),2252.0,2085.0,Celulares Peru Smart,True,https://www.promart.pe/iphone-14-plus-esim-128gb-6gb-negro--reacondicionado-grado-a---1001108847/p
Promart,Smartphones,SAMSUNG,"Smartphone SAMSUNG Galaxy S25 Ultra 6.9"" 12GB 256GB 200MP + 50MP + 50MP + 10MP Titanium Black",5199.0,3699.0,Plaza Vea,True,https://www.promart.pe/smartphone-samsung-galaxy-s25-ultra-6-9--12gb-256gb-200mp---50mp---50mp---10mp-titanium-black-1001107537/p
Promart,Smartphones,APPLE,iPhone 16 128GB Rosado,4999.0,3349.0,Plaza Vea,True,https://www.promart.pe/iphone-16-6-1--8gb-128gb-rosado-1001107504/p
Promart,Smartphones,APPLE,iPhone 16 Pro Max 256GB Titanio Negro,7599.0,5849.0,Plaza Vea,True,https://www.promart.pe/iphone-16-pro-max-6-9--8gb-256gb-titanio-negro-1001107503/p
Promart,Smartphones,APPLE,iPhone 16 128GB Negro,4999.0,3349.0,Plaza Vea,True,https://www.promart.pe/iphone-16-6-1--8gb-128gb-negro-1001107498/p
Promart,Smartphones,XIAOMI,Xiaomi Redmi A5 4G 64GB 3GB Negro - Smartwatch y Audífonos,799.0,489.0,INFOTECSHOP,True,https://www.promart.pe/xiaomi-redmi-a5-4g-64gb-3gb-negro-smartwatch-audifonos-1001103229/p
Promart,Smartphones,XIAOMI,Xiaomi Redmi A5 4G 64GB 3GB Azul y Smartwatch - Audífonos,799.0,489.0,INFOTECSHOP,True,https://www.promart.pe/xiaomi-redmi-a5-4g-64gb-3gb-azul-smartwatch-audifonos-1001103203/p
Promart,Smartphones,APPLE,Iphone 16 pro max chip fisico 256gb color desert - CASE Y MICA TRANSPARENTE,5999.0,4869.0,ROCICELL CELULARES,True,https://www.promart.pe/iphone-16-pro-max-chip-fisico-256gb-color--desert---regalos-1001100315/p
Promart,Smartphones,XIAOMI,Xiaomi Redmi A5 4G 64GB 3GB Ram Dorado,549.0,549.0,INFOTECSHOP,True,https://www.promart.pe/xiaomi-redmi-a5-4g-64gb-3gb-ram-dorado-1001097468/p
Promart,Smartphones,SAMSUNG,"Smartphone SAMSUNG Galaxy S24 FE 6.7"" 8GB 128GB 50MP + 12MP + 8MP Negro",2199.0,1899.0,Plaza Vea,True,https://www.promart.pe/smartphone-samsung-galaxy-s24-fe-6-7--8gb-128gb-50mp---12mp---8mp-negro-1001084753/p
Promart,Smartphones,SAMSUNG,"Smartphone SAMSUNG Galaxy A16 6.7"" 4GB 128GB 50MP + 5MP + 2MP Negro",799.0,599.0,Plaza Vea,True,https://www.promart.pe/smartphone-samsung-galaxy-a16-6-7--4gb-128gb-50mp---5mp---2mp-negro-1001084749/p
Promart,Smartphones,APPLE,Celular iPhone 12 64GB Grado A+ Verde,2399.0,1299.0,KPDM,True,https://www.promart.pe/celular-iphone-12-64gb-grado-a--verde-1001076594/p
Promart,Smartphones,SAMSUNG,Samsung S25 ULTRA 512GB 12GB Titanium Whitesilver,4702.0,4354.0,Celulares Peru Smart,True,https://www.promart.pe/samsung-s25-ultra-512gb-12gb-titanium-whitesilver-1001073842/p
Promart,Smartphones,SAMSUNG,Samsung S25 ULTRA 256GB 12GB Titanium Black,4331.0,4010.0,Celulares Peru Smart,True,https://www.promart.pe/samsung-s25-ultra-256gb-12gb-titanium-black-1001073838/p
Promart,Smartphones,APPLE,IPHONE 15 PRO MAX 256GB APPLE AZUL TITANIUM REACONDICIONADO,3629.0,3149.0,COMPRAFACIL USA,True,https://www.promart.pe/reacondicionado-iphone-15-pro-max-256gb-azul-titanium-1001070719/p
Promart,Smartphones,APPLE,IPHONE 15 PRO MAX 256GB APPLE BLANCO TITANIUM REACONDICIONADO,3449.0,2999.0,COMPRAFACIL USA,True,https://www.promart.pe/reacondicionado-iphone-15-pro-max-256gb-blanco-titanium-1001070689/p
Promart,Smartphones,SAMSUNG,Samsung Galaxy S25 ULTRA 5G 5g 512gb 12gb color gris,6799.0,3529.0,ROCICELL CELULARES,True,https://www.promart.pe/samsung-galaxy-s25-ultra-5g-5g-512gb-12gb-color-gris-1001070078/p
Promart,Smartphones,APPLE,Celular iPhone 12 Pro Dorado 128GB Grado A,2999.0,1699.0,KPDM,True,https://www.promart.pe/celular-iphone-12-pro-dorado-128gb-grado-a-1001070041/p
Promart,Smartphones,SAMSUNG,Samsung Galaxy S25 ULTRA 5G 5g 512gb 12gb color blanco,6799.0,3529.0,ROCICELL CELULARES,True,https://www.promart.pe/samsung-galaxy-s25-ultra-5g-5g-512gb-12gb-color-blanco-1001067376/p
Promart,Smartphones,SAMSUNG,Samsung Galaxy S25 ULTRA 5G 5g 512gb 12gb color negro,6799.0,3529.0,ROCICELL CELULARES,True,https://www.promart.pe/samsung-galaxy-s25-ultra-5g-5g-512gb-12gb-color-negro-1001067375/p
Promart,Smartphones,SAMSUNG,Samsung Galaxy S25 ULTRA 5G 5g 512gb 12gb color azul,6799.0,3529.0,ROCICELL CELULARES,True,https://www.promart.pe/samsung-galaxy-s25-ultra-5g-5g-512gb-12gb-color-azul-1001067365/p
Promart,Smartphones,SAMSUNG,"Samsung Galaxy S25 Ultra 256gb 12gb 200mp, 6.9"" Titanium Black",5599.0,3499.0,Telcelperu,True,https://www.promart.pe/samsung-galaxy-s25-ultra-256gb-12gb-200mp-6-9-titanium-black-1001063343/p
Promart,Smartphones,SAMSUNG,"Samsung Galaxy S25 Ultra 512gb 12gb 200mp, 6.9"" Titanium Black",6399.0,3599.0,Telcelperu,True,https://www.promart.pe/samsung-galaxy-s25-ultra-512gb-12gb-200mp-6-9-titanium-black-1001063340/p
Promart,Smartphones,SAMSUNG,Samsung A16 128GB 4GB Negro,708.0,590.0,Celulares Peru Smart,True,https://www.promart.pe/samsung-a16-128gb-4gb-negro-1001061354/p
Promart,Smartphones,APPLE,iPhone 16 eSIM 128GB 8GB Teal (REACONDICIONADO GRADO A+),3552.0,3289.0,Celulares Peru Smart,True,https://www.promart.pe/iphone-16-esim-128gb-8gb-teal--reacondicionado-grado-a---1001058262/p
Promart,Smartphones,SAMSUNG,Samsung S24 Ultra 5G 256GB 12GB Gris (REACONDICIONADO GRADO A+),3344.0,3096.0,Celulares Peru Smart,True,https://www.promart.pe/samsung-s24-ultra-5g-256gb-12gb-gris--reacondicionado-grado-a---1001058256/p
Promart,Smartphones,SAMSUNG,"Samsung Galaxy S25 Ultra 256gb 12gb 200mp, 6.9"" Titanium Silverblue",5599.0,3499.0,Telcelperu,True,https://www.promart.pe/samsung-galaxy-s25-ultra-256gb-12gb-200mp-6-9-titanium-silverblue-1001052453/p
Promart,Smartphones,SAMSUNG,"Samsung Galaxy S25 Ultra 256gb 12gb 200mp, 6.9"" Titanium Gray",5599.0,3499.0,Telcelperu,True,https://www.promart.pe/samsung-galaxy-s25-ultra-256gb-12gb-200mp-6-9-titanium-gray-1001052403/p
Promart,Smartphones,SAMSUNG,"Samsung Galaxy S25 Ultra 256gb 12gb 200mp, 6.9"" Titanium Whitesilver",5599.0,3499.0,Telcelperu,True,https://www.promart.pe/samsung-galaxy-s25-ultra-256gb-12gb-200mp-6-9-titanium-whitesilver-1001052402/p
Promart,Smartphones,SAMSUNG,Samsung Galaxy A56 5G 256GB 8GB Ram Color Negro,2499.0,1599.0,INFOTECSHOP,True,https://www.promart.pe/samsung-galaxy-a56-5g-256gb-8gb-ram-color-negro-1001044026/p
Promart,Smartphones,SAMSUNG,Samsung S25 ULTRA 512GB 12GB Titaniumgray,4470.0,4139.0,Celulares Peru Smart,True,https://www.promart.pe/samsung-s25-ultra-512gb-12gb-titaniumgray-1001043972/p
Promart,Smartphones,APPLE,iPhone 16 eSIM 128GB 8GB Rosado (REACONDICIONADO GRADO A+),3378.0,3128.0,Celulares Peru Smart,True,https://www.promart.pe/iphone-16-esim-128gb-8gb-rosado-reacondicionado-grado-a-1001009448/p
Promart,Smartphones,SAMSUNG,Samsung S25 ULTRA 256GB 12GB Titanium Silverblue,4434.0,4106.0,Celulares Peru Smart,True,https://www.promart.pe/samsung-s25-ultra-256gb-12gb-titanium-silverblue-1001009430/p
Promart,Smartphones,APPLE,iPhone 16 eSIM 128GB 8GB Ultramarine (REACONDICIONADO GRADO A+),3425.0,3171.0,Celulares Peru Smart,True,https://www.promart.pe/iphone-16-esim-128gb-8gb-ultramarine-reacondicionado-grado-a-1001009419/p
Promart,Smartphones,APPLE,iPhone 14 Plus c/CHIP 128GB 6GB Purpura (REACONDICIONADO GRADO A+),2601.0,2408.0,Celulares Peru Smart,True,https://www.promart.pe/iphone-14-plus-c-chip-128gb-6gb-purpura-reacondicionado-grado-a-1001009416/p
Promart,Smartphones,SAMSUNG,Samsung S25 ULTRA 512GB 12GB Titanium Black,4690.0,4343.0,Celulares Peru Smart,True,https://www.promart.pe/samsung-s25-ultra-512gb-12gb-titanium-black-1001009399/p
Promart,Smartphones,APPLE,iPhone 16 eSIM 128GB 8GB Negro (REACONDICIONADO GRADO A+),3552.0,3289.0,Celulares Peru Smart,True,https://www.promart.pe/iphone-16-esim-128gb-8gb-negro-reacondicionado-grado-a-1001009398/p
Promart,Smartphones,APPLE,Apple iPhone 14 128GB -Reacondicionado A-Negro mas Regalo,1999.0,1529.0,Techpro Store,True,https://www.promart.pe/apple-iphone-14-128gb-reacondicionado-a-negro-1001005432/p
Promart,Smartphones,SAMSUNG,"Samsung Galaxy S25 Ultra 512gb 12gb 200mp, 6.9"" Titanium Black",6399.0,3599.0,Moviles Eirl,True,https://www.promart.pe/samsung-galaxy-s25-ultra-512gb-12gb-200mp-6-9-titanium-black-1001003601/p
Promart,Smartphones,XIAOMI,Xiaomi Redmi Note 14 256GB 8GB Azul,1016.0,847.0,CELULARESPERUSMARTSAC,True,https://www.promart.pe/xiaomi-redmi-note-14-256gb-8gb-azul-1001001575/p
Promart,Smartphones,SAMSUNG,Samsung Galaxy A16 128GB 4GB Ram Color Negro,949.0,549.0,INFOTECSHOP,True,https://www.promart.pe/samsung-galaxy-a16-128gb-4gb-ram-color-negro-1001001095/p
Promart,Smartphones,APPLE,iPhone 12 Mini 128GB 4GB Rojo (Reacondicionado Grado A++),1160.0,1074.0,Celulares Peru Smart,True,https://www.promart.pe/iphone-12-mini-128gb-4gb-rojo-reacondicionado-grado-a-1001000230/p
Promart,Smartphones,SAMSUNG,"Samsung Galaxy S25 Ultra 512gb 12gb 200mp, 6.9"" Titanium Silverblue",6399.0,3599.0,Moviles Eirl,True,https://www.promart.pe/samsung-galaxy-s25-ultra-512gb-12gb-200mp-6-9-titanium-silverblue-1000999899/p
Promart,Smartphones,SAMSUNG,"Samsung Galaxy S25 Ultra 512gb 12gb 200mp, 6.9"" Titanium Whitesilver",6399.0,3599.0,Moviles Eirl,True,https://www.promart.pe/samsung-galaxy-s25-ultra-512gb-12gb-200mp-6-9-titanium-whitesilver-1000999870/p
Promart,Smartphones,SAMSUNG,"Samsung Galaxy S25 Ultra 512gb 12gb 200mp, 6.9"" Titanium Gray",6399.0,3599.0,Moviles Eirl,True,https://www.promart.pe/samsung-galaxy-s25-ultra-512gb-12gb-200mp-6-9-titanium-gray-1000999825/p
Promart,Smartphones,SAMSUNG,"Celular Samsung Galaxy S25 Ultra 256GB 6.9"" Titanium Black",5699.0,4099.0,Oechsle,True,https://www.promart.pe/celular-samsung-galaxy-s25-ultra-256gb-6-9--sm-s938bzklltp-titanium-black-1000999573/p
Promart,Smartphones,SAMSUNG,"Celular Samsung Galaxy S25+ 256GB 6.7"" SM-S936BDBLLTP Navy",4799.0,4799.0,Oechsle,True,https://www.promart.pe/celular-samsung-galaxy-s25--256gb-6-7--sm-s936bdblltp-navy-1000999567/p
Promart,Smartphones,SAMSUNG,"Samsung Galaxy S25 Ultra 512gb 12gb 200mp, 6.9"" Titanium Gray",6399.0,3599.0,Telcelperu,True,https://www.promart.pe/samsung-galaxy-s25-ultra-512gb-12gb-200mp-6-9-titanium-gray-1000999347/p
Promart,Smartphones,SAMSUNG,"Samsung Galaxy S25 Ultra 512gb 12gb 200mp, 6.9"" Titanium Whitesilver",6399.0,3599.0,Telcelperu,True,https://www.promart.pe/samsung-galaxy-s25-ultra-512gb-12gb-200mp-6-9-titanium-whitesilver-1000999332/p
Promart,Smartphones,SAMSUNG,"Samsung Galaxy S25 Ultra 512gb 12gb 200mp, 6.9"" Titanium Silverblue",6399.0,3599.0,Telcelperu,True,https://www.promart.pe/samsung-galaxy-s25-ultra-512gb-12gb-200mp-6-9-titanium-silverblue-1000999324/p
Promart,Smartphones,SAMSUNG,SAMSUNG GALAXY S25 ULTRA 512GB 12GB - GRIS,6999.0,3539.0,Fox Móviles SAC,True,https://www.promart.pe/samsung-galaxy-s25-ultra-512gb-12gb-gris-1000997966/p
Promart,Smartphones,SAMSUNG,SAMSUNG GALAXY S25 ULTRA 512GB 12GB - NEGRO,6999.0,3539.0,Fox Móviles SAC,True,https://www.promart.pe/samsung-galaxy-s25-ultra-512gb-12gb-negro-1000997915/p
Promart,Smartphones,SAMSUNG,SAMSUNG GALAXY S25 ULTRA 512GB 12GB - AZUL,6999.0,3539.0,Fox Móviles SAC,True,https://www.promart.pe/samsung-galaxy-s25-ultra-512gb-12gb-azul-1000997385/p
Promart,Smartphones,APPLE,Reacondicionado Grado A+ iPhone 16 Pro eSIM 128GB 8GB Blanco-Titanio | OPEN BOX,3774.0,3494.0,Celulares Peru Smart,True,https://www.promart.pe/iphone-16-pro-esim-128gb-8gb-blanco-titanio-open-box-1000992988/p
Promart,Smartphones,APPLE,Reacondicionado Grado A+ iPhone 16 Pro Max eSIM 256GB 8GB Blanco-Titanio | OPEN BOX,4574.0,4235.0,Celulares Peru Smart,True,https://www.promart.pe/iphone-16-pro-max-esim-256gb-8gb-blanco-titanio-open-box-1000992964/p
Promart,Smartphones,APPLE,Reacondicionado Grado A+ iPhone 16 Pro Max eSIM 256GB 8GB Black-Titanium | OPEN BOX,4458.0,4128.0,Celulares Peru Smart,True,https://www.promart.pe/iphone-16-pro-max-esim-256gb-8gb-black-titanium-open-box-1000992963/p
Promart,Smartphones,APPLE,iPhone 16 128GB Negro,4299.0,3599.0,Oechsle,True,https://www.promart.pe/iphone-16-128gb-black-1000987393/p
Promart,Smartphones,SAMSUNG,"Samsung Galaxy M55 256Gb 8Gb Ram 50Mp + 8Mp + 2Mp 6.7"" Negro",1849.0,1849.0,Telcelperu,True,https://www.promart.pe/samsung-galaxy-m55-256gb-8gb-ram-50mp--8mp--2mp-6-7-negro-1000955264/p
Promart,Smartphones,SAMSUNG,"Samsung Galaxy M55 256Gb 8Gb Ram 50Mp + 8Mp + 2Mp 6.7"" Negro",1849.0,1849.0,Moviles Eirl,True,https://www.promart.pe/samsung-galaxy-m55-256gb-8gb-ram-50mp--8mp--2mp-6-7-negro-1000725406/p
Promart,Smartphones,APPLE,iPhone 16 128GB Blanco,4999.0,3349.0,Plaza Vea,True,https://www.promart.pe/iphone-16-6-1--8gb-128gb--blanco-1000723920/p
Promart,Smartphones,APPLE,"iPhone 15 6.1"" 6GB 128GB Negro",4799.0,2649.0,Plaza Vea,True,https://www.promart.pe/iphone-15-6-1--6gb-128gb-negro-1000700525/p
Promart,Smartphones,APPLE,Apple Iphone 15 128Gb Chip Fisico Black,5099.0,2829.0,Moviles Eirl,True,https://www.promart.pe/apple-iphone-15-128gb-chip-fisico-black-1000697391/p
Promart,Smartphones,APPLE,Apple Iphone 15 128Gb Chip Fisico Blue,5099.0,2829.0,Moviles Eirl,True,https://www.promart.pe/apple-iphone-15-128gb-chip-fisico-blue-1000697390/p
Promart,Smartphones,MOTOROLA,Celular Motorola Moto Edge 50 Fusion 8GB+256GB Azul + Moto Buds,1599.0,1599.0,Oechsle,True,https://www.promart.pe/celular-motorola-moto-edge-50-fusion-8gb-256gb-azul---moto-buds-1000695774/p
Promart,Smartphones,MOTOROLA,Celular Motorola Moto G04S 4+128GB Verde Aurora,479.0,479.0,Oechsle,True,https://www.promart.pe/celular-motorola-moto-g04s-4-128gb-verde-aurora-1000695770/p
Promart,Smartphones,MOTOROLA,Celular Motorola Moto G04S 4+128GB Negro Cosmico,479.0,479.0,Oechsle,True,https://www.promart.pe/celular-motorola-moto-g04s-4-128gb-negro-cosmico-1000695769/p
Promart,Smartphones,XIAOMI,"Celular Xiaomi Poco C65, 6gb Ram 128gb Rom",996.0,739.0,MULTI OFERTAS PILLACA'S S.A.C,True,https://www.promart.pe/celular-xiaomi-poco-c65-6gb-ram-128gb-rom-1000556958/p
Promart,Smartphones,XIAOMI,Redmi A3 3gb Ram 64gb Rom Eu Midnight Black,769.0,569.0,MULTI OFERTAS PILLACA'S S.A.C,True,https://www.promart.pe/redmi-a3-3gb-ram-64gb-rom-eu-midnight-black-1000543116/p
Promart,Smartphones,SAMSUNG,Celular Samsung Galaxy A05 ROM 64GB RAM 4GB Camara 50MP SM-A055M,599.0,449.0,Renation  Yurico EIRL,True,https://www.promart.pe/celular-samsung-galaxy-a05-rom-64gb-ram-4gb-camara-50mp-sm-a055m-1000507100/p
Promart,Smartphones,APPLE,IPHONE 15 128GB CHIP FISICO - NEGRO,4399.0,2699.0,Fox Móviles SAC,True,https://www.promart.pe/iphone-15-128gb-chip-fisico-negro-1000503524/p
Promart,Smartphones,APPLE,Apple Iphone 15 128Gb Chip Fisico Negro,5099.0,2709.0,Telcelperu,True,https://www.promart.pe/apple-iphone-15-128gb-chip-fisico-negro-1000501313/p
Promart,Smartphones,APPLE,Apple Iphone 15 128Gb Chip Fisico Blue,5099.0,2709.0,Telcelperu,True,https://www.promart.pe/apple-iphone-15-128gb-chip-fisico-blue-1000501312/p
Promart,Smartphones,APPLE,iPhone 15 128GB Negro,4199.0,2999.0,Oechsle,True,https://www.promart.pe/apple-iphone-15-6-1--128gb-negro-1000497272/p
Promart,Smartphones,APPLE,iPhone 14 128GB Rojo,4999.0,2999.0,Oechsle,True,https://www.promart.pe/apple-iphone-14-6-1--128gb-rojo-1000478717/p
Promart,Smartphones,APPLE,iPhone 14 128GB Blanco,4999.0,3099.0,Oechsle,True,https://www.promart.pe/apple-iphone-14-6-1--128gb-blanco-estelar-1000478716/p
Promart,Smartphones,XIAOMI,"Celular Xiaomi Note 12 4GB+128GB, cámara 50MP + 8MP + 2MP, 6.67? AMOLED 120Hz, AZUL",1299.0,1299.0,HolaPlaza,True,https://www.promart.pe/celular-xiaomi-note-12-4gb-128gb-camara-50mp-8mp-2mp-6-67-amoled-120hz-azul-1000371381/p
Promart,Smartphones,MOTOROLA,"Smartphone MOTOROLA G31 6.4"" 4GB 128GB 50MP+8MP+2MP Gris",849.0,849.0,Plaza Vea,True,https://www.promart.pe/smartphone-motorola-g31-6-4--4gb-128gb-50mp-8mp-2mp-gris-1000321788/p
Promart,Smartphones,HONOR,Celular HONOR X6s 4GB RAM 128GB Plata,1500.0,1500.0,HolaPlaza,True,https://www.promart.pe/celular-honor-x6s-4gb-ram-12gb-plata-10096345/p
Promart,Smartphones,HONOR,Celular HONOR X6 4GB RAM 64GB Azul,1200.0,1200.0,HolaPlaza,True,https://www.promart.pe/celular-honor-x6-4gb-ram-64gb-azul-10096332/p
Promart,Tablets,SAMSUNG,Tablet Samsung Galaxy Tab S10 FE 10.9  Pulgadas  128GB 8GB RAM Gray Más S Pen,2599.0,1999.0,Ofertec,True,https://www.promart.pe/tablet-samsung-galaxy-tab-s10-fe-10-9--pulgadas--128gb-8gb-ram-gray-mas-s-pen-1001601466/p
Promart,Tablets,XIAOMI,Tablet Redmi Pad 2 128GB 4GB RAM 8MP Silver,899.0,499.0,CARSA,True,https://www.promart.pe/tablet-redmi-pad-2-128gb-4gb-ram-8mp-silver-1001593651/p
Promart,Tablets,SAMSUNG,TABLET SAMSUNG GALAXY TAB S10 LITE WIFI 6GB RAM 128GB ROM - GRAY,2499.0,1249.0,RP INVERSIONES,True,https://www.promart.pe/tablet-samsung-galaxy-tab-s10-lite-wifi-6gb-ram-128gb-rom---gray-1001593634/p
Promart,Tablets,SAMSUNG,TABLET SAMSUNG GALAXY TAB S10 LITE WIFI 6GB RAM 128GB ROM - GRAY,2499.0,1249.0,D´TEEC-TECNOLOGÍA ELECTRO,True,https://www.promart.pe/tablet-samsung-galaxy-tab-s10-lite-wifi-6gb-ram-128gb-rom---gray-1001583432/p
Promart,Tablets,APPLE,Tablet Apple iPad A16 11'' 128GB WIFI + Cellular Yellow,3199.0,2999.0,GTECH X,True,https://www.promart.pe/tablet-apple-ipad-a16-11---128gb-wifi---cellular-yellow-1001583393/p
Promart,Tablets,SAMSUNG,TABLET SAMSUNG GALAXY TAB S10 LITE WIFI 6GB RAM 128GB ROM - GRAY,2499.0,1249.0,IMPORT CASO E.I.R.L.,True,https://www.promart.pe/tablet-samsung-galaxy-tab-s10-lite-wifi-6gb-ram-128gb-rom---gray-1001583321/p
Promart,Tablets,APPLE,"iPad Air M4 Wi-Fi MH3A4LL/A 11"" 512GB 12GB SpaceGray",4852.0,4493.0,Celulares Peru Smart,True,https://www.promart.pe/ipad-air-m4-wi-fi-mh3a4ll-a-11--512gb-12gb-spacegray-1001582002/p
Promart,Tablets,SAMSUNG,Tablet Samsung Tab S10 FE 10.9 128GB 8GB Silver,2088.0,1933.0,Celulares Peru Smart,True,https://www.promart.pe/tablet-samsung-tab-s10-fe-10-9-128gb-8gb-silver-1001581996/p
Promart,Tablets,XIAOMI,"Tablet Xiaomi Redmi Pad 2 Pro 12.1"" 128GB 6GB Silver",1412.0,1307.0,Celulares Peru Smart,True,https://www.promart.pe/tablet-xiaomi-redmi-pad-2-pro-12-1--128gb-6gb-silver-1001581803/p
Promart,Tablets,HONOR,"Tablet Honor Pad X9a LTE 11.5"" 128GB 8GB SpaceGray",1269.0,1175.0,Celulares Peru Smart,True,https://www.promart.pe/tablet-honor-pad-x9a-lte-11-5--128gb-8gb-spacegray-1001581773/p
Promart,Tablets,SAMSUNG,Tablet Samsung Galaxy Tab S10 FE Plus SM-X620 13.1  WiFi 12GB 256GB S-Pen Silver,3599.0,2899.0,VEGA SAC,True,https://www.promart.pe/tablet-samsung-galaxy-tab-s10-fe-plus-sm-x620-13-1--wifi-12gb-256gb-s-pen-silver-1001578653/p
Promart,Tablets,XIAOMI,Tablet Xiaomi Redmi Pad 2 4gb 128gb Plata 9.7,899.0,619.0,STARK COMPUTER,True,https://www.promart.pe/tablet-xiaomi-redmi-pad-2-4gb-128gb-plata-9-7-1001577961/p
Promart,Tablets,XIAOMI,Tablet Xiaomi Redmi Pad 2 4gb 128gb Gris 9.7,899.0,619.0,STARK COMPUTER,True,https://www.promart.pe/tablet-xiaomi-redmi-pad-2-4gb-128gb-gris-9-7-1001577871/p
Promart,Tablets,HONOR,Tablet HONOR Pad X8b WiFi 4GB RAM - 128GB Gray,899.0,749.0,Mi Tienda,True,https://www.promart.pe/tablet-honor-pad-x8b-wifi-4gb-ram---128gb-gray-1001576321/p
Promart,Tablets,APPLE,iPad Air 11'' 256GB Chip M4 WiFi Space Black,4999.0,3999.0,GTECH X,True,https://www.promart.pe/ipad-air-11---256gb-chip-m4-wifi-space-black-1001574858/p
Promart,Tablets,APPLE,iPad Air 11''  256GB Chip M4 WiFi Blue,3999.0,3499.0,GTECH X,True,https://www.promart.pe/ipad-air-11----256gb-chip-m4-wifi-blue-1001574641/p
Promart,Tablets,APPLE,iPad Air 11 Pulgadas M4 128 GB WiFi SpaceGray Smart Keyboard  Compatible y Pencil Pro y mica,3999.0,3999.0,MIXELLExpress,True,https://www.promart.pe/ipad-air-11-pulgadas-m4-128-gb-wifi-spacegray-smart-keyboard--compatible-y-pencil-pro-y-mica--1001574482/p
Promart,Tablets,APPLE,iPad Air 11 Pulgadas M4 128 GB WiFi SpaceGray Smart Keyboard  Compatible y Pencil Pro,3999.0,3999.0,MIXELLExpress,True,https://www.promart.pe/ipad-air-11-pulgadas-m4-128-gb-wifi-spacegray-smart-keyboard--compatible-y-pencil-pro--1001574446/p
Promart,Tablets,APPLE,iPad Pro 11 Pulgadas M5 256GB WiFi SpaceBlack con Case Protector y mica,6499.0,6499.0,MIXELLExpress,True,https://www.promart.pe/ipad-pro-11-pulgadas-m5-256gb-wifi-spaceblack-con-case-protector-y-mica---1001574433/p
Promart,Tablets,APPLE,iPad Air 11 Pulgadas Chip M4 128 GB Wi-Fi iPad OS SpaceGray con Smart Keyboard Compatible,3499.0,3499.0,MIXELLExpress,True,https://www.promart.pe/ipad-air-11-pulgadas-chip-m4-128-gb-wi-fi-ipad-os-spacegray-con-smart-keyboard-compatible---1001574430/p
Promart,Tablets,APPLE,iPad Air 11 Pulgadas Chip M4 128 GB Wi-Fi iPad OS SpaceGray con Smart Keyboard Compatible y mica,3499.0,3499.0,MIXELLExpress,True,https://www.promart.pe/ipad-air-11-pulgadas-chip-m4-128-gb-wi-fi-ipad-os-spacegray-con-smart-keyboard-compatible-y-mica--1001574424/p
Promart,Tablets,APPLE,iPad Air 11 Pulgadas Chip M4 128 GB Wi-Fi iPad OS SpaceGray con Pencil Universal,3499.0,3499.0,MIXELLExpress,True,https://www.promart.pe/ipad-air-11-pulgadas-chip-m4-128-gb-wi-fi-ipad-os-spacegray-con-pencil-universal--1001574422/p
Promart,Tablets,APPLE,iPad Pro 11 Pulgadas M5 256GB WiFi SpaceBlack con Pencil Pro,6499.0,6499.0,MIXELLExpress,True,https://www.promart.pe/ipad-pro-11-pulgadas-m5-256gb-wifi-spaceblack-con-pencil-pro--1001574409/p
Promart,Tablets,APPLE,iPad Air 11 Pulgadas M4 128 GB Wi-Fi SpaceGray con Smart Keyboard Compatible y Pencil Alternativo,3499.0,3499.0,MIXELLExpress,True,https://www.promart.pe/ipad-air-11-pulgadas-m4-128-gb-wi-fi-spacegray-con-smart-keyboard-compatible-y-pencil-alternativo--1001574407/p
Promart,Tablets,APPLE,iPad Air 11 Pulgadas Chip M4 128 GB Wi-Fi iPad OS Purple,3999.0,3999.0,MIXELLExpress,True,https://www.promart.pe/ipad-air-11-pulgadas-chip-m4-128-gb-wi-fi-ipad-os-purple----1001574389/p
Promart,Tablets,APPLE,iPad Air 11 Pulgadas Chip M4 128 GB Wi-Fi iPad OS Blue,3499.0,3499.0,MIXELLExpress,True,https://www.promart.pe/ipad-air-11-pulgadas-chip-m4-128-gb-wi-fi-ipad-os-blue--1001574386/p
Promart,Tablets,APPLE,iPad Air 11 Chip M4 128GB Wi-Fi iPadOS Space Gray - Mica de Vidrio Templado,3499.0,3499.0,MIXELLExpress,True,https://www.promart.pe/ipad-air-11-chip-m4-128gb-wi-fi-ipados-space-gray---mica-de-vidrio-templado--1001574374/p
Promart,Tablets,APPLE,iPad Air 11 Pulgadas Chip M4 128 GB Wi-Fi iPad OS Spacegray - Funda Protectora,3499.0,3499.0,MIXELLExpress,True,https://www.promart.pe/ipad-air-11-pulgadas-chip-m4-128-gb-wi-fi-ipad-os-spacegray---funda-protectora--1001574372/p
Promart,Tablets,APPLE,iPad Air 11 Pulgadas Chip M4 128 GB Wi-Fi iPad OS Starlight,3499.0,3499.0,MIXELLExpress,True,https://www.promart.pe/ipad-air-11-pulgadas-chip-m4-128-gb-wi-fi-ipad-os-starlight--1001574359/p
Promart,Tablets,APPLE,Pad Air 11 Pulgadas Chip M4 128 GB Wi-Fi iPad OS Spacegray,3499.0,3499.0,MIXELLExpress,True,https://www.promart.pe/pad-air-11-pulgadas-chip-m4-128-gb-wi-fi-ipad-os-spacegray--1001574356/p
Promart,Tablets,APPLE,Apple iPad Air 11 M4 Wi-Fi 128GB Space Gray - Apple Pencil Pro,4099.0,4099.0,MIXELLExpress,True,https://www.promart.pe/apple-ipad-air-11-m4-wi-fi-128gb-space-gray---apple-pencil-pro--1001574351/p
Promart,Tablets,APPLE,iPad Air 11 Pulgadas Chip M4 128 GB Wi-Fi iPad OS Blue con Pencil Pro,3999.0,3999.0,MIXELLExpress,True,https://www.promart.pe/ipad-air-11-pulgadas-chip-m4-128-gb-wi-fi-ipad-os-blue-con-pencil-pro--1001574334/p
Promart,Tablets,APPLE,iPad Air 11 Pulgadas Chip M4 128 GB Wi-Fi iPad OS Spacegray con case protector y mica,3499.0,3499.0,MIXELLExpress,True,https://www.promart.pe/ipad-air-11-pulgadas-chip-m4-128-gb-wi-fi-ipad-os-spacegray-con-case-protector-y-mica--1001574331/p
Promart,Tablets,APPLE,iPad Air 11 Pulgadas Chip M4 128 GB Wi-Fi iPad OS SpaceGray con mica,3499.0,3499.0,MIXELLExpress,True,https://www.promart.pe/ipad-air-11-pulgadas-chip-m4-128-gb-wi-fi-ipad-os-spacegray-con-mica--1001574330/p
Promart,Tablets,APPLE,iPad Air 11 WiFi 128GB Blue,3499.0,3299.0,Oechsle,True,https://www.promart.pe/ipad-air-11-wifi-128gb-blue-1001572342/p
Promart,Tablets,SAMSUNG,Tablet Samsung Galaxy Tab S10 Lite 6GB 128G - Gray,1499.0,1199.0,STARK COMPUTER,True,https://www.promart.pe/tablet-samsung-galaxy-tab-s10-lite-6gb-128g---gray0-9-1001569579/p
Promart,Tablets,APPLE,Apple Ipad Pro 11 Chip M5 256Gb Wifi Space Black con Mica Hidrogel,5799.0,4999.0,M&M CELULARES,True,https://www.promart.pe/apple-ipad-pro-11-chip-m5-256gb-wifi-space-black-con-mica-hidrogel-1001569057/p
Promart,Tablets,APPLE,Ipad Pro 11 M5 256Gb Wifi Space Black con Mica Hidrogel,5799.0,4999.0,TECH HUB,True,https://www.promart.pe/ipad-pro-11-m5-256gb-wifi-space-black-con-mica-hidrogel-1001567491/p
Promart,Tablets,XIAOMI,TABLET XIAOMI PAD 2 9.7 P. 4GB 128GB PLATEADO,1209.0,639.0,MILLENNIALS MOBILE,True,https://www.promart.pe/tablet-xiaomi-pad-2-9-7-p-4gb-128gb-plateado-1001566079/p
Promart,Tablets,XIAOMI,TABLET XIAOMI PAD 2 9.7 P. 4GB 128GB GRIS,1209.0,639.0,MILLENNIALS MOBILE,True,https://www.promart.pe/tablet-xiaomi-pad-2-9-7-p-4gb-128gb-gris-1001566060/p
Promart,Tablets,SAMSUNG,"Tablet Samsung S10 FE 10.9"" 256GB 12GB Gris",2527.0,2340.0,Celulares Peru Smart,True,https://www.promart.pe/tablet-samsung-s10-fe-10-9-256gb-12gb-gris-1001563568/p
Promart,Tablets,APPLE,iPad Pro M5 13 256GB Wifi Space Black,5999.0,5229.0,BLOOMY PARFUM,True,https://www.promart.pe/ipad-pro-m5-13-256gb-wifi-space-black-1001563563/p
Promart,Tablets,XIAOMI,Tablet Xiaomi Redmi Pad 2 9.7 2K WiFi 4GB 128GB HyperOS 3.0 con Android 16 Gris oscuro,799.0,649.0,VEGA SAC,True,https://www.promart.pe/tablet-xiaomi-redmi-pad-2-9-7-2k-wifi-4gb-128gb-hyperos-3-0-con-android-16-gris-oscuro-1001563287/p
Promart,Tablets,XIAOMI,Tablet Xiaomi Redmi Pad 2 9.7 2K WiFi 4GB 128GB HyperOS 3.0 con Android 16 Silver,799.0,649.0,VEGA SAC,True,https://www.promart.pe/tablet-xiaomi-redmi-pad-2-9-7-2k-wifi-4gb-128gb-hyperos-3-0-con-android-16-silver-1001563286/p
Promart,Tablets,SAMSUNG,"Tablet Samsung Galaxy Tab A11 8.7"" 64GB 4GB Ram Color Gris",799.0,799.0,INFOTECSHOP,True,https://www.promart.pe/tablet-samsung-galaxy-tab-a11-8-7-64gb-4gb-ram-color-gris-1001541103/p
Promart,Tablets,XIAOMI,"Tablet Xiaomi Redmi Pad 2 11"" 128GB 4GB RAM Color Gris",1099.0,699.0,INFOTECSHOP,True,https://www.promart.pe/tablet-xiaomi-redmi-pad-2-11-128gb-4gb-ram-color-gris-1001541088/p
Promart,Tablets,APPLE,Apple Ipad AIR 11 M4 2026 MH304CL A 11 M4 WIFI 12GB 128GB Gris Espacial,3499.0,2999.0,VEGA SAC,True,https://www.promart.pe/apple-ipad-air-11-m4-2026-mh304cl-a-11-m4-wifi-12gb-128gb-gris-espacial-1001536010/p
Promart,Tablets,SAMSUNG,TABLET SAMSUNG GALAXY TAB A11 8.7 64GB,899.0,459.0,ELECTRODOMESTICOS GALEXA,True,https://www.promart.pe/tablet-samsung-galaxy-tab-a11-8-7-64gb-1001535774/p
Promart,Tablets,HONOR,Tablet Honor Pad X8B 4Gb + 128Gb Grey,799.0,729.0,Oechsle,True,https://www.promart.pe/tablet-honor-pad-x8b-4gb---128gb-grey-1001534899/p
Promart,Tablets,XIAOMI,Tablet Xiaomi Redmi Pad 2 Pro 12.1 2.5K WiFi 6GB 128GB HyperOS 2.0 con Android 15 Gris oscuro,1599.0,1199.0,VEGA SAC,True,https://www.promart.pe/tablet-xiaomi-redmi-pad-2-pro-12-1-2-5k-wifi-6gb-128gb-hyperos-2-0-con-android-15-gris-oscuro-1001531946/p
Promart,Tablets,APPLE,iPad Air 11 Pulgadas Chip M4 128 GB Wi-Fi iPad OS Blue con Smart Keyboard Compatible y mica,3499.0,3499.0,MIXELL,True,https://www.promart.pe/ipad-air-11-pulgadas-chip-m4-128-gb-wi-fi-ipad-os-blue-con-smart-keyboard-compatible-y-mica-1001527986/p
Promart,Tablets,APPLE,iPad Pro 11 Pulgadas M5 256GB WiFi SpaceBlack con Case Transparente,6499.0,6499.0,MIXELL,True,https://www.promart.pe/ipad-pro-11-pulgadas-m5-256gb-wifi-spaceblack-con-case-transparente-1001527985/p
Promart,Tablets,APPLE,iPad Air 11 Pulgadas M4 128 GB WiFi SpaceGray Smart Keyboard Compatible y Pencil Pro y mica,3999.0,3999.0,MIXELL,True,https://www.promart.pe/ipad-air-11-pulgadas-m4-128-gb-wifi-spacegray-smart-keyboard-compatible-y-pencil-pro-y-mica-1001527984/p
Promart,Tablets,APPLE,iPad Air 11 Pulgadas Chip M4 128 GB Wi-Fi iPad OS SpaceGray con Pencil Universal,3499.0,3499.0,MIXELL,True,https://www.promart.pe/ipad-air-11-pulgadas-chip-m4-128-gb-wi-fi-ipad-os-spacegray-con-pencil-universal-1001527982/p
Promart,Tablets,APPLE,iPad Pro 11 Pulgadas M5 256GB WiFi Silver con Smart Keyboard Compatible y Pencil Pro,6499.0,6499.0,MIXELL,True,https://www.promart.pe/ipad-pro-11-pulgadas-m5-256gb-wifi-silver-con-smart-keyboard-compatible-y-pencil-pro-1001527981/p
Promart,Tablets,APPLE,iPad Air 11 Pulgadas M4 128 GB Wi-Fi SpaceGray con Smart Keyboard Compatible y Pencil Alternativo,3499.0,3499.0,MIXELL,True,https://www.promart.pe/ipad-air-11-pulgadas-m4-128-gb-wi-fi-spacegray-con-smart-keyboard-compatible-y-pencil-alternativo-1001527980/p
Promart,Tablets,APPLE,iPad Pro 11 Pulgadas M5 256GB WiFi SpaceBlack con Smart Keyboard Compatible y Pencil Pro,6499.0,6499.0,MIXELL,True,https://www.promart.pe/ipad-pro-11-pulgadas-m5-256gb-wifi-spaceblack-con-smart-keyboard-compatible-y-pencil-pro-1001527977/p
Promart,Tablets,APPLE,iPad Air 11 Pulgadas Chip M4 128 GB Wi-Fi iPad OS Blue con Pencil Universal,3499.0,3499.0,MIXELL,True,https://www.promart.pe/ipad-air-11-pulgadas-chip-m4-128-gb-wi-fi-ipad-os-blue-con-pencil-universal-1001527975/p
Promart,Tablets,APPLE,iPad Pro 11 Pulgadas M5 256GB WiFi Silver con Mica,6499.0,6499.0,MIXELL,True,https://www.promart.pe/ipad-pro-11-pulgadas-m5-256gb-wifi-silver-con-mica-1001527973/p
Promart,Tablets,APPLE,iPad Pro 11 Pulgadas M5 256GB WiFi SpaceBlack con Mica,6499.0,6499.0,MIXELL,True,https://www.promart.pe/ipad-pro-11-pulgadas-m5-256gb-wifi-spaceblack-con-mica-1001527964/p
Promart,Tablets,APPLE,iPad Pro 11 Pulgadas M5 256GB WiFi Silver con Smart Keyboard Compatible,6499.0,6499.0,MIXELL,True,https://www.promart.pe/ipad-pro-11-pulgadas-m5-256gb-wifi-silver-con-smart-keyboard-compatible-1001527954/p
Promart,Tablets,APPLE,iPad Air 11 Pulgadas Chip M4 128 GB Wi-Fi iPad OS Blue con Smart Keyboard Compatible,3499.0,3499.0,MIXELL,True,https://www.promart.pe/ipad-air-11-pulgadas-chip-m4-128-gb-wi-fi-ipad-os-blue-con-smart-keyboard-compatible-1001527952/p
Promart,Tablets,APPLE,iPad Air 11 Pulgadas M4 128 GB WiFi Blue Smart Keyboard Compatible y Pencil Alternativo y mica,3499.0,3499.0,MIXELL,True,https://www.promart.pe/ipad-air-11-pulgadas-m4-128-gb-wifi-blue-smart-keyboard-compatible-y-pencil-alternativo-y-mica-1001527947/p
Promart,Tablets,APPLE,iPad Pro 11 Pulgadas M5 256GB WiFi Silver con Pencil Universal,6499.0,6499.0,MIXELL,True,https://www.promart.pe/ipad-pro-11-pulgadas-m5-256gb-wifi-silver-con-pencil-universal-1001527946/p
Promart,Tablets,APPLE,iPad Air 11 Pulgadas Chip M4 128 GB Wi-Fi iPad OS SpaceGray con Smart Keyboard Compatible y mica,3499.0,3499.0,MIXELL,True,https://www.promart.pe/ipad-air-11-pulgadas-chip-m4-128-gb-wi-fi-ipad-os-spacegray-con-smart-keyboard-compatible-y-mica-1001527940/p
Promart,Tablets,APPLE,iPad Air 11 Pulgadas M4 128 GB WiFi Blue Smart Keyboard Compatible y Pencil Pro y mica,3999.0,3999.0,MIXELL,True,https://www.promart.pe/ipad-air-11-pulgadas-m4-128-gb-wifi-blue-smart-keyboard-compatible-y-pencil-pro-y-mica-1001527937/p
Promart,Tablets,APPLE,iPad Pro 11 Pulgadas M5 256GB WiFi Silver con Smart Keyboard Compatible y Mica,6499.0,6499.0,MIXELL,True,https://www.promart.pe/ipad-pro-11-pulgadas-m5-256gb-wifi-silver-con-smart-keyboard-compatible-y-mica-1001527936/p
Promart,Tablets,APPLE,iPad Pro 11 Pulgadas M5 256GB WiFi Silver con Smart Keyboard Compatible y Pencil Universal,6499.0,6499.0,MIXELL,True,https://www.promart.pe/ipad-pro-11-pulgadas-m5-256gb-wifi-silver-con-smart-keyboard-compatible-y-pencil-universal-1001527922/p
Promart,Tablets,APPLE,iPad Pro 11 Pulgadas M5 256GB WiFi SpaceBlack con Pencil Universal,6499.0,6499.0,MIXELL,True,https://www.promart.pe/ipad-pro-11-pulgadas-m5-256gb-wifi-spaceblack-con-pencil-universal-1001527917/p
Promart,Tablets,APPLE,iPad Pro 11 Pulgadas M5 256GB WiFi Silver con Case Transparente y mica,6499.0,6499.0,MIXELL,True,https://www.promart.pe/ipad-pro-11-pulgadas-m5-256gb-wifi-silver-con-case-transparente-y-mica-1001527915/p
Promart,Tablets,APPLE,iPad Pro 11 Pulgadas M5 256GB WiFi Silver con Smart Keyboard Compatible y Pencil Pro y Mica,6499.0,6499.0,MIXELL,True,https://www.promart.pe/ipad-pro-11-pulgadas-m5-256gb-wifi-silver-con-smart-keyboard-compatible-y-pencil-pro-y-mica-1001527907/p
Promart,Tablets,APPLE,iPad Pro 11 Pulgadas M5 256GB WiFi Silver con Case Transparente,6499.0,6499.0,MIXELL,True,https://www.promart.pe/ipad-pro-11-pulgadas-m5-256gb-wifi-silver-con-case-transparente-1001527904/p
Promart,Tablets,APPLE,iPad Pro 11 Pulgadas M5 256GB WiFi SpaceBlack con Pencil Pro,6499.0,6499.0,MIXELL,True,https://www.promart.pe/ipad-pro-11-pulgadas-m5-256gb-wifi-spaceblack-con-pencil-pro-1001527902/p
Promart,Tablets,APPLE,iPad Air 11 Pulgadas M4 128 GB WiFi SpaceGray Smart Keyboard Compatible y Pencil Alternativo y mica,3499.0,3499.0,MIXELL,True,https://www.promart.pe/ipad-air-11-pulgadas-m4-128-gb-wifi-spacegray-smart-keyboard-compatible-y-pencil-alternativo-y-mica-1001527899/p
Promart,Tablets,APPLE,iPad Pro 11 Pulgadas M5 256GB WiFi Silver con Smart Keyboard Compatible y Pencil Universal y Mica,6499.0,6499.0,MIXELL,True,https://www.promart.pe/ipad-pro-11-pulgadas-m5-256gb-wifi-silver-con-smart-keyboard-compatible-y-pencil-universal-y-mica-1001527898/p
Promart,Tablets,APPLE,iPad Air 11 Pulgadas M4 128 GB WiFi Blue Smart Keyboard Compatible y Pencil Pro,3999.0,3999.0,MIXELL,True,https://www.promart.pe/ipad-air-11-pulgadas-m4-128-gb-wifi-blue-smart-keyboard-compatible-y-pencil-pro-1001527897/p
Promart,Tablets,APPLE,iPad Pro 11 Pulgadas M5 256GB WiFi Silver con Pencil Pro,6499.0,6499.0,MIXELL,True,https://www.promart.pe/ipad-pro-11-pulgadas-m5-256gb-wifi-silver-con-pencil-pro-1001527896/p
Promart,Tablets,APPLE,iPad Pro 11 Pulgadas M5 256GB WiFi SpaceBlack con Smart Keyboard Compatible y Mica,6499.0,6499.0,MIXELL,True,https://www.promart.pe/ipad-pro-11-pulgadas-m5-256gb-wifi-spaceblack-con-smart-keyboard-compatible-y-mica-1001527894/p
Promart,Tablets,APPLE,iPad Pro 11 Pulgadas M5 256GB WiFi SpaceBlack con Smart Keyboard y Pencil Universal y Mica,6499.0,6499.0,MIXELL,True,https://www.promart.pe/ipad-pro-11-pulgadas-m5-256gb-wifi-spaceblack-con-smart-keyboard-y-pencil-universal-y-mica-1001527892/p
Promart,Tablets,APPLE,iPad Pro 11 Pulgadas M5 256GB WiFi SpaceBlack y Case Protector,6199.0,6199.0,MIXELL,True,https://www.promart.pe/ipad-pro-11-pulgadas-m5-256gb-wifi-spaceblack-y-case-protector-1001527883/p
Promart,Tablets,APPLE,iPad Pro 11 Pulgadas M5 256GB WiFi SpaceBlack con Smart Keyboard Compatible,6499.0,6499.0,MIXELL,True,https://www.promart.pe/ipad-pro-11-pulgadas-m5-256gb-wifi-spaceblack-con-smart-keyboard-compatible-1001527867/p
Promart,Tablets,APPLE,iPad Pro 11 Pulgadas M5 256GB WiFi SpaceBlack con Smart Keyboard Compatible y Pencil Universal,6499.0,6499.0,MIXELL,True,https://www.promart.pe/ipad-pro-11-pulgadas-m5-256gb-wifi-spaceblack-con-smart-keyboard-compatible-y-pencil-universal-1001527859/p
Promart,Tablets,APPLE,iPad Pro 11 Pulgadas M5 256GB WiFi SpaceBlack con Case Protector y mica,6499.0,6499.0,MIXELL,True,https://www.promart.pe/ipad-pro-11-pulgadas-m5-256gb-wifi-spaceblack-con-case-protector-y-mica-1001527856/p
Promart,Tablets,APPLE,iPad Air 11 Pulgadas M4 128 GB WiFi SpaceGray Smart Keyboard Compatible y Pencil Pro,3999.0,3999.0,MIXELL,True,https://www.promart.pe/ipad-air-11-pulgadas-m4-128-gb-wifi-spacegray-smart-keyboard-compatible-y-pencil-pro-1001527855/p
Promart,Tablets,APPLE,iPad Pro 11 Pulgadas M5 256GB WiFi SpaceBlack con Smart Keyboard Compatible y Pencil Pro y Mica,6499.0,6499.0,MIXELL,True,https://www.promart.pe/ipad-pro-11-pulgadas-m5-256gb-wifi-spaceblack-con-smart-keyboard-compatible-y-pencil-pro-y-mica-1001527852/p
Promart,Tablets,APPLE,iPad Pro 11 Pulgadas M5 256GB WiFi SpaceBlack con Case transparente y Mica,6499.0,6499.0,MIXELL,True,https://www.promart.pe/ipad-pro-11-pulgadas-m5-256gb-wifi-spaceblack-con-case-transparente-y-mica-1001527842/p
Promart,Tablets,APPLE,iPad Pro 11 Pulgadas M5 256GB WiFi Silver Case Protector y mica,6699.0,6699.0,MIXELL,True,https://www.promart.pe/ipad-pro-11-pulgadas-m5-256gb-wifi-silver-case-protector-y-mica-1001527831/p
Promart,Tablets,APPLE,iPad Air 11 Pulgadas Chip M4 128 GB Wi-Fi iPad OS SpaceGray con Smart Keyboard Compatible,3499.0,3499.0,MIXELL,True,https://www.promart.pe/ipad-air-11-pulgadas-chip-m4-128-gb-wi-fi-ipad-os-spacegray-con-smart-keyboard-compatible-1001527830/p
Promart,Tablets,APPLE,iPad Air 11 Pulgadas M4 128 GB Wi-Fi iPad OS Blue con Smart Keyboard Compatible y Pencil Alternativo,3499.0,3499.0,MIXELL,True,https://www.promart.pe/ipad-air-11-pulgadas-m4-128-gb-wi-fi-ipad-os-blue-con-smart-keyboard-compatible-y-pencil-alternativo-1001527825/p
Promart,Tablets,APPLE,"iPad Air 11"" Chip M4 128GB WiFi Blue + Apple Pencil Pro",4299.0,3549.0,GTECH X,True,https://www.promart.pe/ipad-air-11-chip-m4-128gb-wifi-blue-apple-pencil-pro-1001527736/p
Promart,Tablets,APPLE,"iPad Air 11"" Chip M4 128GB WiFi Starlight + Apple Pencil Pro",4299.0,3549.0,GTECH X,True,https://www.promart.pe/ipad-air-11-chip-m4-128gb-wifi-starlight-apple-pencil-pro-1001527731/p
Promart,Tablets,APPLE,"iPad Air 11"" Chip M4 128GB WiFi Blue + Apple Pencil USB-C",3899.0,3449.0,GTECH X,True,https://www.promart.pe/ipad-air-11-chip-m4-128gb-wifi-blue-apple-pencil-usb-c-1001527729/p
Promart,Tablets,APPLE,"iPad Air 11"" Chip M4 128GB WiFi Purple + Apple Pencil Pro",4299.0,3549.0,GTECH X,True,https://www.promart.pe/ipad-air-11-chip-m4-128gb-wifi-purple-apple-pencil-pro-1001527720/p
Promart,Tablets,APPLE,Tablets Apple iPad Pro 13'' M5 256GB WiFi & Cell Space Black,6099.0,5499.0,GTECH X,True,https://www.promart.pe/tablets-apple-ipad-pro-13-m5-256gb-wifi-cell-space-black-1001527719/p
Promart,Tablets,APPLE,"iPad Air 11"" Chip M4 128GB WiFi Space Gray + Apple Pencil Pro",4299.0,3549.0,GTECH X,True,https://www.promart.pe/ipad-air-11-chip-m4-128gb-wifi-space-gray-apple-pencil-pro-1001527718/p
Promart,Tablets,APPLE,"iPad Air 11"" Chip M4 128GB WiFi Purple + Apple Pencil USB-C",3899.0,3449.0,GTECH X,True,https://www.promart.pe/ipad-air-11-chip-m4-128gb-wifi-purple-apple-pencil-usb-c-1001527716/p
Promart,Tablets,APPLE,"iPad Air 11"" Chip M4 128GB WiFi Starlight + Apple Pencil USB-C",3899.0,3449.0,GTECH X,True,https://www.promart.pe/ipad-air-11-chip-m4-128gb-wifi-starlight-apple-pencil-usb-c-1001527714/p
Promart,Tablets,APPLE,"iPad Air 11"" Chip M4 128GB WiFi Space Gray + Apple Pencil USB-C",3899.0,3449.0,GTECH X,True,https://www.promart.pe/ipad-air-11-chip-m4-128gb-wifi-space-gray-apple-pencil-usb-c-1001527712/p
Promart,Tablets,APPLE,iPad Air 11 Pulgadas Chip M4 128 GB Wi-Fi iPad OS Blue y Case Protector,3499.0,3499.0,MIXELL,True,https://www.promart.pe/ipad-air-11-pulgadas-chip-m4-128-gb-wi-fi-ipad-os-blue-y-case-protector-1001527011/p
Promart,Tablets,APPLE,iPad Air 11 Pulgadas Chip M4 128 GB Wi-Fi iPad OS SpaceGray con mica,3499.0,3499.0,MIXELL,True,https://www.promart.pe/ipad-air-11-pulgadas-chip-m4-128-gb-wi-fi-ipad-os-spacegray-con-mica-1001526977/p
Promart,Tablets,APPLE,iPAD A16 - 11 PULGADAS - 128GB - SILVER,3599.0,1649.0,NEOSHOP IMPORTACIONES,True,https://www.promart.pe/ipad-a16-11-pulgadas-128gb-silver-1001526771/p
Promart,Tablets,APPLE,iPad Air 11 Pulgadas Chip M4 128 GB Wi-Fi iPad OS Blue con Pencil Pro,3999.0,3999.0,MIXELL,True,https://www.promart.pe/ipad-air-11-pulgadas-chip-m4-128-gb-wi-fi-ipad-os-blue-con-pencil-pro-1001526675/p
Promart,Tablets,APPLE,iPad Air 11 Pulgadas Chip M4 128 GB Wi-Fi iPad OS Blue con Case protector y mica,3499.0,3499.0,MIXELL,True,https://www.promart.pe/ipad-air-11-pulgadas-chip-m4-128-gb-wi-fi-ipad-os-blue-con-case-protector-y-mica-1001526541/p
Promart,Tablets,APPLE,iPad Air 11 Pulgadas Chip M4 128 GB Wi-Fi iPad OS Blue,3499.0,3499.0,MIXELL,True,https://www.promart.pe/ipad-air-11-pulgadas-chip-m4-128-gb-wi-fi-ipad-os-blue-1001526536/p
Promart,Tablets,APPLE,iPad Air 11 Pulgadas Chip M4 128 GB Wi-Fi iPad OS Spacegray con case protector y mica,3499.0,3499.0,MIXELL,True,https://www.promart.pe/ipad-air-11-pulgadas-chip-m4-128-gb-wi-fi-ipad-os-spacegray-con-case-protector-y-mica-1001526531/p
Promart,Tablets,APPLE,iPad Air 11 Pulgadas Chip M4 128 GB Wi-Fi iPad OS Blue con mica,3499.0,3499.0,MIXELL,True,https://www.promart.pe/ipad-air-11-pulgadas-chip-m4-128-gb-wi-fi-ipad-os-blue-con-mica-1001526528/p
Promart,Tablets,XIAOMI,"Tablet Redmi Pad 2 9.7"" Grap Gray 4GB RAM 128GB ROM",799.0,499.0,Oechsle,True,https://www.promart.pe/redmi-pad-2-9-7--grap-gray-4gb-ram-128gb-rom-1001525575/p
Promart,Tablets,APPLE,iPad Air 11 Chip M4 128GB Wi-Fi iPadOS Space Gray - Mica de Vidrio Templado,3499.0,3499.0,MIXELL,True,https://www.promart.pe/ipad-air-11-chip-m4-128gb-wi-fi-ipados-space-gray-mica-de-vidrio-templado-1001524920/p
Promart,Tablets,APPLE,iPad Air 11 Pulgadas Chip M4 128 GB Wi-Fi iPad OS Spacegray - Funda Protectora,3499.0,3499.0,MIXELL,True,https://www.promart.pe/ipad-air-11-pulgadas-chip-m4-128-gb-wi-fi-ipad-os-spacegray-funda-protectora-1001524917/p
Promart,Tablets,APPLE,iPad Air 11-inch M3 MCFY4LL/A Wifi+Cellular 11 128GB 8GB Purple,3405.0,3153.0,Celulares Peru Smart,True,https://www.promart.pe/ipad-air-11-inch-m3-mcfy4ll-a-wifi-cellular-11-128gb-8gb-purple-1001524846/p
Promart,Tablets,APPLE,iPad Pro 11 Pulgadas M5 256GB WiFi Silver,6999.0,6999.0,MIXELL,True,https://www.promart.pe/ipad-pro-11-pulgadas-m5-256gb-wifi-silver-1001524838/p
Promart,Tablets,APPLE,Apple iPad Air 11 M4 Wi-Fi 128GB Space Gray - Apple Pencil Pro,4099.0,4099.0,MIXELL,True,https://www.promart.pe/apple-ipad-air-11-m4-wi-fi-128gb-space-gray-apple-pencil-pro-1001524828/p
Promart,Tablets,APPLE,Pad Air 11 Pulgadas Chip M4 128 GB Wi-Fi iPad OS Spacegray,3499.0,3499.0,MIXELL,True,https://www.promart.pe/pad-air-11-pulgadas-chip-m4-128-gb-wi-fi-ipad-os-spacegray-1001524782/p
Promart,Tablets,APPLE,iPad Apple A16 11 pulgadas 128GB Wi-Fi Plateado,1699.0,1529.0,CARSA,True,https://www.promart.pe/ipad-apple-a16-11-pulgadas-128gb-wi-fi-plateado-1001522096/p
Promart,Tablets,APPLE,iPad Apple A16 11pulgadas 128GB Wi-Fi Azul,1618.0,1529.0,CARSA,True,https://www.promart.pe/ipad-apple-a16-11pulgadas-128gb-wi-fi-azul-1001514995/p
Promart,Tablets,XIAOMI,Tablet Xiaomi Redmi Pad 2 128GB 4GB RAM 8MP gris,899.0,499.0,CARSA,True,https://www.promart.pe/tablet-xiaomi-redmi-pad-2-128gb-4gb-ram-8mp-gris-1001514566/p
Promart,Tablets,APPLE,"iPad Mini A17 Pro 8.3"" 128GB 8GB Blue",2752.0,2548.0,Celulares Peru Smart,True,https://www.promart.pe/ipad-mini-a17-pro-8-3-128gb-8gb-blue-1001512886/p
Promart,Tablets,APPLE,"Ipad Air 11"" WIFI 8GB RAM 128GB Space Gray",3499.0,3299.0,Oechsle,True,https://www.promart.pe/ipad-air-11--wifi-8gb-ram-128gb-space-gray-1001511098/p
Promart,Tablets,SAMSUNG,"Samsung Galaxy Tab S9+ 12.4"" 512GB Tablet Multi-Touch - Snapdragon 8 Gen 2, 12GB RAM, IP68",5239.0,3609.0,ProSmart,True,https://www.promart.pe/samsung-galaxy-tab-s9-12-4-512gb-tablet-multi-touch-snapdragon-8-gen-2-12gb-ram-ip68-1001499359/p
Promart,Tablets,APPLE,"iPad Air 11"" Chip M4 128GB WiFi Purple",3699.0,2999.0,GTECH X,True,https://www.promart.pe/ipad-air-11-chip-m4-128gb-wifi-purple-1001497457/p
Promart,Tablets,APPLE,"iPad Air 11"" Chip M4 128GB WiFi Blue",3699.0,2999.0,GTECH X,True,https://www.promart.pe/ipad-air-11-chip-m4-128gb-wifi-blue-1001497455/p
Promart,Tablets,APPLE,"iPad Air 11"" Chip M4 128GB WiFi Space Black",3699.0,2999.0,GTECH X,True,https://www.promart.pe/ipad-air-11-chip-m4-128gb-wifi-space-black-1001497444/p
Promart,Tablets,APPLE,"iPad Air 11"" Chip M4 128GB WiFi Starlight",3699.0,2999.0,GTECH X,True,https://www.promart.pe/ipad-air-11-chip-m4-128gb-wifi-starlight-1001497439/p
Promart,Tablets,XIAOMI,Tablet XIAOMI Redmi Pad 2 9.7'' 4GB 128GB Gris,799.0,499.0,Plaza Vea,True,https://www.promart.pe/tablet-xiaomi-redmi-pad-2-9-7---4gb-128gb-gris-1001497074/p
Promart,Tablets,XIAOMI,Tablet XIAOMI Redmi Pad 2 9.7'' 4GB 128GB Plata,799.0,499.0,Plaza Vea,True,https://www.promart.pe/tablet-xiaomi-redmi-pad-2-9-7---4gb-128gb-plata-1001497072/p
Promart,Tablets,APPLE,iPad Apple 11 Chip A16 Wi-Fi 128 GB - YELLOW,2899.0,1599.0,GRUPO LINEA HOGAR,True,https://www.promart.pe/ipad-apple-11-chip-a16-wi-fi-128-gb-yellow-1001484063/p
Promart,Tablets,APPLE,Apple iPad A16 128GB Wi-Fi Pantalla 11 Chip A16,2899.0,1599.0,GRUPO LINEA HOGAR,True,https://www.promart.pe/apple-ipad-a16-128gb-wi-fi-pantalla-11-chip-a16-1001483915/p
Promart,Tablets,SAMSUNG,Tablet Samsung Galaxy Tab A11 de 8.7 SM-X133 4GB / 64GB Wi-Fi Gray - SM-X133NZAAPEO Gris,839.0,839.0,ROIS COMPUTER,True,https://www.promart.pe/tablet-samsung-galaxy-tab-a11-de-8-7-sm-x133-4gb-64gb-wi-fi-gray-sm-x133nzaapeo-1001483502/p
Promart,Tablets,XIAOMI,Combo Tablet Xiaomi Pad 7 Gris 8GB 256GB más Parlante Bluetooth Xiaomi Sound Party 50W IP67 Negro,1999.0,1699.0,Mi Tienda,True,https://www.promart.pe/combo-tablet-xiaomi-pad-7-gris-8gb-256gb-mas-parlante-bluetooth-xiaomi-sound-party-50w-ip67-negro-1001480831/p
Promart,Tablets,APPLE,iPad Air M4 11' WiFi 128GB Purple - Regalo Incluido,4499.0,2899.0,COOLTRADE,True,https://www.promart.pe/ipad-air-m4-11-wifi-128gb-purple-regalo-incluido-1001477783/p
Promart,Tablets,APPLE,iPad Air M4 11' WiFi 128GB Space Gray - Regalo Incluido,4499.0,2899.0,COOLTRADE,True,https://www.promart.pe/ipad-air-m4-11-wifi-128gb-space-gray-regalo-incluido-1001477778/p
Promart,Tablets,APPLE,iPad Air M4 11' WiFi 128GB Starlight - Regalo Incluido,4499.0,2899.0,COOLTRADE,True,https://www.promart.pe/ipad-air-m4-11-wifi-128gb-starlight-regalo-incluido-1001477764/p
Promart,Tablets,APPLE,iPad Air M4 11' WiFi 128GB Blue - Regalo Incluido,4499.0,2899.0,COOLTRADE,True,https://www.promart.pe/ipad-air-m4-11-wifi-128gb-blue-regalo-incluido-1001477760/p
Promart,Tablets,SAMSUNG,"Tablet Samsung A11+ SM-X230NZAAPEO 11"" 128GB 6GB Gray",1080.0,900.0,Celulares Peru Smart,True,https://www.promart.pe/tablet-samsung-a11-sm-x230nzaapeo-11-128gb-6gb-gray-1001476665/p
Promart,Tablets,XIAOMI,"Tablet Xiaomi Pad 8 11.2"" 256GB 8GB Gray",2278.0,2109.0,Celulares Peru Smart,True,https://www.promart.pe/tablet-xiaomi-pad-8-11-2-256gb-8gb-gray-1001476607/p
Promart,Tablets,SAMSUNG,TABLET SAMSUNG GALAXY TAB S9 11 256GB WIFI  S PEN - BEIGE,4949.0,4299.0,COMPRAFACIL USA,True,https://www.promart.pe/tablet-samsung-galaxy-tab-s9-11-256gb-wifi-s-pen-beige-1001476152/p
Promart,Tablets,SAMSUNG,TABLET SAMSUNG GALAXY TAB S11 512GB-WIFI S PEN - GRIS,7239.0,5429.0,COMPRAFACIL USA,True,https://www.promart.pe/tablet-samsung-galaxy-tab-s11-512gb-wifi-s-pen-gris-1001476094/p
Promart,Tablets,SAMSUNG,TABLET SAMSUNG GALAXY TAB S11 128GB-WIFI  S PEN - GRIS,5059.0,4399.0,COMPRAFACIL USA,True,https://www.promart.pe/tablet-samsung-galaxy-tab-s11-128gb-wifi-s-pen-gris-1001476093/p
Promart,Tablets,SAMSUNG,TABLET SAMSUNG GALAXY TAB S11 512GB WIFI  S PEN - PLATA,7239.0,5429.0,COMPRAFACIL USA,True,https://www.promart.pe/tablet-samsung-galaxy-tab-s11-512gb-wifi-s-pen-plata-1001476071/p
Promart,Tablets,SAMSUNG,TABLET SAMSUNG GALAXY TAB S11 128GB WIFI  S PEN - PLATA,6509.0,4879.0,COMPRAFACIL USA,True,https://www.promart.pe/tablet-samsung-galaxy-tab-s11-128gb-wifi-s-pen-plata-1001476065/p
Promart,Tablets,SAMSUNG,Tablet Samsung Galaxy A11 Plus 6gb Ram 128gb Grafito,1299.0,919.0,CIROX ELECTRONICS S.A.C,True,https://www.promart.pe/tablet-samsung-galaxy-a11-plus-6gb-ram-128gb-grafito-1001471471/p
Promart,Tablets,HONOR,Tabler Honor Pad X7 128gb Wi-fi,599.0,449.0,STARK COMPUTER,True,https://www.promart.pe/tabler-honor-pad-x7-128gb-wi-fi-1001466547/p
Promart,Tablets,SAMSUNG,Tablet Samsung Galaxy Tab S11 SM-X730 11 12GB 128GB S-Pen y Keyboard Cover Gris,3999.0,3699.0,VEGA SAC,True,https://www.promart.pe/tablet-samsung-galaxy-tab-s11-sm-x730-11-12gb-128gb-s-pen-y-keyboard-cover-gris-1001463277/p
Promart,Tablets,HONOR,Tablet HONOR PAD X7 8.7 WiFi 4GB 128GB Android 15 Case Gris,699.0,479.0,VEGA SAC,True,https://www.promart.pe/tablet-honor-pad-x7-8-7-wifi-4gb-128gb-android-15-case-gris-1001461046/p
Promart,Tablets,HONOR,Tablet HONOR PAD X9A 11.5 2.5K WiFi 8GB 128GB Android 15 Flip cover Gris,1099.0,899.0,VEGA SAC,True,https://www.promart.pe/tablet-honor-pad-x9a-11-5-2-5k-wifi-8gb-128gb-android-15-flip-cover-gris-1001461002/p
Promart,Tablets,APPLE,"iPad Air 11-inch M4 MH304LL/A 11"" 128GB 8GB SpaceGray",3358.0,3109.0,Celulares Peru Smart,True,https://www.promart.pe/ipad-air-11-inch-m4-mh304ll-a-11-128gb-8gb-spacegray-1001458651/p
Promart,Tablets,APPLE,"iPad Air 11-inch M4 MH314LL/A 11"" 128GB 8GB Blue",3405.0,3153.0,Celulares Peru Smart,True,https://www.promart.pe/ipad-air-11-inch-m4-mh314ll-a-11-128gb-8gb-blue-1001458646/p
Promart,Tablets,SAMSUNG,Tableta Samsung Galaxy Tab A11 Plus SM-X236B 11 WUXGA 5G LTE 6GB 128GB Android 15 Gris,1899.0,1399.0,VEGA SAC,True,https://www.promart.pe/tableta-samsung-galaxy-tab-a11-plus-sm-x236b-11-wuxga-5g-lte-6gb-128gb-android-15-gris-1001457971/p
Promart,Tablets,SAMSUNG,Tablet Samsung Galaxy Tab S10 LITE SM-X406B 10.9 WUXGA 5G LTE 6GB 128GB S Pen Gris,2299.0,1899.0,VEGA SAC,True,https://www.promart.pe/tablet-samsung-galaxy-tab-s10-lite-sm-x406b-10-9-wuxga-5g-lte-6gb-128gb-s-pen-gris-1001457673/p
Promart,Tablets,SAMSUNG,Tablet Samsung GALAXY TAB A11 Plus 6GB 128GB 11 Pulgadas - Graphite,1499.0,999.0,Ivance electronic online,True,https://www.promart.pe/tablet-samsung-galaxy-tab-a11-plus-6gb-128gb-11-pulgadas-graphite-1001457066/p
Promart,Tablets,SAMSUNG,Tablet Samsung Galaxy TAB A11 4GB 64GB SSD 8.7 - SM-X133 - GRAY,999.0,449.0,VICMARK,True,https://www.promart.pe/tablet-samsung-galaxy-tab-a11-4gb-64gb-ssd-8-7-sm-x133-gray-1001457064/p
Promart,Tablets,SAMSUNG,Tablet Samsung GALAXY TAB A11 Plus 6GB 128GB 11 Pulgadas - Graphite SM-X230,1499.0,999.0,VICMARK,True,https://www.promart.pe/tablet-samsung-galaxy-tab-a11-plus-6gb-128gb-11-pulgadas-graphite-sm-x230-1001457063/p
Promart,Tablets,SAMSUNG,Tablet Samsung Galaxy TAB A11 4GB 64GB SSD 8.7 - SM-X133 - GRAY,1799.0,549.0,Ivance electronic online,True,https://www.promart.pe/tablet-samsung-galaxy-tab-a11-4gb-64gb-ssd-8-7-sm-x133-gray-1001457054/p
Promart,Tablets,SAMSUNG,Tablet Samsung Galaxy Tab A11 4GB 64GB Gray,939.0,499.0,CARSA,True,https://www.promart.pe/tablet-samsung-galaxy-tab-a11-4gb-64gb-gray-1001456795/p
Promart,Tablets,REDMI,Tablet Xiaomi Redmi Pad 2 128GB 4GB 11 Gris Grafito,999.0,699.0,MERCADOLIBRE,True,https://www.promart.pe/tablet-xiaomi-redmi-pad-2-128gb-4gb-11-gris-grafito-1001433713/p
Promart,Tablets,SAMSUNG,"Tablet SAMSUNG Galaxy A11 8.7"" 4GB 64GB Gris",549.0,409.0,Plaza Vea,True,https://www.promart.pe/tablet-samsung-galaxy-a11-8-7--4gb-64gb-gris-1001417402/p
Promart,Tablets,REDMI,Tablet XIAOMI Redmi Pad 2 Pro 12.1 8GB 256GB UFS Gray,1999.0,1399.0,MERCADOLIBRE,True,https://www.promart.pe/tablet-xiaomi-redmi-pad-2-pro-12-1-8gb-256gb-ufs-gray-1001414346/p
Promart,Tablets,XIAOMI,Tablet Xiaomi Redmi Pad 2 Pro 6GB 128GB Gris - Pantalla 2.5K 120Hz  con Snapdragon 7s Gen4,1299.0,1199.0,Mi Tienda,True,https://www.promart.pe/tablet-xiaomi-redmi-pad-2-pro-6gb-128gb-gris-pantalla-2-5k-120hz-con-snapdragon-7s-gen4-1001408277/p
Promart,Tablets,APPLE,Apple iPad Air M4 11'' WiFi 128GB  Space Gray 2026 y Pencil Pro,4999.0,3299.0,COOLTRADE,True,https://www.promart.pe/nuevo-apple-ipad-air-m4-11-wifi-128gb-space-gray-2026-y-pencil-pro-1001400909/p
Promart,Tablets,APPLE,Apple iPad Air M4 11'' WiFi 128GB  Starlight 2026 y Pencil Pro,4999.0,3299.0,COOLTRADE,True,https://www.promart.pe/nuevo-apple-ipad-air-m4-11-wifi-128gb-starlight-2026-y-pencil-pro-1001400908/p
Promart,Tablets,APPLE,Apple iPad Air M4 11'' WiFi 128GB  Purple 2026 y Pencil Pro,4999.0,3299.0,COOLTRADE,True,https://www.promart.pe/nuevo-apple-ipad-air-m4-11-wifi-128gb-purple-2026-y-pencil-pro-1001400907/p
Promart,Tablets,APPLE,Apple iPad Air M4 11'' WiFi 128GB  Blue 2026 y Pencil Pro,4999.0,3299.0,COOLTRADE,True,https://www.promart.pe/nuevo-apple-ipad-air-m4-11-wifi-128gb-blue-2026-y-pencil-pro-1001400906/p
Promart,Tablets,HONOR,Tablet Honor PAD X7 128GB,499.0,469.0,Oechsle,True,https://www.promart.pe/tablet-honor-pad-x7-128gb-1001400279/p
Promart,Tablets,SAMSUNG,"Tablet SAMSUNG Galaxy A11+ 11"" 6GB 128GB Gris",999.0,799.0,Plaza Vea,True,https://www.promart.pe/tablet-samsung-galaxy-a11--11--6gb-128gb-gris-1001398115/p
Promart,Tablets,SAMSUNG,Tablet SAMSUNG Galaxy A11 8.7 4GB 64GB Gris,549.0,499.0,GRUPO LINEA HOGAR,True,https://www.promart.pe/tablet-samsung-galaxy-a11-8-7-4gb-64gb-gris-1001393425/p
Promart,Tablets,HONOR,Tablet Honor Pad X7 4GB 128GB WIFI,499.0,499.0,SanyPeru,True,https://www.promart.pe/tablet-honor-pad-x7-4gb-128gb-wifi-1001393403/p
Promart,Tablets,APPLE,Nuevo iPad Air M4 11'' 2026 Wi-Fi 128GB - Space Gray,3999.0,2849.0,COOLTRADE,True,https://www.promart.pe/-nuevo-ipad-air-m4-11-wi-fi-128gb-space-gray-1001393290/p
Promart,Tablets,APPLE,Nuevo iPad Air M4 11'' Wi-Fi 128GB - Blue,3999.0,2849.0,COOLTRADE,True,https://www.promart.pe/nuevo-ipad-air-m4-11-wi-fi-128gb-blue-1001392887/p
Promart,Tablets,APPLE,Nuevo iPad Air M4 11'' Wi-Fi 128GB - Starlight,3999.0,2849.0,COOLTRADE,True,https://www.promart.pe/nuevo-ipad-air-m4-11-wi-fi-128gb-starlight-1001392872/p
Promart,Tablets,APPLE,Nuevo iPad Air M4 11'' Wi-Fi 128GB - Purple,3999.0,2849.0,COOLTRADE,True,https://www.promart.pe/-nuevo-ipad-air-m4-11-wi-fi-128gb-purple-1001392853/p
Promart,Tablets,SAMSUNG,TABLET SAMSUNG GALAXY TAB A11 WIFI 4GB RAM 64GB ROM - GRAY,999.0,499.0,IMPORT CASO E.I.R.L.,True,https://www.promart.pe/tablet-samsung-galaxy-tab-a11-wifi-4gb-ram-64gb-rom-gray-1001392320/p
Promart,Tablets,SAMSUNG,TABLET SAMSUNG GALAXY TAB A11 WIFI 4GB RAM 64GB ROM - GRAY,999.0,499.0,D´TEEC-TECNOLOGÍA ELECTRO,True,https://www.promart.pe/tablet-samsung-galaxy-tab-a11-wifi-4gb-ram-64gb-rom-gray-1001392291/p
Promart,Tablets,SAMSUNG,TABLET SAMSUNG GALAXY TAB A11 WIFI 4GB RAM 64GB ROM - GRAY,999.0,499.0,RP INVERSIONES,True,https://www.promart.pe/tablet-samsung-galaxy-tab-a11-wifi-4gb-ram-64gb-rom-gray-1001392147/p
Promart,Tablets,SAMSUNG,TABLET SAMSUNG GALAXY TAB A11 8.7 1340X800 WXGA+ TFT LCD 4GB RAM 64GB ROM NEGRO,988.0,740.0,T-SUPPORT GROUPS,True,https://www.promart.pe/tablet-samsung-galaxy-tab-a11-8-7-1340x800-wxga-tft-lcd-4gb-ram-64gb-rom-negro-1001390314/p
Promart,Tablets,SAMSUNG,TABLET SAMSUNG GALAXY TAB A11+ 11.0 1920X1200 WUXGA TFT LCD 6GB RAM 128GB ROM NEGRO,1861.6,1374.0,T-SUPPORT GROUPS,True,https://www.promart.pe/tablet-samsung-galaxy-tab-a11-11-0-1920x1200-wuxga-tft-lcd-6gb-ram-128gb-rom-negro-1001389897/p
Promart,Tablets,SAMSUNG,TABLET SAMSUNG GALAXY TAB A11+ 11.0 1920X1200 WUXGA TFT LCD 6GB RAM 128GB ROM NEGRO,1861.6,1190.0,T-SUPPORT GROUPS,True,https://www.promart.pe/tablet-samsung-galaxy-tab-a11-11-0-1920x1200-wuxga-tft-lcd-6gb-ram-128gb-rom-negro-1001389890/p
Promart,Tablets,SAMSUNG,Tablet Samsung Galaxy Tab A11 8.7 4GB 64GB Gris,799.0,439.0,Ofertec,True,https://www.promart.pe/tablet-samsung-galaxy-tab-a11-8-7-4gb-64gb-gris-1001382277/p
Promart,Tablets,XIAOMI,TABLET XIAOMI REDMI PAD 2 128GB 4GB | GRIS GRAFITO,969.0,839.0,COMPRAFACIL USA,True,https://www.promart.pe/tablet-xiaomi-redmi-pad-2-128gb-4gb-gris-grafito-1001374404/p
Promart,Tablets,XIAOMI,TABLET XIAOMI REDMI PAD 2 PRO 128GB 6GB | GRIS GRAFITO,1639.0,1229.0,COMPRAFACIL USA,True,https://www.promart.pe/tablet-xiaomi-redmi-pad-2-pro-128gb-6gb-gris-grafito-1001374402/p
Promart,Tablets,XIAOMI,TABLET XIAOMI PAD 7 AI 256GB 8GB | AZUL,2069.0,1799.0,COMPRAFACIL USA,True,https://www.promart.pe/tablet-xiaomi-pad-7-ai-256gb-8gb-azul-1001374401/p
Promart,Tablets,XIAOMI,TABLET XIAOMI REDMI PAD 2 PRO 256GB 8GB | LAVANDA PÚRPURA,2139.0,1599.0,COMPRAFACIL USA,True,https://www.promart.pe/tablet-xiaomi-redmi-pad-2-pro-256gb-8gb-lavanda-purpura-1001374399/p
Promart,Tablets,XIAOMI,TABLET XIAOMI REDMI PAD 2 256GB 8GB | LAVANDA PÚRPURA,1299.0,949.0,COMPRAFACIL USA,True,https://www.promart.pe/tablet-xiaomi-redmi-pad-2-256gb-8gb-lavanda-purpura-1001374398/p
Promart,Tablets,XIAOMI,TABLET XIAOMI POCO PAD M1 256GB 8GB | AZUL,1499.0,1299.0,COMPRAFACIL USA,True,https://www.promart.pe/tablet-xiaomi-poco-pad-m1-256gb-8gb-azul-1001374392/p
Promart,Tablets,XIAOMI,TABLET XIAOMI REDMI PAD 2 4G 256GB 8GB | GRIS GRAFITO,1479.0,1279.0,COMPRAFACIL USA,True,https://www.promart.pe/tablet-xiaomi-redmi-pad-2-4g-256gb-8gb-gris-grafito-1001374382/p
Promart,Tablets,XIAOMI,Tablet Xiaomi Redmi Pad 2 Pro 12.1' 256GB 8GB Silver,1696.0,1570.0,Celulares Peru Smart,True,https://www.promart.pe/tablet-xiaomi-redmi-pad-2-pro-12-1-256gb-8gb-silver-1001372143/p
Promart,Tablets,APPLE,iPad A16 Wi-Fi MD4E4LL-A 11' 128GB 6GB Pink,2016.0,1867.0,Celulares Peru Smart,True,https://www.promart.pe/ipad-a16-wi-fi-md4e4ll-a-11-128gb-6gb-pink-1001372138/p
Promart,Tablets,HONOR,Tablet Honor PAD 10 256GB,1699.0,1699.0,Oechsle,True,https://www.promart.pe/tablet-honor-pad-10-256gb-1001366517/p
Promart,Tablets,XIAOMI,Tablet Redmi Pad 2 Pro 6GB+128GB Graphite Gray + Smart Pen,1399.0,1399.0,Oechsle,True,https://www.promart.pe/tablet-redmi-pad-2-pro-6gb-128gb-graphite-gray---smart-pen-1001366516/p
Promart,Tablets,SAMSUNG,"Tablet Samsung Galaxy Tab A11 11"" 6Gb + 128Gb Gris",1099.0,899.0,Oechsle,True,https://www.promart.pe/tablet-samsung-galaxy-tab-a11-11--6gb---128gb-gris-1001366515/p
Promart,Tablets,SAMSUNG,"Tablet Samsung Galaxy Tab S10 FE 10.9"" 128GB WiFi + S Pen | Plateado",2069.0,1799.0,COMPRAFACIL USA,True,https://www.promart.pe/tablet-samsung-galaxy-tab-s10-fe-10-9-128gb-wifi-s-pen-plateado-1001355786/p
Promart,Tablets,XIAOMI,"Tablet Xiaomi Pad 7 AI 11.2"" 256GB WiFi | Verde",2309.0,1729.0,COMPRAFACIL USA,True,https://www.promart.pe/tablet-xiaomi-pad-7-ai-11-2-256gb-wifi-verde-1001355755/p
Promart,Tablets,XIAOMI,"Tablet Xiaomi Pad 7 AI 11.2"" 256GB WiFi | Azul",2509.0,1879.0,COMPRAFACIL USA,True,https://www.promart.pe/tablet-xiaomi-pad-7-ai-11-2-256gb-wifi-azul-1001355742/p
Promart,Tablets,XIAOMI,"Tablet Xiaomi Pad 7 AI 11.2"" 128GB WiFi | Verde",2359.0,1769.0,COMPRAFACIL USA,True,https://www.promart.pe/tablet-xiaomi-pad-7-ai-11-2-128gb-wifi-verde-1001355721/p
Promart,Tablets,XIAOMI,"Tablet Xiaomi Pad 7 AI 11.2"" 256GB WiFi | Gris",2499.0,1869.0,COMPRAFACIL USA,True,https://www.promart.pe/tablet-xiaomi-pad-7-ai-11-2-256gb-wifi-gris-1001355697/p
Promart,Tablets,XIAOMI,Tablet Xiaomi Redmi Pad 2 11 2.5K WiFi 4GB 128GB HyperOS 2.0 con Android 15 Gris oscuro,899.0,699.0,VEGA SAC,True,https://www.promart.pe/tablet-xiaomi-redmi-pad-2-11-2-5k-wifi-4gb-128gb-hyperos-2-0-con-android-15-gris-oscuro-1001354460/p
Promart,Tablets,XIAOMI,"Tablet Xiaomi Redmi Pad 2 11"" 128GB 4GB Gris Gris",882.0,735.0,Celulares Peru Smart,True,https://www.promart.pe/tablet-xiaomi-redmi-pad-2-11-128gb-4gb-gris-gris-1001334872/p
Promart,Tablets,SAMSUNG,Tablet Samsung Galaxy Tab S10 FE 10.9 Pulg. WUXGA  256GB 12GB RAM GRIS,3499.0,2499.0,VICMARK,True,https://www.promart.pe/tablet-samsung-galaxy-tab-s10-fe-10-9-pulg-wuxga-256gb-12gb-ram-azul-1001327373/p
Promart,Tablets,SAMSUNG,Tablet Samsung Galaxy Tab S10 FE 10.9 Pulg. WUXGA 256GB 12GB RAM SILVER,3499.0,2199.0,VICMARK,True,https://www.promart.pe/-tablet-samsung-galaxy-tab-s10-fe-10-9-pulg-wuxga-256gb-12gb-ram-silver-1001326992/p
Promart,Tablets,SAMSUNG,Tablet Samsung Galaxy TAB A11 SM-X133 4GB Ram - 64GB 8.7 Pulgadas,999.0,469.0,IMPORTACIONES HUANKITA EIRL,True,https://www.promart.pe/tablet-samsung-galaxy-tab-a11-sm-x133-4gb-ram--64gb-8-7-pulgadas-1001326462/p
Promart,Tablets,SAMSUNG,Tablet Samsung Galaxy Tab S10 Lite 10.9 Pulg. 8GB 256GB con S Pen - Gray,2999.0,1599.0,VICMARK,True,https://www.promart.pe/tablet-samsung-galaxy-tab-s10-lite-10-9-pulg-8gb-256gb-con-s-pen--gray-1001326408/p
Promart,Tablets,SAMSUNG,"TABLET SAMSUNG GALAXY TAB S10 FE+ 13.1"" 2880 X 1800 (WQUXGA) 90HZ, LCD, 5G",4408.3,3289.0,T-SUPPORT GROUPS,True,https://www.promart.pe/tablet-samsung-galaxy-tab-s10-fe--13-1--2880-x-1800--wquxga--90hz-lcd-5g-1001323812/p
Promart,Tablets,SAMSUNG,"TABLET SAMSUNG GALAXY TAB S10 FE, 10.9"" 2304 X 1440 (WUXGA+) 90HZ, LCD",3740.0,2745.0,T-SUPPORT GROUPS,True,https://www.promart.pe/tablet-samsung-galaxy-tab-s10-fe-10-9--2304-x-1440--wuxga---90hz-lcd-1001323800/p
Promart,Tablets,SAMSUNG,Tablet Samsung Galaxy Tab S10 FE SM-X520 10.9 2304x1440 WUXGA+ WiFi 8GB 128GB S-Pen Gris,1999.0,1799.0,VEGA SAC,True,https://www.promart.pe/tablet-samsung-galaxy-tab-s10-fe-sm-x520-10-9-2304x1440-wuxga-wifi-8gb-128gb-s-pen-gris-1001312630/p
Promart,Tablets,SAMSUNG,"Tablet Samsung Galaxy Tab S10 FE+, 13.1"" (2880x1800)(WQXGA+) LCD IPS, 12GB RAM + 256GB ROM",4586.0,3669.0,SIMI PERÚ,True,https://www.promart.pe/tablet-samsung-galaxy-tab-s10-fe--13-1---2880x1800--wqxga---lcd-ips-12gb-ram---256gb-rom-1001287540/p
Promart,Tablets,SAMSUNG,Tablet Samsung Tab S10 Lite Gray 6GB RAM 128GB Android Gris,1499.0,1299.0,Oechsle,True,https://www.promart.pe/tablet-samsung-tab-s10-lite-gray-sm-x400nzaapeo-6gb-ram-128gb-android-gris-1001282033/p
Promart,Tablets,SAMSUNG,"Tablet Samsung Galaxy Tab A11 8.7"" 4GB + 64GB Gris",499.0,459.0,Oechsle,True,https://www.promart.pe/tablet-samsung-galaxy-tab-a11-8-7--4gb---64gb-gris-1001277678/p
Promart,Tablets,APPLE,"iPad 11"" (A16, 128GB, Wifi) Azul",1699.0,1599.0,Oechsle,True,https://www.promart.pe/ipad-a16-wifi-128gb-blu-cla-ipados-1001277634/p
Promart,Tablets,HONOR,Tablet HONOR Pad X7 8.7''4GB 128GB Space Gray,499.0,469.0,Plaza Vea,True,https://www.promart.pe/tablet-honor-pad-x7-8-7--4gb-128gb-space-gray-1001271600/p
Promart,Tablets,APPLE,iPad 10.2 32GB 8TH Gen Chip A12 WIFI Plateado,1699.0,1049.0,CIROX ELECTRONICS S.A.C,True,https://www.promart.pe/ipad-10-2-32gb-8th-gen-chip-a12-wifi-plateado-1001265399/p
Promart,Tablets,SAMSUNG,"Tablet Samsung Galaxy Tab S10 FE+, 13.1"" (2880x1800)(WQUXGA) LCD, 8GB RAM + 128GB ROM",3269.0,2942.0,SIMI PERÚ,True,https://www.promart.pe/tablet-samsung-galaxy-tab-s10-fe-13-1-2880x1800-wquxga-lcd-8gb-ram-128gb-rom-1001263803/p
Promart,Tablets,APPLE,"IPAD APPLE 10.9"" OLED 10MA GEN 64GB 4G LTE RESOLUCION 2360DPI 12MP WI-FI COLOR PLATA P/N: MQ6J3LZ/A",4259.99,4259.99,EAC CONSULTING,True,https://www.promart.pe/ipad-apple-10-9-oled-10ma-gen-64gb-4g-lte-resolucion-2360dpi-12mp-wi-fi-color-plata-p-n-mq6j3lz-a-1001262743/p
Promart,Tablets,REDMI,TABLET XIAOMI REDMI PAD PRO-12 8GB 256GB GRAPHITE GRAY,1599.0,1589.0,JB EIRL,True,https://www.promart.pe/tablet-xiaomi-redmi-pad-pro-12-8gb-256gb-graphite-gray-1001259771/p
Promart,Tablets,SAMSUNG,Tablet Samsung Tab S10 Lite 10.9 128GB 6GB Grey Grey,1423.0,1318.0,Celulares Peru Smart,True,https://www.promart.pe/tablet-samsung-tab-s10-lite-10-9-128gb-6gb-grey-grey-1001259363/p
Promart,Tablets,SAMSUNG,Tablets SAMSUNG S10 LITE 10.9'' Gray,1499.0,1199.0,Plaza Vea,True,https://www.promart.pe/tablets-samsung-s10-lite-10-9---gray-1001257801/p
Promart,Tablets,XIAOMI,Redmi Pad 2 Mint Green 4GB RAM 128GB ROM,699.0,699.0,Oechsle,True,https://www.promart.pe/redmi-pad-2-mint-green-4gb-ram-128gb-rom-1001250580/p
Promart,Tablets,SAMSUNG,"Tablet Samsung Galaxy Tab S11 11"" 128GB Gris + S Pen",3799.0,3099.0,Oechsle,True,https://www.promart.pe/tablet-samsung-galaxy-tab-s11-11--128gb-gris---s-pen-1001250578/p
Promart,Tablets,APPLE,iPad 11 Apple 128GB Silver Wi-Fi con Chip A16,2499.0,1699.0,Ofertec,True,https://www.promart.pe/ipad-11-apple-128gb-silver-wi-fi-con-chip-a16-1001238995/p
Promart,Tablets,SAMSUNG,"Tablet Samsung Galaxy Tab S10 FE, 10.9"" (2304x1440)(WUXGA+) LCD, 8GB RAM + 128GB ROM",2984.0,2387.0,SIMI PERÚ,True,https://www.promart.pe/tablet-samsung-galaxy-tab-s10-fe-10-9-2304x1440-wuxga-lcd-8gb-ram-128gb-rom-1001232748/p
Promart,Tablets,XIAOMI,"TABLET XIAOMI REDMI PAD SE DUAL SIM  8.7"" 4-128GB - GRIS",799.0,799.0,SMART PRODUCTS,True,https://www.promart.pe/tablet-xiaomi-redmi-pad-se-dual-sim-8-7-4-128g-g-is-1001216447/p
Promart,Tablets,XIAOMI,Tablet Xiaomi Redmi Pad 2 9000mha 11Pulg.  2.5K  - Gris,899.0,779.0,SMART PRODUCTS,True,https://www.promart.pe/tablet-xiaomi-redmi-pad-2-9000mha-2-5k-gris-1001216438/p
Promart,Tablets,XIAOMI,Tablet Xiaomi Redmi Pad 2 4G 128GB Verde - Pantalla 90Hz 2.5K con 4 Parlantes y 9000mAh.,799.0,749.0,Mi Tienda,True,https://www.promart.pe/tablet-xiaomi-redmi-pad-2-mint-g-een-4g-ram-128g-rom-1001210771/p
Promart,Tablets,XIAOMI,Tablet Xiaomi Redmi Pad 2 4G 128GB Gris - Pantalla 90Hz 2.5K con 4 Parlantes y 9000mAh.,799.0,749.0,Mi Tienda,True,https://www.promart.pe/tablet-xiaomi-redmi-pad-2-g-aphite-g-ay-4g-ram-128g-rom-1001210760/p
Promart,Tablets,APPLE,"iPad A16 Wi-Fi MD3Y4LL/A 11"" 128GB 6GB Silver",1743.0,1614.0,Celulares Peru Smart,True,https://www.promart.pe/ipad-a16-wi-fi-md3y4ll-a-11-128gb-6gb-silver-1001200360/p
Promart,Tablets,SAMSUNG,"Galaxy Tab S10 FE Plus 128GB 8GB 13""",2899.0,2699.0,Oechsle,True,https://www.promart.pe/tablet-samsung-sm-x620nlbapeo-128gb-8gb-13--1001198699/p
Promart,Tablets,APPLE,iPad A16 WiFi 128GB iPadOs,1699.0,1599.0,Oechsle,True,https://www.promart.pe/ipad-a16-wifi-128gb-ipados-1001197760/p
Promart,Tablets,HONOR,Tablet HONOR PAD X9A 11.5'' 8GB 128GB Gris,999.0,849.0,Plaza Vea,True,https://www.promart.pe/tablet-honor-pad-x9a-11-5---4gb-128gb-gris-1001182469/p
Promart,Tablets,XIAOMI,"Tableta de Dibujo XIAOMI LCD Writing Tablet 13.5"" Edición Color MJXHB02WC",109.0,90.0,Mi Tienda,True,https://www.promart.pe/tableta-de-dibujo-xiaomi-lcd-writing-tablet-13-5-edicion-color-mjxhb02wc-1001163396/p
Promart,Tablets,SAMSUNG,Tablet Samsung Galaxy Tab S10 FE 128GB 8GB RAM Gris mas Regalo,2499.0,1699.0,Techpro Store,True,https://www.promart.pe/tablet-samsung-galaxy-tab-s10-fe-128gb-8gb-ram-gris-1001155353/p
Promart,Tablets,APPLE,"Apple iPad Air 11"" M3 128GB Purple",4599.0,4599.0,INNOVATECH STORE,True,https://www.promart.pe/apple-ipad-air-11-m3-128gb-purple-1001154736/p
Promart,Tablets,SAMSUNG,"Tablet Samsung Galaxy Tab S10 FE  10.9"" 128GB 8GB RAM Gris",2199.0,1699.0,Oechsle,True,https://www.promart.pe/tablet-samsung-galaxy-tab-s10-fe--10-9--8gb-ram-128gb-gris-1001148606/p
Promart,Tablets,SAMSUNG,Tablet Samsung Galaxy Tab S10 FE+ 131 2880x1800 WQUXGA 90Hz LCD 5G,3752.0,3377.0,SIMI PERÚ,True,https://www.promart.pe/tablet-samsung-galaxy-tab-s10-fe-131-2880x1800-wquxga-90hz-lcd-5g-1001137046/p
Promart,Tablets,SAMSUNG,"TABLET SAMSUNG GALAXY TAB S10 ULTRA 14.6"" DYNAMIC AMOLED 2X 12GB+512GB 13MP+8MP P/N: SM-X920NZAHPEO",6726.7,6726.7,EAC CONSULTING,True,https://www.promart.pe/tablet-samsung-galaxy-tab-s10-ultra-14-6-dynamic-amoled-2x-12gb-512gb-13mp-8mp-p-n-sm-x920nzahpeo-1001120855/p
Promart,Tablets,SAMSUNG,Tablet Samsung Tab S10 FE 10.9 128GB 8GB Azul,2040.0,1889.0,Celulares Peru Smart,True,https://www.promart.pe/tablet-samsung-tab-s10-fe-10-9-128gb-8gb-azul-1001119179/p
Promart,Tablets,SAMSUNG,Tablet Samsung Tab S10 FE 10.9 128GB 8GB Gris,2123.0,1966.0,Celulares Peru Smart,True,https://www.promart.pe/tablet-samsung-tab-s10-fe-10-9-128gb-8gb-gris-1001119178/p
Promart,Tablets,SAMSUNG,"TABLET SAMSUNG GALAXY SM-X516B TAB S9 FE 10.9"" 5G OCTA-CORE 6GB 128GB GRIS P/N: SM-X516BZAAPEO",1882.55,1882.55,EAC CONSULTING,True,https://www.promart.pe/tablet-samsung-galaxy-sm-x516b-tab-s9-fe-10-9-5g-octa-core-6gb-128gb-gris-p-n-sm-x516bzaapeo-1001116422/p
Promart,Tablets,SAMSUNG,"Tablet SAMSUNG Galaxy S10FE+ 13"" 8GB 128GB Gris",2899.0,2699.0,Plaza Vea,True,https://www.promart.pe/tablet-samsung-galaxy-s10fe--13--8gb-128gb-gris-1001105441/p
Promart,Tablets,SAMSUNG,"Tablet SAMSUNG Galaxy S10FE 10.9"" 8GB 128GB Gris",2099.0,1899.0,Plaza Vea,True,https://www.promart.pe/tablet-samsung-galaxy-s10fe-10-9--8gb-128gb-gris-1001105440/p
Promart,Tablets,APPLE,"Apple iPad 11"" Chip A16 256gb Wifi 2025 Silver con Mica Hidrogel",3199.0,2399.0,M&M CELULARES,True,https://www.promart.pe/apple-ipad-11-chip-a16-256gb-wifi-2025-silver-con-mica-hidrogel-1001089585/p
Promart,Tablets,APPLE,"IPAD 11"" (2025) 11VA GEN CHIP A16 (WI-FI) 256GB APPLE",2649.0,2299.0,COMPRAFACIL USA,True,https://www.promart.pe/ipad-11-2025-11va-gen-chip-a16-wifi-256gb-1001052446/p
Promart,Tablets,APPLE,"IPAD 11"" (2025) 11VA GEN CHIP A16 (WI-FI) 128GB APPLE",1789.0,1499.0,COMPRAFACIL USA,True,https://www.promart.pe/ipad-11-2025-11va-gen-chip-a16-wifi-128gb-1001052438/p
Promart,Tablets,APPLE,"IPAD 11"" (2025) 11VA GEN CHIP A16 (WI-FI) 128GB APPLE",1899.0,1649.0,COMPRAFACIL USA,True,https://www.promart.pe/ipad-11-2025-11va-gen-chip-a16-wifi-128gb-1001052435/p
Promart,Tablets,SAMSUNG,"Tablet SAMSUNG S6 LITE 2024 10.4"" 4GB 128GB Negro",1299.0,1299.0,Plaza Vea,True,https://www.promart.pe/tablet-samsung-s6-lite-2024-10-4--4gb-128gb-negro-1000701529/p
Oechsle,Tablets,APPLE,iPad A16 WiFi 128GB iPadOs,1699.0,1599.0,oechsle,True,https://www.oechsle.pe/ipad-a16-wifi-128gb-ipados-2913824/p
Oechsle,Tablets,SAMSUNG,Tablet Samsung Tab S10 Lite Gray 6GB RAM 128GB Android Gris,1499.0,1299.0,oechsle,True,https://www.oechsle.pe/tablet-samsung-sm-x400nzaapeo-6gb-ram-128gb-android-gris-2948373/p
Oechsle,Tablets,APPLE,"iPad 11"" (A16, 128GB, Wifi) Azul",1699.0,1599.0,oechsle,True,https://www.oechsle.pe/ipad-a16-wifi-128gb-blu-cla-ipados-2913819/p
Oechsle,Tablets,SAMSUNG,"Tablet Samsung Galaxy Tab S10 FE  10.9"" 128GB 8GB RAM Gris",2199.0,1699.0,oechsle,True,https://www.oechsle.pe/tablet-samsung-10-9--8gb-ram-128gb-sm-x520nzaapeo-gris-2864723/p
Oechsle,Tablets,SAMSUNG,"Tablet SAMSUNG Galaxy A11 8.7"" 4GB 64GB Gris",549.0,409.0,Plaza Vea,True,https://www.oechsle.pe/tablet-samsung-galaxy-a11-8-7--4gb-64gb-gris-1001424239/p
Oechsle,Tablets,SAMSUNG,Tablets SAMSUNG S10 LITE 10.9'' Gray,1499.0,1199.0,Plaza Vea,True,https://www.oechsle.pe/tablets-samsung-s10-lite-10-9---gray-1001316772/p
Oechsle,Tablets,HONOR,Tablet HONOR PAD X9A 11.5'' 8GB 128GB Gris,999.0,849.0,Plaza Vea,True,https://www.oechsle.pe/tablet-honor-pad-x9a-11-5---4gb-128gb-gris-1001182274/p
Oechsle,Tablets,SAMSUNG,"Tablet SAMSUNG Galaxy S10FE 10.9"" 8GB 128GB Gris",2099.0,1899.0,Plaza Vea,True,https://www.oechsle.pe/tablet-samsung-galaxy-s10fe-10-9--8gb-128gb-gris-1001199562/p
Oechsle,Tablets,SAMSUNG,Tablet Samsung Galaxy Tab S10 FE 10.9  Pulgadas  128GB 8GB RAM Gray Más S Pen,2599.0,1999.0,Ofertec,True,https://www.oechsle.pe/tablet-samsung-galaxy-tab-s10-fe-10-9--pulgadas--128gb-8gb-ram-gray-mas-s-pen-1001970623/p
Oechsle,Tablets,XIAOMI,Tablet Redmi Pad 2 128GB 4GB RAM 8MP Silver,899.0,499.0,CARSA,True,https://www.oechsle.pe/tablet-redmi-pad-2-128gb-4gb-ram-8mp-silver-1001964229/p
Oechsle,Tablets,SAMSUNG,TABLET SAMSUNG GALAXY TAB S10 LITE WIFI 6GB RAM 128GB ROM - GRAY,2499.0,1249.0,RP INVERSIONES,True,https://www.oechsle.pe/tablet-samsung-galaxy-tab-s10-lite-wifi-6gb-ram-128gb-rom---gray-1001963882/p
Oechsle,Tablets,SAMSUNG,TABLET SAMSUNG GALAXY TAB S10 LITE WIFI 6GB RAM 128GB ROM - GRAY,2499.0,1249.0,D´TEEC-TECNOLOGÍA ELECTRO,True,https://www.oechsle.pe/tablet-samsung-galaxy-tab-s10-lite-wifi-6gb-ram-128gb-rom---gray-1001963331/p
Oechsle,Tablets,SAMSUNG,TABLET SAMSUNG GALAXY TAB S10 LITE WIFI 6GB RAM 128GB ROM - GRAY,2499.0,1249.0,IMPORT CASO E.I.R.L.,True,https://www.oechsle.pe/tablet-samsung-galaxy-tab-s10-lite-wifi-6gb-ram-128gb-rom---gray-1001963138/p
Oechsle,Tablets,APPLE,Tablet Apple iPad A16 11'' 128GB WIFI + Cellular Yellow,3199.0,2999.0,GTECH X,True,https://www.oechsle.pe/tablet-apple-ipad-a16-11---128gb-wifi---cellular-yellow-1001963137/p
Oechsle,Tablets,SAMSUNG,Tablet Samsung Tab S10 FE 10.9 128GB 8GB Silver,2088.0,1933.0,Celulares Peru Smart,True,https://www.oechsle.pe/tablet-samsung-tab-s10-fe-10-9-128gb-8gb-silver-1001960592/p
Oechsle,Tablets,APPLE,"iPad Air M4 Wi-Fi MH3A4LL/A 11"" 512GB 12GB SpaceGray",4852.0,4493.0,Celulares Peru Smart,True,https://www.oechsle.pe/ipad-air-m4-wi-fi-mh3a4ll-a-11--512gb-12gb-spacegray-1001960496/p
Oechsle,Tablets,HONOR,"Tablet Honor Pad X9a LTE 11.5"" 128GB 8GB SpaceGray",1269.0,1175.0,Celulares Peru Smart,True,https://www.oechsle.pe/tablet-honor-pad-x9a-lte-11-5--128gb-8gb-spacegray-1001960495/p
Oechsle,Tablets,XIAOMI,"Tablet Xiaomi Redmi Pad 2 Pro 12.1"" 128GB 6GB Silver",1412.0,1307.0,Celulares Peru Smart,True,https://www.oechsle.pe/tablet-xiaomi-redmi-pad-2-pro-12-1--128gb-6gb-silver-1001960482/p
Oechsle,Tablets,SAMSUNG,Tablet Samsung Galaxy Tab S10 FE Plus SM-X620 13.1  WiFi 12GB 256GB S-Pen Silver,3599.0,2899.0,VEGA SAC,True,https://www.oechsle.pe/tablet-samsung-galaxy-tab-s10-fe-plus-sm-x620-13-1--wifi-12gb-256gb-s-pen-silver-1001953086/p
Oechsle,Tablets,XIAOMI,Tablet Xiaomi Redmi Pad 2 4gb 128gb Gris 9.7,899.0,619.0,STARK COMPUTER,True,https://www.oechsle.pe/tablet-xiaomi-redmi-pad-2-4gb-128gb-gris-9-7-1001951847/p
Oechsle,Tablets,XIAOMI,Tablet Xiaomi Redmi Pad 2 4gb 128gb Plata 9.7,899.0,619.0,STARK COMPUTER,True,https://www.oechsle.pe/tablet-xiaomi-redmi-pad-2-4gb-128gb-plata-9-7-1001951591/p
Oechsle,Tablets,HONOR,Tablet HONOR Pad X8b WiFi 4GB RAM - 128GB Gray,899.0,719.0,Mi Tienda,True,https://www.oechsle.pe/tablet-honor-pad-x8b-wifi-4gb-ram---128gb-gray-1001944010/p
Oechsle,Tablets,APPLE,iPad Air 11'' 256GB Chip M4 WiFi Space Black,4999.0,3999.0,GTECH X,True,https://www.oechsle.pe/ipad-air-11---256gb-chip-m4-wifi-space-black-1001939266/p
Oechsle,Tablets,APPLE,iPad Air 11''  256GB Chip M4 WiFi Blue,3999.0,3499.0,GTECH X,True,https://www.oechsle.pe/ipad-air-11----256gb-chip-m4-wifi-blue-1001938925/p
Oechsle,Tablets,APPLE,iPad Air 11 Pulgadas Chip M4 128 GB Wi-Fi iPad OS SpaceGray con Pencil Universal,3499.0,3499.0,MIXELLExpress,True,https://www.oechsle.pe/ipad-air-11-pulgadas-chip-m4-128-gb-wi-fi-ipad-os-spacegray-con-pencil-universal--1001938148/p
Oechsle,Tablets,APPLE,iPad Air 11 Pulgadas Chip M4 128 GB Wi-Fi iPad OS Starlight,3499.0,3499.0,MIXELLExpress,True,https://www.oechsle.pe/ipad-air-11-pulgadas-chip-m4-128-gb-wi-fi-ipad-os-starlight--1001938140/p
Oechsle,Tablets,APPLE,iPad Air 11 Pulgadas Chip M4 128 GB Wi-Fi iPad OS Blue con Pencil Pro,3999.0,3999.0,MIXELLExpress,True,https://www.oechsle.pe/ipad-air-11-pulgadas-chip-m4-128-gb-wi-fi-ipad-os-blue-con-pencil-pro--1001938134/p
Oechsle,Tablets,APPLE,iPad Air 11 Chip M4 128GB Wi-Fi iPadOS Space Gray - Mica de Vidrio Templado,3499.0,3499.0,MIXELLExpress,True,https://www.oechsle.pe/ipad-air-11-chip-m4-128gb-wi-fi-ipados-space-gray---mica-de-vidrio-templado--1001938125/p
Oechsle,Tablets,APPLE,iPad Air 11 Pulgadas M4 128 GB Wi-Fi SpaceGray con Smart Keyboard Compatible y Pencil Alternativo,3499.0,3499.0,MIXELLExpress,True,https://www.oechsle.pe/ipad-air-11-pulgadas-m4-128-gb-wi-fi-spacegray-con-smart-keyboard-compatible-y-pencil-alternativo--1001938122/p
Oechsle,Tablets,APPLE,iPad Pro 11 Pulgadas M5 256GB WiFi SpaceBlack con Pencil Pro,6499.0,6499.0,MIXELLExpress,True,https://www.oechsle.pe/ipad-pro-11-pulgadas-m5-256gb-wifi-spaceblack-con-pencil-pro--1001938114/p
Oechsle,Tablets,APPLE,iPad Pro 11 Pulgadas M5 256GB WiFi SpaceBlack con Case Protector y mica,6499.0,6499.0,MIXELLExpress,True,https://www.oechsle.pe/ipad-pro-11-pulgadas-m5-256gb-wifi-spaceblack-con-case-protector-y-mica---1001938090/p
Oechsle,Tablets,APPLE,iPad Air 11 Pulgadas Chip M4 128 GB Wi-Fi iPad OS SpaceGray con Smart Keyboard Compatible,3499.0,3499.0,MIXELLExpress,True,https://www.oechsle.pe/ipad-air-11-pulgadas-chip-m4-128-gb-wi-fi-ipad-os-spacegray-con-smart-keyboard-compatible---1001938084/p
Oechsle,Tablets,APPLE,iPad Air 11 Pulgadas Chip M4 128 GB Wi-Fi iPad OS SpaceGray con mica,3499.0,3499.0,MIXELLExpress,True,https://www.oechsle.pe/ipad-air-11-pulgadas-chip-m4-128-gb-wi-fi-ipad-os-spacegray-con-mica--1001938077/p
Oechsle,Tablets,APPLE,iPad Air 11 Pulgadas Chip M4 128 GB Wi-Fi iPad OS SpaceGray con Smart Keyboard Compatible y mica,3499.0,3499.0,MIXELLExpress,True,https://www.oechsle.pe/ipad-air-11-pulgadas-chip-m4-128-gb-wi-fi-ipad-os-spacegray-con-smart-keyboard-compatible-y-mica--1001938014/p
Oechsle,Tablets,APPLE,Apple iPad Air 11 M4 Wi-Fi 128GB Space Gray - Apple Pencil Pro,4099.0,4099.0,MIXELLExpress,True,https://www.oechsle.pe/apple-ipad-air-11-m4-wi-fi-128gb-space-gray---apple-pencil-pro--1001937987/p
Oechsle,Tablets,APPLE,iPad Air 11 Pulgadas Chip M4 128 GB Wi-Fi iPad OS Purple,3999.0,3999.0,MIXELLExpress,True,https://www.oechsle.pe/ipad-air-11-pulgadas-chip-m4-128-gb-wi-fi-ipad-os-purple----1001937969/p
Oechsle,Tablets,APPLE,iPad Air 11 Pulgadas M4 128 GB WiFi SpaceGray Smart Keyboard  Compatible y Pencil Pro y mica,3999.0,3999.0,MIXELLExpress,True,https://www.oechsle.pe/ipad-air-11-pulgadas-m4-128-gb-wifi-spacegray-smart-keyboard--compatible-y-pencil-pro-y-mica--1001937863/p
Oechsle,Tablets,APPLE,iPad Air 11 Pulgadas Chip M4 128 GB Wi-Fi iPad OS Spacegray con case protector y mica,3499.0,3499.0,MIXELLExpress,True,https://www.oechsle.pe/ipad-air-11-pulgadas-chip-m4-128-gb-wi-fi-ipad-os-spacegray-con-case-protector-y-mica--1001937823/p
Oechsle,Tablets,APPLE,iPad Air 11 Pulgadas Chip M4 128 GB Wi-Fi iPad OS Spacegray - Funda Protectora,3499.0,3499.0,MIXELLExpress,True,https://www.oechsle.pe/ipad-air-11-pulgadas-chip-m4-128-gb-wi-fi-ipad-os-spacegray---funda-protectora--1001937782/p
Oechsle,Tablets,APPLE,Pad Air 11 Pulgadas Chip M4 128 GB Wi-Fi iPad OS Spacegray,3499.0,3499.0,MIXELLExpress,True,https://www.oechsle.pe/pad-air-11-pulgadas-chip-m4-128-gb-wi-fi-ipad-os-spacegray--1001937767/p
Oechsle,Tablets,APPLE,iPad Air 11 Pulgadas Chip M4 128 GB Wi-Fi iPad OS Blue,3499.0,3499.0,MIXELLExpress,True,https://www.oechsle.pe/ipad-air-11-pulgadas-chip-m4-128-gb-wi-fi-ipad-os-blue--1001937761/p
Oechsle,Tablets,APPLE,iPad Air 11 Pulgadas M4 128 GB WiFi SpaceGray Smart Keyboard  Compatible y Pencil Pro,3999.0,3999.0,MIXELLExpress,True,https://www.oechsle.pe/ipad-air-11-pulgadas-m4-128-gb-wifi-spacegray-smart-keyboard--compatible-y-pencil-pro--1001937529/p
Oechsle,Tablets,SAMSUNG,Tablet Samsung Galaxy Tab S10 Lite 6GB 128G - Gray,1499.0,1199.0,STARK COMPUTER,True,https://www.oechsle.pe/tablet-samsung-galaxy-tab-s10-lite-6gb-128g---gray0-9-1001929493/p
Oechsle,Tablets,APPLE,Apple Ipad Pro 11 Chip M5 256Gb Wifi Space Black con Mica Hidrogel,5799.0,4999.0,M&M CELULARES,True,https://www.oechsle.pe/apple-ipad-pro-11-chip-m5-256gb-wifi-space-black-con-mica-hidrogel-1001928925/p
Oechsle,Tablets,APPLE,Ipad Pro 11 M5 256Gb Wifi Space Black con Mica Hidrogel,5799.0,4999.0,TECH HUB,True,https://www.oechsle.pe/ipad-pro-11-m5-256gb-wifi-space-black-con-mica-hidrogel-1001928904/p
Oechsle,Tablets,XIAOMI,TABLET XIAOMI PAD 2  9.7 P. 4GB 128GB GRIS,1209.0,619.0,MILLENNIALS MOBILE,True,https://www.oechsle.pe/tablet-xiaomi-pad-2--9-7-p--4gb-128gb-gris-1001926483/p
Oechsle,Tablets,XIAOMI,TABLET XIAOMI PAD 2  9.7 P. 4GB 128GB PLATEADO,1209.0,619.0,MILLENNIALS MOBILE,True,https://www.oechsle.pe/tablet-xiaomi-pad-2--9-7-p--4gb-128gb-plateado-1001926424/p
Oechsle,Tablets,APPLE,iPad Pro M5 13 256GB Wifi Space Black,5999.0,5229.0,BLOOMY PARFUM,True,https://www.oechsle.pe/ipad-pro-m5-13-256gb-wifi-space-black-1001922079/p
Oechsle,Tablets,SAMSUNG,"Tablet Samsung S10 FE 10.9"" 256GB 12GB Gris",2527.0,2340.0,Celulares Peru Smart,True,https://www.oechsle.pe/tablet-samsung-s10-fe-10-9--256gb-12gb-gris-1001921406/p
Oechsle,Tablets,XIAOMI,Tablet Xiaomi Redmi Pad 2 9.7 2K WiFi 4GB 128GB HyperOS 3.0 con Android 16 Gris oscuro,799.0,649.0,VEGA SAC,True,https://www.oechsle.pe/tablet-xiaomi-redmi-pad-2-9-7-2k-wifi-4gb-128gb-hyperos-3-0-con-android-16-gris-oscuro-1001920352/p
Oechsle,Tablets,XIAOMI,Tablet Xiaomi Redmi Pad 2 9.7 2K WiFi 4GB 128GB HyperOS 3.0 con Android 16 Silver,799.0,649.0,VEGA SAC,True,https://www.oechsle.pe/tablet-xiaomi-redmi-pad-2-9-7-2k-wifi-4gb-128gb-hyperos-3-0-con-android-16-silver-1001920350/p
Oechsle,Tablets,XIAOMI,Tablet Xiaomi Redmi Pad 2 11 128GB 4GB RAM Color Gris,1099.0,699.0,INFOTECSHOP,True,https://www.oechsle.pe/tablet-xiaomi-redmi-pad-2-11-128gb-4gb-ram-color-gris-1001897834/p
Oechsle,Tablets,SAMSUNG,Tablet Samsung Galaxy Tab A11 8.7 64GB 4GB Ram Color Gris,799.0,799.0,INFOTECSHOP,True,https://www.oechsle.pe/tablet-samsung-galaxy-tab-a11-8-7-64gb-4gb-ram-color-gris-1001897831/p
Oechsle,Tablets,APPLE,iPad Pro 11 Pulgadas M5 256GB WiFi SpaceBlack con Smart Keyboard Compatible y Pencil Pro,6499.0,6499.0,MIXELL,True,https://www.oechsle.pe/ipad-pro-11-pulgadas-m5-256gb-wifi-spaceblack-con-smart-keyboard-compatible-y-pencil-pro-1001897384/p
Oechsle,Tablets,SAMSUNG,TABLET SAMSUNG GALAXY TAB A11 8.7 64GB,899.0,459.0,ELECTRODOMESTICOS GALEXA,True,https://www.oechsle.pe/tablet-samsung-galaxy-tab-a11-8-7-64gb-1001889233/p
Oechsle,Tablets,APPLE,Ipad Air 8va generación 11 Wi-Fi 128GB Chip M4 2026 Morado . Pencil Pro,4149.0,3649.0,TECHNOGEEK,True,https://www.oechsle.pe/ipad-air-8va-generacion-11-wi-fi-128gb-chip-m4-2026-morado---pencil-pro-1001885073/p
Oechsle,Tablets,XIAOMI,Tablet Xiaomi Redmi Pad 2 Pro 12.1 2.5K WiFi 6GB 128GB HyperOS 2.0 con Android 15 Gris oscuro,1599.0,1199.0,VEGA SAC,True,https://www.oechsle.pe/tablet-xiaomi-redmi-pad-2-pro-12-1-2-5k-wifi-6gb-128gb-hyperos-2-0-con-android-15-gris-oscuro-1001883748/p
Oechsle,Tablets,APPLE,iPad Pro 11 Pulgadas M5 256GB WiFi SpaceBlack con Mica,6499.0,6319.0,MIXELL,True,https://www.oechsle.pe/ipad-pro-11-pulgadas-m5-256gb-wifi-spaceblack-con-mica-1001880387/p
Oechsle,Tablets,APPLE,iPad Pro 11 Pulgadas M5 256GB WiFi Silver con Pencil Pro,6499.0,6499.0,MIXELL,True,https://www.oechsle.pe/ipad-pro-11-pulgadas-m5-256gb-wifi-silver-con-pencil-pro-1001880327/p
Oechsle,Tablets,APPLE,iPad Pro 11 Pulgadas M5 256GB WiFi Silver con Smart Keyboard Compatible y Pencil Pro,6499.0,6499.0,MIXELL,True,https://www.oechsle.pe/ipad-pro-11-pulgadas-m5-256gb-wifi-silver-con-smart-keyboard-compatible-y-pencil-pro-1001880326/p
Oechsle,Tablets,APPLE,iPad Pro 11 Pulgadas M5 256GB WiFi Silver con Pencil Universal,6499.0,6499.0,MIXELL,True,https://www.oechsle.pe/ipad-pro-11-pulgadas-m5-256gb-wifi-silver-con-pencil-universal-1001880325/p
Oechsle,Tablets,APPLE,iPad Pro 11 Pulgadas M5 256GB WiFi Silver Case Protector y mica,6699.0,6519.0,MIXELL,True,https://www.oechsle.pe/ipad-pro-11-pulgadas-m5-256gb-wifi-silver-case-protector-y-mica-1001880321/p
Oechsle,Tablets,APPLE,iPad Pro 11 Pulgadas M5 256GB WiFi SpaceBlack y Case Protector,6199.0,6019.0,MIXELL,True,https://www.oechsle.pe/ipad-pro-11-pulgadas-m5-256gb-wifi-spaceblack-y-case-protector-1001880306/p
Oechsle,Tablets,APPLE,iPad Air 11 Pulgadas M4 128 GB WiFi Blue Smart Keyboard  Compatible y Pencil Pro,3999.0,3999.0,MIXELL,True,https://www.oechsle.pe/ipad-air-11-pulgadas-m4-128-gb-wifi-blue-smart-keyboard--compatible-y-pencil-pro-1001880301/p
Oechsle,Tablets,APPLE,iPad Pro 11 Pulgadas M5 256GB WiFi Silver con Case Transparente,6499.0,6319.0,MIXELL,True,https://www.oechsle.pe/ipad-pro-11-pulgadas-m5-256gb-wifi-silver-con-case-transparente-1001880299/p
Oechsle,Tablets,APPLE,iPad Pro 11 Pulgadas M5 256GB WiFi Silver con Case Transparente y mica,6499.0,6319.0,MIXELL,True,https://www.oechsle.pe/ipad-pro-11-pulgadas-m5-256gb-wifi-silver-con-case-transparente-y-mica-1001880298/p
Oechsle,Tablets,APPLE,iPad Pro 11 Pulgadas M5 256GB WiFi Silver con Mica,6499.0,6319.0,MIXELL,True,https://www.oechsle.pe/ipad-pro-11-pulgadas-m5-256gb-wifi-silver-con-mica-1001880296/p
Oechsle,Tablets,APPLE,iPad Pro 11 Pulgadas M5 256GB WiFi SpaceBlack con Smart Keyboard y Pencil Universal y Mica,6499.0,6499.0,MIXELL,True,https://www.oechsle.pe/ipad-pro-11-pulgadas-m5-256gb-wifi-spaceblack-con-smart-keyboard-y-pencil-universal-y-mica-1001880291/p
Oechsle,Tablets,APPLE,iPad Pro 11 Pulgadas M5 256GB WiFi Silver con Smart Keyboard Compatible y Pencil Pro y Mica,6499.0,6499.0,MIXELL,True,https://www.oechsle.pe/ipad-pro-11-pulgadas-m5-256gb-wifi-silver-con-smart-keyboard-compatible-y-pencil-pro-y-mica-1001880290/p
Oechsle,Tablets,APPLE,iPad Pro 11 Pulgadas M5 256GB WiFi Silver con Smart Keyboard Compatible y Mica,6499.0,6319.0,MIXELL,True,https://www.oechsle.pe/ipad-pro-11-pulgadas-m5-256gb-wifi-silver-con-smart-keyboard-compatible-y-mica-1001880284/p
Oechsle,Tablets,APPLE,iPad Pro 11 Pulgadas M5 256GB WiFi SpaceBlack con Smart Keyboard Compatible y Pencil Pro y Mica,6499.0,6499.0,MIXELL,True,https://www.oechsle.pe/ipad-pro-11-pulgadas-m5-256gb-wifi-spaceblack-con-smart-keyboard-compatible-y-pencil-pro-y-mica-1001880280/p
Oechsle,Tablets,APPLE,iPad Pro 11 Pulgadas M5 256GB WiFi Silver con Smart Keyboard Compatible y Pencil Universal,6499.0,6499.0,MIXELL,True,https://www.oechsle.pe/ipad-pro-11-pulgadas-m5-256gb-wifi-silver-con-smart-keyboard-compatible-y-pencil-universal-1001880279/p
Oechsle,Tablets,APPLE,iPad Pro 11 Pulgadas M5 256GB WiFi Silver con Smart Keyboard Compatible,6499.0,6319.0,MIXELL,True,https://www.oechsle.pe/ipad-pro-11-pulgadas-m5-256gb-wifi-silver-con-smart-keyboard-compatible-1001880264/p
Oechsle,Tablets,APPLE,iPad Pro 11 Pulgadas M5 256GB WiFi SpaceBlack con Smart Keyboard Compatible y Pencil Universal,6499.0,6499.0,MIXELL,True,https://www.oechsle.pe/ipad-pro-11-pulgadas-m5-256gb-wifi-spaceblack-con-smart-keyboard-compatible-y-pencil-universal-1001880263/p
Oechsle,Tablets,APPLE,iPad Pro 11 Pulgadas M5 256GB WiFi SpaceBlack con Case Protector y mica,6499.0,6319.0,MIXELL,True,https://www.oechsle.pe/ipad-pro-11-pulgadas-m5-256gb-wifi-spaceblack-con-case-protector-y-mica--1001880261/p
Oechsle,Tablets,APPLE,iPad Pro 11 Pulgadas M5 256GB WiFi SpaceBlack con Smart Keyboard Compatible y Mica,6499.0,6319.0,MIXELL,True,https://www.oechsle.pe/ipad-pro-11-pulgadas-m5-256gb-wifi-spaceblack-con-smart-keyboard-compatible-y-mica-1001880257/p
Oechsle,Tablets,APPLE,iPad Pro 11 Pulgadas M5 256GB WiFi SpaceBlack con Case Transparente,6499.0,6319.0,MIXELL,True,https://www.oechsle.pe/ipad-pro-11-pulgadas-m5-256gb-wifi-spaceblack-con-case-transparente-1001880251/p
Oechsle,Tablets,APPLE,iPad Pro 11 Pulgadas M5 256GB WiFi Silver con Smart Keyboard Compatible y Pencil Universal y Mica,6499.0,6499.0,MIXELL,True,https://www.oechsle.pe/ipad-pro-11-pulgadas-m5-256gb-wifi-silver-con-smart-keyboard-compatible-y-pencil-universal-y-mica-1001880235/p
Oechsle,Tablets,APPLE,iPad Air 11 Pulgadas M4 128 GB WiFi SpaceGray Smart Keyboard  Compatible y Pencil Pro,3999.0,3999.0,MIXELL,True,https://www.oechsle.pe/ipad-air-11-pulgadas-m4-128-gb-wifi-spacegray-smart-keyboard--compatible-y-pencil-pro-1001880216/p
Oechsle,Tablets,APPLE,iPad Air 11 Pulgadas M4 128 GB WiFi SpaceGray Smart Keyboard  Compatible y Pencil Pro y mica,3999.0,3999.0,MIXELL,True,https://www.oechsle.pe/ipad-air-11-pulgadas-m4-128-gb-wifi-spacegray-smart-keyboard--compatible-y-pencil-pro-y-mica-1001880213/p
Oechsle,Tablets,APPLE,iPad Pro 11 Pulgadas M5 256GB WiFi SpaceBlack con Pencil Pro,6499.0,6499.0,MIXELL,True,https://www.oechsle.pe/ipad-pro-11-pulgadas-m5-256gb-wifi-spaceblack-con-pencil-pro-1001880211/p
Oechsle,Tablets,APPLE,iPad Air 11 Pulgadas M4 128 GB WiFi Blue Smart Keyboard  Compatible y Pencil Pro y mica,3999.0,3999.0,MIXELL,True,https://www.oechsle.pe/ipad-air-11-pulgadas-m4-128-gb-wifi-blue-smart-keyboard--compatible-y-pencil-pro-y-mica-1001880210/p
Oechsle,Tablets,APPLE,iPad Pro 11 Pulgadas M5 256GB WiFi SpaceBlack con Case transparente y Mica,6499.0,6319.0,MIXELL,True,https://www.oechsle.pe/ipad-pro-11-pulgadas-m5-256gb-wifi-spaceblack-con-case-transparente-y-mica-1001880171/p
Oechsle,Tablets,APPLE,iPad Pro 11 Pulgadas M5 256GB WiFi SpaceBlack con  Smart Keyboard Compatible,6499.0,6319.0,MIXELL,True,https://www.oechsle.pe/ipad-pro-11-pulgadas-m5-256gb-wifi-spaceblack-con--smart-keyboard-compatible-1001880168/p
Oechsle,Tablets,APPLE,iPad Pro 11 Pulgadas M5 256GB WiFi SpaceBlack con Pencil Universal,6499.0,6499.0,MIXELL,True,https://www.oechsle.pe/ipad-pro-11-pulgadas-m5-256gb-wifi-spaceblack-con-pencil-universal-1001880136/p
Oechsle,Tablets,APPLE,iPad Air 11 Pulgadas M4 128 GB Wi-Fi SpaceGray con Smart Keyboard Compatible y Pencil Alternativo,3499.0,3499.0,MIXELL,True,https://www.oechsle.pe/ipad-air-11-pulgadas-m4-128-gb-wi-fi-spacegray-con-smart-keyboard-compatible-y-pencil-alternativo-1001880071/p
Oechsle,Tablets,APPLE,iPad Air 11 Pulgadas M4 128 GB WiFi Blue Smart Keyboard  Compatible y Pencil Alternativo y mica,3499.0,3499.0,MIXELL,True,https://www.oechsle.pe/ipad-air-11-pulgadas-m4-128-gb-wifi-blue-smart-keyboard--compatible-y-pencil-alternativo-y-mica-1001880068/p
Oechsle,Tablets,APPLE,iPad Air 11 Pulgadas M4 128 GB WiFi SpaceGray Smart Keyboard  Compatible y Pencil Alternativo y mica,3499.0,3499.0,MIXELL,True,https://www.oechsle.pe/ipad-air-11-pulgadas-m4-128-gb-wifi-spacegray-smart-keyboard--compatible-y-pencil-alternativo-y-mica-1001880067/p
Oechsle,Tablets,APPLE,iPad Air 11 Pulgadas Chip M4 128 GB Wi-Fi iPad OS Blue con Smart Keyboard Compatible y mica,3499.0,3499.0,MIXELL,True,https://www.oechsle.pe/ipad-air-11-pulgadas-chip-m4-128-gb-wi-fi-ipad-os-blue-con-smart-keyboard-compatible-y-mica-1001880063/p
Oechsle,Tablets,APPLE,iPad Air 11 Pulgadas Chip M4 128 GB Wi-Fi iPad OS SpaceGray con Pencil Universal,3499.0,3499.0,MIXELL,True,https://www.oechsle.pe/ipad-air-11-pulgadas-chip-m4-128-gb-wi-fi-ipad-os-spacegray-con-pencil-universal-1001880061/p
Oechsle,Tablets,APPLE,iPad Air 11 Pulgadas Chip M4 128 GB Wi-Fi iPad OS SpaceGray con Smart Keyboard Compatible y mica,3499.0,3499.0,MIXELL,True,https://www.oechsle.pe/ipad-air-11-pulgadas-chip-m4-128-gb-wi-fi-ipad-os-spacegray-con-smart-keyboard-compatible-y-mica-1001880057/p
Oechsle,Tablets,APPLE,iPad Air 11 Pulgadas Chip M4 128 GB Wi-Fi iPad OS SpaceGray con Smart Keyboard Compatible,3499.0,3499.0,MIXELL,True,https://www.oechsle.pe/ipad-air-11-pulgadas-chip-m4-128-gb-wi-fi-ipad-os-spacegray-con-smart-keyboard-compatible--1001880052/p
Oechsle,Tablets,APPLE,iPad Air 11 Pulgadas Chip M4 128 GB Wi-Fi iPad OS Blue con Pencil Universal,3499.0,3499.0,MIXELL,True,https://www.oechsle.pe/ipad-air-11-pulgadas-chip-m4-128-gb-wi-fi-ipad-os-blue-con-pencil-universal-1001880041/p
Oechsle,Tablets,APPLE,iPad Air 11 Pulgadas M4 128 GB Wi-Fi iPad OS Blue con Smart Keyboard Compatible y Pencil Alternativo,3499.0,3499.0,MIXELL,True,https://www.oechsle.pe/ipad-air-11-pulgadas-m4-128-gb-wi-fi-ipad-os-blue-con-smart-keyboard-compatible-y-pencil-alternativo-1001880039/p
Oechsle,Tablets,APPLE,iPad Air 11 Pulgadas Chip M4 128 GB Wi-Fi iPad OS Blue con Smart Keyboard Compatible,3499.0,3499.0,MIXELL,True,https://www.oechsle.pe/ipad-air-11-pulgadas-chip-m4-128-gb-wi-fi-ipad-os-blue-con-smart-keyboard-compatible-1001880031/p
Oechsle,Tablets,APPLE,Tablets Apple iPad Pro 13'' M5 256GB WiFi & Cell Space Black,6099.0,5499.0,GTECH X,True,https://www.oechsle.pe/tablets-apple-ipad-pro-13---m5-256gb-wifi---cell-space-black-1001879929/p
Oechsle,Tablets,APPLE,"iPad Air 11"" Chip M4 128GB WiFi Blue + Apple Pencil Pro",4299.0,3549.0,GTECH X,True,https://www.oechsle.pe/ipad-air-11--chip-m4-128gb-wifi-blue---apple-pencil-pro-1001879917/p
Oechsle,Tablets,APPLE,"iPad Air 11"" Chip M4 128GB WiFi Starlight + Apple Pencil USB-C",3899.0,3449.0,GTECH X,True,https://www.oechsle.pe/ipad-air-11--chip-m4-128gb-wifi-starlight---apple-pencil-usb-c-1001879910/p
Oechsle,Tablets,APPLE,"iPad Air 11"" Chip M4 128GB WiFi Space Gray + Apple Pencil Pro",4299.0,3549.0,GTECH X,True,https://www.oechsle.pe/ipad-air-11--chip-m4-128gb-wifi-space-gray---apple-pencil-pro-1001879888/p
Oechsle,Tablets,APPLE,"iPad Air 11"" Chip M4 128GB WiFi Blue + Apple Pencil USB-C",3899.0,3449.0,GTECH X,True,https://www.oechsle.pe/ipad-air-11--chip-m4-128gb-wifi-blue---apple-pencil-usb-c-1001879882/p
Oechsle,Tablets,APPLE,"iPad Air 11"" Chip M4 128GB WiFi Purple + Apple Pencil USB-C",3899.0,3449.0,GTECH X,True,https://www.oechsle.pe/ipad-air-11--chip-m4-128gb-wifi-purple---apple-pencil-usb-c-1001879881/p
Oechsle,Tablets,APPLE,"iPad Air 11"" Chip M4 128GB WiFi Starlight + Apple Pencil Pro",4299.0,3549.0,GTECH X,True,https://www.oechsle.pe/ipad-air-11--chip-m4-128gb-wifi-starlight---apple-pencil-pro-1001879864/p
Oechsle,Tablets,APPLE,"iPad Air 11"" Chip M4 128GB WiFi Space Gray + Apple Pencil USB-C",3899.0,3449.0,GTECH X,True,https://www.oechsle.pe/ipad-air-11--chip-m4-128gb-wifi-space-gray---apple-pencil-usb-c-1001879843/p
Oechsle,Tablets,APPLE,"iPad Air 11"" Chip M4 128GB WiFi Purple + Apple Pencil Pro",4299.0,3549.0,GTECH X,True,https://www.oechsle.pe/ipad-air-11--chip-m4-128gb-wifi-purple---apple-pencil-pro-1001879789/p
Oechsle,Tablets,APPLE,iPad Air 11 Pulgadas Chip M4 128 GB Wi-Fi iPad OS Spacegray con case protector y mica,3499.0,3499.0,MIXELL,True,https://www.oechsle.pe/ipad-air-11-pulgadas-chip-m4-128-gb-wi-fi-ipad-os-spacegray-con-case-protector-y-mica-1001879325/p
Oechsle,Tablets,APPLE,iPAD A16 - 11 PULGADAS - 128GB - SILVER,3599.0,1649.0,NEOSHOP IMPORTACIONES,True,https://www.oechsle.pe/ipad-a16---11-pulgadas---128gb---silver-1001879263/p
Oechsle,Tablets,APPLE,iPad Air 11 Pulgadas Chip M4 128 GB Wi-Fi iPad OS SpaceGray con mica,3499.0,3499.0,MIXELL,True,https://www.oechsle.pe/ipad-air-11-pulgadas-chip-m4-128-gb-wi-fi-ipad-os-spacegray-con-mica-1001878634/p
Oechsle,Tablets,APPLE,iPad Air 11 Pulgadas Chip M4 128 GB Wi-Fi iPad OS Blue,3499.0,3499.0,MIXELL,True,https://www.oechsle.pe/ipad-air-11-pulgadas-chip-m4-128-gb-wi-fi-ipad-os-blue-1001878537/p
Oechsle,Tablets,APPLE,iPad Air 11 Pulgadas Chip M4 128 GB Wi-Fi iPad OS Blue y Case Protector,3499.0,3499.0,MIXELL,True,https://www.oechsle.pe/ipad-air-11-pulgadas-chip-m4-128-gb-wi-fi-ipad-os-blue-y-case-protector-1001878524/p
Oechsle,Tablets,APPLE,iPad Air 11 Pulgadas Chip M4 128 GB Wi-Fi iPad OS Blue con Case protector y mica,3499.0,3499.0,MIXELL,True,https://www.oechsle.pe/ipad-air-11-pulgadas-chip-m4-128-gb-wi-fi-ipad-os-blue-con-case-protector-y-mica-1001878522/p
Oechsle,Tablets,APPLE,iPad Air 11 Pulgadas Chip M4 128 GB Wi-Fi iPad OS Blue con mica,3499.0,3499.0,MIXELL,True,https://www.oechsle.pe/ipad-air-11-pulgadas-chip-m4-128-gb-wi-fi-ipad-os-blue-con-mica-1001878376/p
Oechsle,Tablets,APPLE,iPad Air 11 Pulgadas Chip M4 128 GB Wi-Fi iPad OS Blue con Pencil Pro,3999.0,3999.0,MIXELL,True,https://www.oechsle.pe/ipad-air-11-pulgadas-chip-m4-128-gb-wi-fi-ipad-os-blue-con-pencil-pro-1001878374/p
Oechsle,Tablets,APPLE,iPad Air 11 Pulgadas Chip M4 128 GB Wi-Fi iPad OS Spacegray - Funda Protectora,3499.0,3499.0,MIXELL,True,https://www.oechsle.pe/ipad-air-11-pulgadas-chip-m4-128-gb-wi-fi-ipad-os-spacegray---funda-protectora-1001877319/p
Oechsle,Tablets,APPLE,iPad Pro 11 Pulgadas M5 256GB WiFi Silver,6999.0,6819.0,MIXELL,True,https://www.oechsle.pe/ipad-pro-11-pulgadas-m5-256gb-wifi-silver--1001877302/p
Oechsle,Tablets,APPLE,Apple iPad Air 11 M4 Wi-Fi 128GB Space Gray - Apple Pencil Pro,4099.0,4099.0,MIXELL,True,https://www.oechsle.pe/apple-ipad-air-11-m4-wi-fi-128gb-space-gray---apple-pencil-pro-1001877274/p
Oechsle,Tablets,APPLE,iPad Air 11 Chip M4 128GB Wi-Fi iPadOS Space Gray - Mica de Vidrio Templado,3499.0,3499.0,MIXELL,True,https://www.oechsle.pe/ipad-air-11-chip-m4-128gb-wi-fi-ipados-space-gray---mica-de-vidrio-templado-1001877197/p
Oechsle,Tablets,APPLE,iPad Air 11-inch M3 MCFY4LL/A Wifi+Cellular 11 128GB 8GB Purple,3405.0,3153.0,Celulares Peru Smart,True,https://www.oechsle.pe/ipad-air-11-inch-m3-mcfy4ll-a-wifi-cellular-11-128gb-8gb-purple-1001877132/p
Oechsle,Tablets,APPLE,Pad Air 11 Pulgadas Chip M4 128 GB Wi-Fi iPad OS Spacegray,3499.0,3499.0,MIXELL,True,https://www.oechsle.pe/pad-air-11-pulgadas-chip-m4-128-gb-wi-fi-ipad-os-spacegray-1001877131/p
Oechsle,Tablets,APPLE,iPad Apple A16 11 pulgadas  128GB Wi-Fi Plateado,1699.0,1529.0,CARSA,True,https://www.oechsle.pe/ipad-apple-a16-11-pulgadas--128gb-wi-fi-plateado-1001862382/p
Oechsle,Tablets,APPLE,iPad Apple A16 11pulgadas 128GB Wi-Fi Azul,1618.0,1529.0,CARSA,True,https://www.oechsle.pe/ipad-apple-a16-11pulgadas-128gb-wi-fi-azul-1001862118/p
Oechsle,Tablets,XIAOMI,Tablet Xiaomi Redmi Pad 2 128GB 4GB RAM 8MP gris,899.0,499.0,CARSA,True,https://www.oechsle.pe/tablet-xiaomi-redmi-pad-2-128gb-4gb-ram-8mp-gris-1001861243/p
Oechsle,Tablets,APPLE,"iPad Mini A17 Pro 8.3"" 128GB 8GB Blue",2752.0,2548.0,Celulares Peru Smart,True,https://www.oechsle.pe/ipad-mini-a17-pro-8-3--128gb-8gb-blue-1001859528/p
Oechsle,Tablets,APPLE,Ipad Air 8va generación 11 Wi-Fi 128GB Chip M4 2026 Azul . Pencil USB - C,3999.0,3499.0,TECHNOGEEK,True,https://www.oechsle.pe/ipad-air-8va-generacion-11-wi-fi-128gb-chip-m4-2026-azul---pencil-usb---c-1001852146/p
Oechsle,Tablets,APPLE,Ipad Air 8va generación 11 Wi-Fi 128GB Chip M4 2026 Starlight . Pencil USB C,3999.0,3499.0,TECHNOGEEK,True,https://www.oechsle.pe/ipad-air-8va-generacion-11-wi-fi-128gb-chip-m4-2026-starlight---pencil-usb-c-1001852102/p
Oechsle,Tablets,APPLE,Ipad Air 8va generación 11 Wi-Fi 128GB Chip M4 2026 Morado . Pencil USB - C,3999.0,3499.0,TECHNOGEEK,True,https://www.oechsle.pe/ipad-air-8va-generacion-11-wi-fi-128gb-chip-m4-2026-morado---pencil-usb---c-1001852051/p
Oechsle,Tablets,APPLE,Ipad Air 8va generación 11 Wi-Fi 128GB Chip M4 2026 Gris . Pencil USB- C,3999.0,3499.0,TECHNOGEEK,True,https://www.oechsle.pe/ipad-air-8va-generacion-11-wi-fi-128gb-chip-m4-2026-gris---pencil-usb--c-1001851881/p
Oechsle,Tablets,APPLE,Ipad Air 8va generación 11 Wi-Fi 128GB Chip M4 2026 Gris . Pencil pro,4149.0,3649.0,TECHNOGEEK,True,https://www.oechsle.pe/ipad-air-8va-generacion-11-wi-fi-128gb-chip-m4-2026-gris---pencil-pro-1001850540/p
Oechsle,Tablets,APPLE,ipad Air 8va generación 11 Wi-Fi 128GB Chip M4 2026 - Starlight . Pencil premium,3649.0,3149.0,TECHNOGEEK,True,https://www.oechsle.pe/ipad-air-8va-generacion-11-wi-fi-128gb-chip-m4-2026---starlight---pencil-premium-1001850328/p
Oechsle,Tablets,APPLE,Ipad Air 8va generación 11 Wi-Fi 128GB Chip M4 2026 Morado . Pencil premium,3649.0,3149.0,TECHNOGEEK,True,https://www.oechsle.pe/ipad-air-8va-generacion-11-wi-fi-128gb-chip-m4-2026-morado---pencil-premium-1001850293/p
Oechsle,Tablets,APPLE,Ipad Air 8va generación 11 Wi-Fi 128GB Chip M4 2026 Azul . Pencil Pro,4149.0,3649.0,TECHNOGEEK,True,https://www.oechsle.pe/ipad-air-8va-generacion-11-wi-fi-128gb-chip-m4-2026-azul---pencil-pro-1001850253/p
Oechsle,Tablets,APPLE,Ipad Air 8va generación 11 Wi-Fi 128GB Chip M4 2026 Gris Espacial . Pencil premiun,3649.0,3149.0,TECHNOGEEK,True,https://www.oechsle.pe/ipad-air-8va-generacion-11-wi-fi-128gb-chip-m4-2026-gris-espacial---pencil-premiun-1001850178/p
Oechsle,Tablets,APPLE,ipad Air 8va generación 11 Wi-Fi 128GB Chip M4 2026 - Azul . Pencil premium,3649.0,3149.0,TECHNOGEEK,True,https://www.oechsle.pe/ipad-air-8va-generacion-11-wi-fi-128gb-chip-m4-2026---azul---pencil-premium-1001850174/p
Oechsle,Tablets,APPLE,Ipad Air 8va generación 11 Wi-Fi 256GB Chip M4 2026 - Gris,4049.0,3549.0,TECHNOGEEK,True,https://www.oechsle.pe/ipad-air-8va-generacion-11-wi-fi-256gb-chip-m4-2026---gris--1001846928/p
Oechsle,Tablets,APPLE,Ipad Air Octava Generación 13  Wi-Fi 128GB Chip M4 2026 - Gris Espacial,4499.0,3999.0,TECHNOGEEK,True,https://www.oechsle.pe/ipad-air-octava-generacion-13--wi-fi-128gb-chip-m4-2026---gris-espacial--1001846849/p
Oechsle,Tablets,APPLE,ipad Air 8va generación 11 Wi-Fi 256GB Chip M4 2026 - Starlight,4049.0,3549.0,TECHNOGEEK,True,https://www.oechsle.pe/ipad-air-8va-generacion-11-wi-fi-256gb-chip-m4-2026---starlight--1001846627/p
Oechsle,Tablets,APPLE,ipad Air 8va generación 11 Wi-Fi 128GB Chip M4 2026 - Starlight,3499.0,2999.0,TECHNOGEEK,True,https://www.oechsle.pe/ipad-air-8va-generacion-11-wi-fi-128gb-chip-m4-2026---starlight--1001845964/p
Oechsle,Tablets,APPLE,Ipad Air 8va generación 11 Wi-Fi 128GB Chip M4 2026  Azul,3499.0,2999.0,TECHNOGEEK,True,https://www.oechsle.pe/ipad-air-8va-generacion-11-wi-fi-128gb-chip-m4-2026--azul-1001845948/p
Oechsle,Tablets,SAMSUNG,"Samsung Galaxy Tab S9+ 12.4"" 512GB Tablet Multi-Touch - Snapdragon 8 Gen 2, 12GB RAM, IP68",5239.0,3609.0,ProSmart,True,https://www.oechsle.pe/samsung-galaxy-tab-s9-12-4-512gb-tablet-multi-touch-snapdragon-8-gen-2-12gb-ram-ip68-1001838149/p
Oechsle,Tablets,APPLE,"iPad Air 11"" Chip M4 128GB WiFi Space Black",3699.0,2999.0,GTECH X,True,https://www.oechsle.pe/ipad-air-11-chip-m4-128gb-wifi-space-black-1001837841/p
Oechsle,Tablets,APPLE,"iPad Air 11"" Chip M4 128GB WiFi Blue",3699.0,2999.0,GTECH X,True,https://www.oechsle.pe/ipad-air-11-chip-m4-128gb-wifi-blue-1001837824/p
Oechsle,Tablets,APPLE,"iPad Air 11"" Chip M4 128GB WiFi Starlight",3699.0,2999.0,GTECH X,True,https://www.oechsle.pe/ipad-air-11-chip-m4-128gb-wifi-starlight-1001837804/p
Oechsle,Tablets,APPLE,"iPad Air 11"" Chip M4 128GB WiFi Purple",3699.0,2999.0,GTECH X,True,https://www.oechsle.pe/ipad-air-11-chip-m4-128gb-wifi-purple-1001835117/p
Oechsle,Tablets,XIAOMI,Tablet XIAOMI Redmi Pad 2 9.7'' 4GB 128GB Plata,799.0,499.0,Plaza Vea,True,https://www.oechsle.pe/tablet-xiaomi-redmi-pad-2-9-7---4gb-128gb-plata-1001828087/p
Oechsle,Tablets,XIAOMI,Tablet XIAOMI Redmi Pad 2 9.7'' 4GB 128GB Gris,799.0,499.0,Plaza Vea,True,https://www.oechsle.pe/tablet-xiaomi-redmi-pad-2-9-7---4gb-128gb-gris-1001828086/p
Oechsle,Tablets,APPLE,iPad Apple 11 Chip A16 Wi-Fi 128 GB - YELLOW,2899.0,1599.0,GRUPO LINEA HOGAR,True,https://www.oechsle.pe/ipad-apple-11-chip-a16-wi-fi-128-gb-yellow-1001810987/p
Oechsle,Tablets,APPLE,Apple iPad A16 128GB Wi-Fi Pantalla 11 Chip A16,2899.0,1599.0,GRUPO LINEA HOGAR,True,https://www.oechsle.pe/apple-ipad-a16-128gb-wi-fi-pantalla-11-chip-a16-1001809594/p
Oechsle,Tablets,XIAOMI,Combo Tablet Xiaomi Pad 7 Gris 8GB 256GB más Parlante Bluetooth Xiaomi Sound Party 50W IP67 Negro,1999.0,1699.0,Mi Tienda,True,https://www.oechsle.pe/combo-tablet-xiaomi-pad-7-gris-8gb-256gb-mas-parlante-bluetooth-xiaomi-sound-party-50w-ip67-negro-1001803979/p
Oechsle,Tablets,APPLE,iPad Air M4 11' WiFi 128GB Purple - Regalo Incluido,4499.0,2899.0,COOLTRADE,True,https://www.oechsle.pe/ipad-air-m4-11--wifi-128gb-purple---regalo-incluido-1001797710/p
Oechsle,Tablets,APPLE,iPad Air M4 11' WiFi 128GB Space Gray - Regalo Incluido,4499.0,2899.0,COOLTRADE,True,https://www.oechsle.pe/ipad-air-m4-11--wifi-128gb-space-gray---regalo-incluido-1001797702/p
Oechsle,Tablets,APPLE,iPad Air M4 11' WiFi 128GB Starlight - Regalo Incluido,4499.0,2899.0,COOLTRADE,True,https://www.oechsle.pe/ipad-air-m4-11--wifi-128gb-starlight---regalo-incluido-1001797696/p
Oechsle,Tablets,APPLE,iPad Air M4 11' WiFi 128GB Blue - Regalo Incluido,4499.0,2899.0,COOLTRADE,True,https://www.oechsle.pe/ipad-air-m4-11--wifi-128gb-blue---regalo-incluido-1001797693/p
Oechsle,Tablets,SAMSUNG,"Tablet Samsung A11+ SM-X230NZAAPEO 11"" 128GB 6GB Gray",1080.0,900.0,Celulares Peru Smart,True,https://www.oechsle.pe/tablet-samsung-a11--sm-x230nzaapeo-11--128gb-6gb-gray-1001796792/p
Oechsle,Tablets,XIAOMI,"Tablet Xiaomi Pad 8 11.2"" 256GB 8GB Gray",2278.0,2109.0,Celulares Peru Smart,True,https://www.oechsle.pe/tablet-xiaomi-pad-8-11-2--256gb-8gb-gray-1001796678/p
Oechsle,Tablets,SAMSUNG,TABLET SAMSUNG GALAXY TAB S9 11 256GB WIFI  S PEN - BEIGE,4949.0,4299.0,COMPRAFACIL USA,True,https://www.oechsle.pe/tablet-samsung-galaxy-tab-s9-11-256gb-wifi-s-pen-beige-1001796257/p
Oechsle,Tablets,SAMSUNG,TABLET SAMSUNG GALAXY TAB S11 128GB-WIFI  S PEN - GRIS,5059.0,4399.0,COMPRAFACIL USA,True,https://www.oechsle.pe/tablet-samsung-galaxy-tab-s11-128gb-wifi-s-pen-gris-1001796087/p
Oechsle,Tablets,SAMSUNG,TABLET SAMSUNG GALAXY TAB S11 512GB WIFI  S PEN - PLATA,7239.0,5429.0,COMPRAFACIL USA,True,https://www.oechsle.pe/tablet-samsung-galaxy-tab-s11-512gb-wifi-s-pen-plata-1001796056/p
Oechsle,Tablets,SAMSUNG,TABLET SAMSUNG GALAXY TAB S11 128GB WIFI  S PEN - PLATA,6509.0,4879.0,COMPRAFACIL USA,True,https://www.oechsle.pe/tablet-samsung-galaxy-tab-s11-128gb-wifi-s-pen-plata-1001795996/p
Oechsle,Tablets,SAMSUNG,TABLET SAMSUNG GALAXY TAB S11 512GB-WIFI S PEN - GRIS,7239.0,5429.0,COMPRAFACIL USA,True,https://www.oechsle.pe/tablet-samsung-galaxy-tab-s11-512gb-wifi-s-pen-gris-1001795800/p
Oechsle,Tablets,SAMSUNG,Tablet Samsung Galaxy A11 Plus 6gb Ram 128gb Grafito,1299.0,919.0,CIROX ELECTRONICS S.A.C,True,https://www.oechsle.pe/tablet-samsung-galaxy-a11-plus-6gb-ram-128gb-grafito-1001788316/p
Oechsle,Tablets,HONOR,Tabler Honor Pad X7 128gb Wi-fi,599.0,449.0,STARK COMPUTER,True,https://www.oechsle.pe/tabler-honor-pad-x7-128gb-wi-fi-1001774943/p
Oechsle,Tablets,SAMSUNG,Tablet Samsung Galaxy Tab S11 SM-X730 11 12GB 128GB S-Pen y Keyboard Cover Gris,3999.0,3699.0,VEGA SAC,True,https://www.oechsle.pe/tablet-samsung-galaxy-tab-s11-sm-x730-11-12gb-128gb-s-pen-y-keyboard-cover-gris-1001770821/p
Oechsle,Tablets,HONOR,Tablet HONOR PAD X7 8.7 WiFi 4GB 128GB Android 15 Case Gris,699.0,479.0,VEGA SAC,True,https://www.oechsle.pe/tablet-honor-pad-x7-8-7-wifi-4gb-128gb-android-15-case-gris--1001763697/p
Oechsle,Tablets,HONOR,Tablet HONOR PAD X9A 11.5 2.5K WiFi 8GB 128GB Android 15 Flip cover Gris,1099.0,899.0,VEGA SAC,True,https://www.oechsle.pe/tablet-honor-pad-x9a-11-5-2-5k-wifi-8gb-128gb-android-15-flip-cover-gris--1001763473/p
Oechsle,Tablets,APPLE,"iPad Air 11-inch M4 MH314LL/A 11"" 128GB 8GB Blue",3405.0,3153.0,Celulares Peru Smart,True,https://www.oechsle.pe/ipad-air-11-inch-m4-mh314ll-a-11--128gb-8gb-blue-1001758653/p
Oechsle,Tablets,APPLE,"iPad Air 11-inch M4 MH304LL/A 11"" 128GB 8GB SpaceGray",3358.0,3109.0,Celulares Peru Smart,True,https://www.oechsle.pe/ipad-air-11-inch-m4-mh304ll-a-11--128gb-8gb-spacegray-1001758593/p
Oechsle,Tablets,SAMSUNG,Tableta Samsung Galaxy Tab A11 Plus SM-X236B 11 WUXGA 5G LTE 6GB 128GB Android 15 Gris,1899.0,1399.0,VEGA SAC,True,https://www.oechsle.pe/tableta-samsung-galaxy-tab-a11-plus-sm-x236b-11-wuxga-5g-lte-6gb-128gb-android-15-gris-1001756903/p
Oechsle,Tablets,SAMSUNG,Tablet Samsung Galaxy Tab S10 LITE SM-X406B 10.9 WUXGA 5G LTE 6GB 128GB S Pen Gris,2299.0,1899.0,VEGA SAC,True,https://www.oechsle.pe/tablet-samsung-galaxy-tab-s10-lite-sm-x406b-10-9-wuxga-5g-lte-6gb-128gb-s-pen-gris-1001756456/p
Oechsle,Tablets,SAMSUNG,Tablet Samsung Galaxy TAB A11 4GB 64GB SSD 8.7 - SM-X133 - GRAY,1799.0,549.0,Ivance electronic online,True,https://www.oechsle.pe/tablet-samsung-galaxy-tab-a11-4gb-64gb-ssd-8-7---sm-x133---gray-1001755689/p
Oechsle,Tablets,SAMSUNG,Tablet Samsung GALAXY TAB A11 Plus 6GB 128GB 11 Pulgadas - Graphite,1499.0,999.0,Ivance electronic online,True,https://www.oechsle.pe/tablet-samsung-galaxy-tab-a11-plus-6gb-128gb-11-pulgadas---graphite-1001755675/p
Oechsle,Tablets,SAMSUNG,Tablet Samsung GALAXY TAB A11 Plus 6GB 128GB 11 Pulgadas - Graphite SM-X230,1499.0,999.0,VICMARK,True,https://www.oechsle.pe/tablet-samsung-galaxy-tab-a11-plus-6gb-128gb-11-pulgadas---graphite-sm-x230-1001755656/p
Oechsle,Tablets,SAMSUNG,Tablet Samsung Galaxy TAB A11 4GB 64GB SSD 8.7 - SM-X133 - GRAY,999.0,449.0,VICMARK,True,https://www.oechsle.pe/tablet-samsung-galaxy-tab-a11-4gb-64gb-ssd-8-7---sm-x133---gray-1001755623/p
Oechsle,Tablets,SAMSUNG,Tablet Samsung Galaxy Tab A11 4GB 64GB Gray,939.0,499.0,CARSA,True,https://www.oechsle.pe/tablet-samsung-galaxy-tab-a11-4gb-64gb-gray-1001754853/p
Oechsle,Tablets,APPLE,APPLE PENCIL PRO,639.0,549.0,ZIPPORT,True,https://www.oechsle.pe/apple-pencil-pro-1001726494/p
Oechsle,Tablets,APPLE,APPLE PENCIL USB-C,559.0,459.0,ZIPPORT,True,https://www.oechsle.pe/apple-pencil-usb-c-1001726493/p
Oechsle,Tablets,REDMI,Tablet Xiaomi Redmi Pad 2 128GB 4GB 11 Gris Grafito,999.0,699.0,MERCADOLIBRE,True,https://www.oechsle.pe/tablet-xiaomi-redmi-pad-2-128gb-4gb-11-gris-grafito-1001721747/p
Oechsle,Tablets,REDMI,Tablet XIAOMI Redmi Pad 2 Pro 12.1 8GB 256GB UFS Gray,1999.0,1399.0,MERCADOLIBRE,True,https://www.oechsle.pe/tablet-xiaomi-redmi-pad-2-pro-12-1-8gb-256gb-ufs-gray--1001702639/p
Oechsle,Tablets,XIAOMI,Tablet Xiaomi Redmi Pad 2 Pro 6GB 128GB Gris - Pantalla 2.5K 120Hz  con Snapdragon 7s Gen4,1299.0,1199.0,Mi Tienda,True,https://www.oechsle.pe/tablet-xiaomi-redmi-pad-2-pro-6gb-128gb-gris---pantalla-2-5k-120hz--con-snapdragon-7s-gen4-1001693663/p
Oechsle,Tablets,APPLE,Apple iPad Air M4 11'' WiFi 128GB  Space Gray 2026 y Pencil Pro,4999.0,3299.0,COOLTRADE,True,https://www.oechsle.pe/nuevo-apple-ipad-air-m4-11-wifi-128gb-space-gray-2026-y-pencil-pro-1001687814/p
Oechsle,Tablets,APPLE,Apple iPad Air M4 11'' WiFi 128GB  Starlight 2026 y Pencil Pro,4999.0,3299.0,COOLTRADE,True,https://www.oechsle.pe/nuevo-apple-ipad-air-m4-11-wifi-128gb-starlight-2026-y-pencil-pro-1001687813/p
Oechsle,Tablets,APPLE,Apple iPad Air M4 11'' WiFi 128GB  Purple 2026 y Pencil Pro,4999.0,3299.0,COOLTRADE,True,https://www.oechsle.pe/nuevo-apple-ipad-air-m4-11-wifi-128gb-purple-2026-y-pencil-pro-1001687812/p
Oechsle,Tablets,APPLE,Apple iPad Air M4 11'' WiFi 128GB  Blue 2026 y Pencil Pro,4999.0,3299.0,COOLTRADE,True,https://www.oechsle.pe/nuevo-apple-ipad-air-m4-11-wifi-128gb-blue-2026-y-pencil-pro-1001687811/p
Oechsle,Tablets,SAMSUNG,Tablet SAMSUNG Galaxy A11 8.7 4GB 64GB Gris,549.0,499.0,GRUPO LINEA HOGAR,True,https://www.oechsle.pe/tablet-samsung-galaxy-a11-8-7-4gb-64gb-gris-1001671227/p
Oechsle,Tablets,HONOR,Tablet Honor Pad X7 4GB 128GB WIFI,499.0,489.0,SanyPeru,True,https://www.oechsle.pe/tablet-honor-pad-x7-4gb-128gb-wifi-1001671174/p
Oechsle,Tablets,APPLE,Nuevo iPad Air M4 11'' Wi-Fi 128GB - Starlight,3999.0,2849.0,COOLTRADE,True,https://www.oechsle.pe/nuevo-ipad-air-m4-11-wi-fi-128gb-starlight-1001671058/p
Oechsle,Tablets,APPLE,Nuevo iPad Air M4 11'' Wi-Fi 128GB - Blue,3999.0,2849.0,COOLTRADE,True,https://www.oechsle.pe/nuevo-ipad-air-m4-11-wi-fi-128gb-blue-1001670855/p
Oechsle,Tablets,APPLE,Nuevo iPad Air M4 11'' Wi-Fi 128GB - Purple,3999.0,2849.0,COOLTRADE,True,https://www.oechsle.pe/-nuevo-ipad-air-m4-11-wi-fi-128gb-purple-1001670729/p
Oechsle,Tablets,APPLE,Nuevo iPad Air M4 11'' 2026 Wi-Fi 128GB - Space Gray,3999.0,2849.0,COOLTRADE,True,https://www.oechsle.pe/-nuevo-ipad-air-m4-11-wi-fi-128gb-space-gray-1001670675/p
Oechsle,Tablets,SAMSUNG,TABLET SAMSUNG GALAXY TAB A11 WIFI 4GB RAM 64GB ROM - GRAY,999.0,499.0,IMPORT CASO E.I.R.L.,True,https://www.oechsle.pe/tablet-samsung-galaxy-tab-a11-wifi-4gb-ram-64gb-rom---gray-1001669719/p
Oechsle,Tablets,SAMSUNG,TABLET SAMSUNG GALAXY TAB A11 WIFI 4GB RAM 64GB ROM - GRAY,999.0,499.0,D´TEEC-TECNOLOGÍA ELECTRO,True,https://www.oechsle.pe/tablet-samsung-galaxy-tab-a11-wifi-4gb-ram-64gb-rom---gray-1001669698/p
Oechsle,Tablets,SAMSUNG,TABLET SAMSUNG GALAXY TAB A11 WIFI 4GB RAM 64GB ROM - GRAY,999.0,499.0,RP INVERSIONES,True,https://www.oechsle.pe/tablet-samsung-galaxy-tab-a11-wifi-4gb-ram-64gb-rom---gray-1001669334/p
Oechsle,Tablets,SAMSUNG,TABLET SAMSUNG GALAXY TAB A11 8.7 1340X800 WXGA+ TFT LCD 4GB RAM 64GB ROM NEGRO,988.0,740.0,T-SUPPORT GROUPS,True,https://www.oechsle.pe/tablet-samsung-galaxy-tab-a11-8-7-1340x800-wxga--tft-lcd-4gb-ram-64gb-rom-negro-1001665201/p
Oechsle,Tablets,SAMSUNG,TABLET SAMSUNG GALAXY TAB A11+ 11.0 1920X1200 WUXGA TFT LCD 6GB RAM 128GB ROM NEGRO,1861.6,1190.0,T-SUPPORT GROUPS,True,https://www.oechsle.pe/tablet-samsung-galaxy-tab-a11--11-0-1920x1200-wuxga-tft-lcd-6gb-ram-128gb-rom-negro-1001664481/p
Oechsle,Tablets,SAMSUNG,TABLET SAMSUNG GALAXY TAB A11+ 11.0 1920X1200 WUXGA TFT LCD 6GB RAM 128GB ROM NEGRO,1861.6,1374.0,T-SUPPORT GROUPS,True,https://www.oechsle.pe/tablet-samsung-galaxy-tab-a11--11-0-1920x1200-wuxga-tft-lcd-6gb-ram-128gb-rom-negro-1001664481/p
Oechsle,Tablets,SAMSUNG,Tablet Samsung Galaxy Tab A11 8.7 4GB 64GB Gris,799.0,429.0,Ofertec,True,https://www.oechsle.pe/tablet-samsung-galaxy-tab-a11-8-7-4gb-64gb-gris-1001654583/p
Oechsle,Tablets,XIAOMI,TABLET XIAOMI REDMI PAD 2 256GB 8GB | LAVANDA PÚRPURA,1299.0,949.0,COMPRAFACIL USA,True,https://www.oechsle.pe/tablet-xiaomi-redmi-pad-2-256gb-8gb-lavanda-purpura-1001639937/p
Oechsle,Tablets,XIAOMI,TABLET XIAOMI REDMI PAD 2 PRO 256GB 8GB | LAVANDA PÚRPURA,2139.0,1599.0,COMPRAFACIL USA,True,https://www.oechsle.pe/tablet-xiaomi-redmi-pad-2-pro-256gb-8gb-lavanda-purpura-1001639936/p
Oechsle,Tablets,XIAOMI,TABLET XIAOMI REDMI PAD 2 4G 256GB 8GB | GRIS GRAFITO,1479.0,1279.0,COMPRAFACIL USA,True,https://www.oechsle.pe/tablet-xiaomi-redmi-pad-2-4g-256gb-8gb-gris-grafito-1001639922/p
Oechsle,Tablets,XIAOMI,TABLET XIAOMI PAD 7 AI 256GB 8GB | AZUL,2069.0,1799.0,COMPRAFACIL USA,True,https://www.oechsle.pe/tablet-xiaomi-pad-7-ai-256gb-8gb-azul-1001639892/p
Oechsle,Tablets,XIAOMI,TABLET XIAOMI REDMI PAD 2 PRO 128GB 6GB | GRIS GRAFITO,1639.0,1229.0,COMPRAFACIL USA,True,https://www.oechsle.pe/tablet-xiaomi-redmi-pad-2-pro-128gb-6gb-gris-grafito-1001639419/p
Oechsle,Tablets,XIAOMI,TABLET XIAOMI REDMI PAD 2 128GB 4GB | GRIS GRAFITO,969.0,839.0,COMPRAFACIL USA,True,https://www.oechsle.pe/tablet-xiaomi-redmi-pad-2-128gb-4gb-gris-grafito-1001639401/p
Oechsle,Tablets,XIAOMI,TABLET XIAOMI POCO PAD M1 256GB 8GB | AZUL,1499.0,1299.0,COMPRAFACIL USA,True,https://www.oechsle.pe/tablet-xiaomi-poco-pad-m1-256gb-8gb-azul-1001639344/p
Oechsle,Tablets,APPLE,iPad A16 Wi-Fi MD4E4LL-A 11' 128GB 6GB Pink,2016.0,1867.0,Celulares Peru Smart,True,https://www.oechsle.pe/ipad-a16-wi-fi-md4e4ll-a-11-128gb-6gb-pink-1001633582/p
Oechsle,Tablets,XIAOMI,Tablet Xiaomi Redmi Pad 2 Pro 12.1' 256GB 8GB Silver,1696.0,1570.0,Celulares Peru Smart,True,https://www.oechsle.pe/tablet-xiaomi-redmi-pad-2-pro-12-1-256gb-8gb-silver-1001633552/p
Oechsle,Tablets,XIAOMI,Tablet Xiaomi Redmi Pad 2 11 2.5K WiFi 4GB 128GB HyperOS 2.0 con Android 15 Gris oscuro,899.0,699.0,VEGA SAC,True,https://www.oechsle.pe/tablet-xiaomi-redmi-pad-2-11-2-5k-wifi-4gb-128gb-hyperos-2-0-con-android-15-gris-oscuro-1001602773/p
Oechsle,Tablets,XIAOMI,"Tablet Xiaomi Pad 7 AI 11.2"" 256GB WiFi | Azul",2509.0,1879.0,COMPRAFACIL USA,True,https://www.oechsle.pe/tablet-xiaomi-pad-7-ai-11-2-256gb-wifi-azul-1001602301/p
Oechsle,Tablets,XIAOMI,"Tablet Xiaomi Pad 7 AI 11.2"" 256GB WiFi | Verde",2309.0,1729.0,COMPRAFACIL USA,True,https://www.oechsle.pe/tablet-xiaomi-pad-7-ai-11-2-256gb-wifi-verde-1001602224/p
Oechsle,Tablets,SAMSUNG,"Tablet Samsung Galaxy Tab S10 FE 10.9"" 128GB WiFi + S Pen | Plateado",2069.0,1799.0,COMPRAFACIL USA,True,https://www.oechsle.pe/tablet-samsung-galaxy-tab-s10-fe-10-9-128gb-wifi-s-pen-plateado-1001602223/p
Oechsle,Tablets,XIAOMI,"Tablet Xiaomi Pad 7 AI 11.2"" 256GB WiFi | Gris",2499.0,1869.0,COMPRAFACIL USA,True,https://www.oechsle.pe/tablet-xiaomi-pad-7-ai-11-2-256gb-wifi-gris-1001602221/p
Oechsle,Tablets,XIAOMI,"Tablet Xiaomi Pad 7 AI 11.2"" 128GB WiFi | Verde",2359.0,1769.0,COMPRAFACIL USA,True,https://www.oechsle.pe/tablet-xiaomi-pad-7-ai-11-2-128gb-wifi-verde-1001602219/p
Oechsle,Tablets,XIAOMI,"Tablet Xiaomi Redmi Pad 2 11"" 128GB 4GB Gris Gris",882.0,735.0,Celulares Peru Smart,True,https://www.oechsle.pe/tablet-xiaomi-redmi-pad-2-11-128gb-4gb-gris-gris-1001562938/p
Oechsle,Tablets,SAMSUNG,Tablet Samsung Galaxy Tab S10 FE 10.9 Pulg. WUXGA  256GB 12GB RAM GRIS,3499.0,2499.0,VICMARK,True,https://www.oechsle.pe/tablet-samsung-galaxy-tab-s10-fe-10-9-pulg-wuxga-256gb-12gb-ram-azul-1001535826/p
Oechsle,Tablets,SAMSUNG,Tablet Samsung Galaxy Tab S10 FE 10.9 Pulg. WUXGA  256GB 12GB RAM SILVER,3499.0,2199.0,VICMARK,True,https://www.oechsle.pe/-tablet-samsung-galaxy-tab-s10-fe-10-9-pulg-wuxga-256gb-12gb-ram-silver-1001535706/p
Oechsle,Tablets,SAMSUNG,Tablet Samsung Galaxy TAB A11 SM-X133 4GB Ram - 64GB 8.7 Pulgadas,999.0,469.0,IMPORTACIONES HUANKITA EIRL,True,https://www.oechsle.pe/tablet-samsung-galaxy-tab-a11-sm-x133-4gb-ram-64gb-8-7-pulgadas-1001533351/p
Oechsle,Tablets,SAMSUNG,Tablet Samsung Galaxy Tab S10 Lite 10.9 Pulg. 8GB 256GB con S Pen - Gray,2999.0,1599.0,VICMARK,True,https://www.oechsle.pe/tablet-samsung-galaxy-tab-s10-lite-10-9-pulg-8gb-256gb-con-s-pen-gray-1001533060/p
Oechsle,Tablets,SAMSUNG,"TABLET SAMSUNG GALAXY TAB S10 FE, 10.9"" 2304 X 1440 (WUXGA+) 90HZ, LCD",3740.0,2745.0,T-SUPPORT GROUPS,True,https://www.oechsle.pe/tablet-samsung-galaxy-tab-s10-fe-10-9-2304-x-1440-wuxga-90hz-lcd-1001527153/p
Oechsle,Tablets,SAMSUNG,"TABLET SAMSUNG GALAXY TAB S10 FE+ 13.1"" 2880 X 1800 (WQUXGA) 90HZ, LCD, 5G",4408.3,3289.0,T-SUPPORT GROUPS,True,https://www.oechsle.pe/tablet-samsung-galaxy-tab-s10-fe-13-1-2880-x-1800-wquxga-90hz-lcd-5g-1001527019/p
Oechsle,Tablets,APPLE,"IPAD 2021 10.2"" 64GB (WI-FI + CELLULAR) APPLE PLATEADO REACONDICIONADO",1499.0,1299.0,COMPRAFACIL USA,True,https://www.oechsle.pe/-reacondicionad0-apple-ipad-2021-10-2-64gb-wi-fi-celular-plateado-1001516977/p
Oechsle,Tablets,APPLE,"IPAD 2021 10.2"" 256GB (WI-FI) APPLE PLATEADO REACONDICIONADO",1819.0,1359.0,COMPRAFACIL USA,True,https://www.oechsle.pe/-reacondicionad0-apple-ipad-2021-10-2-256gb-wi-fi-plateado-1001516936/p
Oechsle,Tablets,APPLE,"IPAD 2021 10.2"" 256GB (WI-FI + CELLULAR) APPLE GRIS ESPACIAL REACONDICIONADO",1709.0,1279.0,COMPRAFACIL USA,True,https://www.oechsle.pe/-reacondicionad0-apple-ipad-2021-10-2-256gb-wi-fi-celular-gris-espacial-1001516915/p
Oechsle,Tablets,APPLE,"IPAD 2021 10.2"" 64GB (WI-FI + CELLULAR) APPLE GRIS ESPACIAL REACONDICIONADO",1039.0,899.0,COMPRAFACIL USA,True,https://www.oechsle.pe/-reacondicionad0-apple-ipad-2021-10-2-64gb-wi-fi-celular-gris-espacial-1001516452/p
Oechsle,Tablets,APPLE,"IPAD 2021 10.2"" 64GB (WI-FI) APPLE GRIS ESPACIAL REACONDICIONADO",1039.0,899.0,COMPRAFACIL USA,True,https://www.oechsle.pe/-reacondicionad0-apple-ipad-2021-10-2-64gb-wi-fi-gris-espacial-1001516444/p
Oechsle,Tablets,APPLE,"IPAD 2021 10.2"" 256GB (WI-FI + CELLULAR) APPLE PLATEADO REACONDICIONADO",2909.0,2179.0,COMPRAFACIL USA,True,https://www.oechsle.pe/-reacondicionad0-apple-ipad-2021-10-2-256gb-wi-fi-celular-plateado-1001516428/p
Oechsle,Tablets,APPLE,"IPAD 2021 10.2"" 64GB (WI-FI) APPLE PLATEADO REACONDICIONADO",1039.0,899.0,COMPRAFACIL USA,True,https://www.oechsle.pe/-reacondicionad0-apple-ipad-2021-10-2-64gb-wi-fi-plateado-1001516426/p
Oechsle,Tablets,APPLE,"IPAD 2021 10.2"" 256GB (WI-FI) APPLE GRIS ESPACIAL REACONDICIONADO",1379.0,1199.0,COMPRAFACIL USA,True,https://www.oechsle.pe/-reacondicionad0-apple-ipad-2021-10-2-256gb-wi-fi-gris-espacial-1001516399/p
Oechsle,Tablets,APPLE,"IPAD 6ª GEN 9.7"" 32GB (WI-FI + CELLULAR) APPLE ORO REACONDICIONADO",919.0,799.0,COMPRAFACIL USA,True,https://www.oechsle.pe/-reacondicionad0-apple-ipad-6ª-gen-9-7-32gb-wi-fi-cellular-oro-1001506812/p
Oechsle,Tablets,SAMSUNG,Tablet Samsung Galaxy Tab S10 FE SM-X520 10.9 2304x1440 WUXGA+ WiFi 8GB 128GB S-Pen Gris,1999.0,1799.0,VEGA SAC,True,https://www.oechsle.pe/tablet-samsung-galaxy-tab-s10-fe-sm-x520-10-9-2304x1440-wuxga-wifi-8gb-128gb-s-pen-gris-1001501939/p
Oechsle,Tablets,SAMSUNG,"Tablet SAMSUNG Galaxy A11+ 11"" 6GB 128GB Gris",999.0,799.0,Plaza Vea,True,https://www.oechsle.pe/tablet-samsung-galaxy-a11--11--6gb-128gb-gris-1001424240/p
Oechsle,Tablets,APPLE,iPad 10.2 32GB 8TH Gen Chip A12 WIFI Plateado,1699.0,1049.0,CIROX ELECTRONICS S.A.C,True,https://www.oechsle.pe/ipad-10-2-32gb-8th-gen-chip-a12-wifi-plateado-1001400725/p
Oechsle,Tablets,HONOR,Tablet HONOR Pad X7 8.7''4GB 128GB Space Gray,499.0,469.0,Plaza Vea,True,https://www.oechsle.pe/tablet-honor-pad-x7-8-7--4gb-128gb-space-gray-1001396086/p
Oechsle,Tablets,APPLE,"IPAD APPLE 10.9"" OLED 10MA GEN 64GB 4G LTE RESOLUCION 2360DPI 12MP WI-FI COLOR PLATA P/N: MQ6J3LZ/A",4259.99,4259.99,EAC CONSULTING,True,https://www.oechsle.pe/ipad-apple-10-9-oled-10ma-gen-64gb-4g-lte-resolucion-2360dpi-12mp-wi-fi-color-plata-p-n-mq6j3lz-a-1001393715/p
Oechsle,Tablets,SAMSUNG,"Tablet Samsung Galaxy Tab S10 FE+, 13.1"" (2880x1800)(WQUXGA) LCD, 8GB RAM + 128GB ROM",3269.0,2942.0,SIMI PERÚ,True,https://www.oechsle.pe/tablet-samsung-galaxy-tab-s10-fe--13-1---2880x1800--wquxga--lcd-8gb-ram---128gb-rom-1001393584/p
Oechsle,Tablets,SAMSUNG,Tablet Samsung Tab S10 Lite 10.9 128GB 6GB Grey Grey,1423.0,1318.0,Celulares Peru Smart,True,https://www.oechsle.pe/tablet-samsung-tab-s10-lite-10-9-128gb-6gb-grey-grey-1001381472/p
Oechsle,Tablets,REDMI,TABLET XIAOMI REDMI PAD PRO-12 8GB 256GB GRAPHITE GRAY,1599.0,1589.0,JB EIRL,True,https://www.oechsle.pe/tablet-xiaomi-redmi-pad-pro-12-8gb-256gb-graphite-gray-1001380731/p
Oechsle,Tablets,APPLE,"IPAD PRO 13"" (2025) M5 2TB (WI-FI + CELLULAR) - GLASS NANOTEXTURIZADO APPLE SPACE BLACK",14609.0,12699.0,COMPRAFACIL USA,True,https://www.oechsle.pe/ipad-pro-m5-2025-13-wifi-cellular-2tb-glass-nanotexturizado-space-black-1001380099/p
Oechsle,Tablets,APPLE,"IPAD PRO 11"" (2025) M5 1TB (WI-FI + CELLULAR) APPLE SILVER",10349.0,8999.0,COMPRAFACIL USA,True,https://www.oechsle.pe/ipad-pro-m5-2025-11-wifi-cellular-1tb-silver-1001380091/p
Oechsle,Tablets,APPLE,"IPAD PRO 13"" (2025) M5 1TB (WI-FI + CELLULAR) APPLE SPACE BLACK",12189.0,10599.0,COMPRAFACIL USA,True,https://www.oechsle.pe/ipad-pro-m5-2025-13-wifi-cellular-1tb-space-black-1001380085/p
Oechsle,Tablets,APPLE,iPad 11 Apple 128GB Silver Wi-Fi con Chip A16,2499.0,1699.0,Ofertec,True,https://www.oechsle.pe/ipad-11-apple-128gb-silver-wi-fi-con-chip-a16-1001338439/p
Oechsle,Tablets,SAMSUNG,"Tablet Samsung Galaxy Tab S10 FE, 10.9"" (2304x1440)(WUXGA+) LCD, 8GB RAM + 128GB ROM",2984.0,2387.0,SIMI PERÚ,True,https://www.oechsle.pe/tablet-samsung-galaxy-tab-s10-fe-10-9-2304x1440-wuxga-lcd-8gb-ram-128gb-rom-1001320317/p
Oechsle,Tablets,XIAOMI,Tablet Xiaomi Redmi Pad 2 9000mha 11Pulg.  2.5K  - Gris,899.0,779.0,SMART PRODUCTS,True,https://www.oechsle.pe/tablet-xiaomi-redmi-pad-2-9000mha-2-5k---gris-1001269340/p
Oechsle,Tablets,XIAOMI,"TABLET XIAOMI REDMI PAD SE DUAL SIM  8.7"" 4-128GB - GRIS",799.0,799.0,SMART PRODUCTS,True,https://www.oechsle.pe/tablet-xiaomi-redmi-pad-se-dual-sim--8-7--4-128gb---gris-1001269194/p
Oechsle,Tablets,XIAOMI,Tablet Xiaomi Redmi Pad 2 4G 128GB Gris - Pantalla 90Hz 2.5K con 4 Parlantes y 9000mAh.,799.0,749.0,Mi Tienda,True,https://www.oechsle.pe/tablet-xiaomi-redmi-pad-2-graphite-gray-4g-ram-128g-rom-1001263195/p
Oechsle,Tablets,XIAOMI,Tablet Xiaomi Redmi Pad 2 4G 128GB Verde - Pantalla 90Hz 2.5K con 4 Parlantes y 9000mAh.,799.0,729.0,Mi Tienda,True,https://www.oechsle.pe/tablet-xiaomi-redmi-pad-2-mint-green-4g-ram-128g-rom-1001263156/p
Oechsle,Tablets,APPLE,"iPad A16 Wi-Fi MD3Y4LL/A 11"" 128GB 6GB Silver",1743.0,1614.0,Celulares Peru Smart,True,https://www.oechsle.pe/ipad-a16-wi-fi-md3y4ll-a-11-128gb-6gb-silver-1001248877/p
Oechsle,Tablets,SAMSUNG,"Tablet SAMSUNG Galaxy S10FE+ 13"" 8GB 128GB Gris",2899.0,2699.0,Plaza Vea,True,https://www.oechsle.pe/tablet-samsung-galaxy-s10fe--13--8gb-128gb-gris-1001199564/p
Oechsle,Tablets,SAMSUNG,Tablet Samsung Galaxy Tab S10 FE 128GB 8GB RAM Gris mas Regalo,2499.0,1609.0,Techpro Store,True,https://www.oechsle.pe/tablet-samsung-galaxy-tab-s10-fe-128gb-8gb-ram-gris-1001183969/p
Oechsle,Tablets,APPLE,"Apple iPad Air 11"" M3 128GB Purple",4599.0,4599.0,INNOVATECH STORE,True,https://www.oechsle.pe/apple-ipad-air-11-m3-128gb-purple-1001182530/p
Oechsle,Tablets,SAMSUNG,Tablet Samsung Galaxy Tab S10 FE+ 131 2880x1800 WQUXGA 90Hz LCD 5G,3752.0,3377.0,SIMI PERÚ,True,https://www.oechsle.pe/tablet-samsung-galaxy-tab-s10-fe-131-2880x1800-wquxga-90hz-lcd-5g-1001160009/p
Oechsle,Tablets,SAMSUNG,Tablet Samsung Tab S10 FE 10.9 128GB 8GB Azul,2040.0,1889.0,Celulares Peru Smart,True,https://www.oechsle.pe/tablet-samsung-tab-s10-fe-10-9-128gb-8gb-azul-1001138193/p
Oechsle,Tablets,APPLE,"Apple iPad Air 13"" Chip M2 Wifi 2024 256GB - Purple",8499.0,8499.0,Oh! Shop,True,https://www.oechsle.pe/apple-ipad-air-13-chip-m2-wifi-2024-256gb-purple-1001137240/p
Oechsle,Tablets,SAMSUNG,Tablet Samsung Tab S10 FE 10.9 128GB 8GB Gris,2123.0,1966.0,Celulares Peru Smart,True,https://www.oechsle.pe/tablet-samsung-tab-s10-fe-10-9-128gb-8gb-gris-1001137133/p
Oechsle,Tablets,SAMSUNG,"TABLET SAMSUNG GALAXY TAB S10 ULTRA 14.6"" DYNAMIC AMOLED 2X 12GB+512GB 13MP+8MP P/N: SM-X920NZAHPEO",6726.7,6726.7,EAC CONSULTING,True,https://www.oechsle.pe/tablet-samsung-galaxy-tab-s10-ultra-14-6-dynamic-amoled-2x-12gb-512gb-13mp-8mp-p-n-sm-x920nzahpeo-1001136079/p
Oechsle,Tablets,SAMSUNG,"TABLET SAMSUNG GALAXY SM-X516B TAB S9 FE 10.9"" 5G OCTA-CORE 6GB 128GB GRIS P/N: SM-X516BZAAPEO",1882.55,1882.55,EAC CONSULTING,True,https://www.oechsle.pe/tablet-samsung-galaxy-sm-x516b-tab-s9-fe-10-9-5g-octa-core-6gb-128gb-gris-p-n-sm-x516bzaapeo-1001130493/p
Oechsle,Tablets,APPLE,"Apple iPad 11"" Chip A16 256gb Wifi 2025 Silver con Mica Hidrogel",3199.0,2399.0,M&M CELULARES,True,https://www.oechsle.pe/apple-ipad-11--chip-a16-256gb-wifi-2025-silver-con-mica-hidrogel-1001083636/p
Oechsle,Tablets,APPLE,"IPAD 11"" (2025) 11VA GEN CHIP A16 (WI-FI) 256GB APPLE",2649.0,2299.0,COMPRAFACIL USA,True,https://www.oechsle.pe/ipad-11-2025-11va-gen-chip-a16-wifi-256gb-1001030822/p
Oechsle,Tablets,APPLE,"IPAD 11"" (2025) 11VA GEN CHIP A16 (WI-FI) 128GB APPLE",1899.0,1649.0,COMPRAFACIL USA,True,https://www.oechsle.pe/ipad-11-2025-11va-gen-chip-a16-wifi-128gb-1001030813/p
Oechsle,Tablets,APPLE,"IPAD 11"" (2025) 11VA GEN CHIP A16 (WI-FI) 128GB APPLE",1789.0,1499.0,COMPRAFACIL USA,True,https://www.oechsle.pe/ipad-11-2025-11va-gen-chip-a16-wifi-128gb-1001030813/p
Oechsle,Tablets,APPLE,"IPAD 11"" (2025) 11VA GEN CHIP A16 (WI-FI + CELLULAR) APPLE 128GB",2989.0,2599.0,COMPRAFACIL USA,True,https://www.oechsle.pe/ipad-11-2025-11va-gen-chip-a16-wifi-celular-128gb-1001030810/p
Oechsle,Tablets,APPLE,"Apple iPad Pro 13"" Chip M4 Wifi 2024 512GB - Space Black",10999.0,10999.0,Oh! Shop,True,https://www.oechsle.pe/apple-ipad-pro-13--chip-m4-wifi-2024-512gb---space-black-1000925747/p
Oechsle,Tablets,APPLE,"Apple iPad Air 13"" Chip M2 Wifi 2024 256GB - Purple + Apple Pencil Pro",8699.0,8699.0,Oh! Shop,True,https://www.oechsle.pe/apple-ipad-air-13--chip-m2-wifi-2024-256gb---purple---apple-pencil-pro-1000925703/p
Oechsle,Tablets,APPLE,"Apple iPad Pro 13"" Chip M4 Wifi 2024 256GB - Silver + Apple Pencil USB-C",9999.0,9999.0,Oh! Shop,True,https://www.oechsle.pe/apple-ipad-pro-13--chip-m4-wifi-2024-256gb---silver---apple-pencil-usb-c-1000925480/p
Oechsle,Tablets,APPLE,"Apple iPad Air 13"" Chip M2 Wifi 2024 128GB - Space Gray + Apple Pencil USB-C",4999.0,4999.0,Oh! Shop,True,https://www.oechsle.pe/apple-ipad-air-13--chip-m2-wifi-2024-128gb---space-gray---apple-pencil-usb-c-1000925335/p
Oechsle,Tablets,APPLE,"Apple iPad Air 13"" Chip M2 Wifi 2024 128GB - Blue",4499.0,4499.0,Oh! Shop,True,https://www.oechsle.pe/apple-ipad-air-13--chip-m2-wifi-2024-128gb---blue-1000925186/p
Oechsle,Tablets,APPLE,"Apple iPad Pro 13"" Chip M4 Wifi 2024 512GB - Silver",10999.0,10999.0,Oh! Shop,True,https://www.oechsle.pe/apple-ipad-pro-13--chip-m4-wifi-2024-512gb---silver-1000925084/p
Oechsle,Tablets,APPLE,"Apple iPad Pro 13"" Chip M4 Wifi 2024 512GB - Silver + Apple Pencil USB-C",11999.0,11999.0,Oh! Shop,True,https://www.oechsle.pe/apple-ipad-pro-13--chip-m4-wifi-2024-512gb---silver---apple-pencil-usb-c-1000925023/p
Oechsle,Tablets,APPLE,"Apple iPad Pro 11"" Chip M4 Wifi 2024 512GB - Silver",8299.0,8299.0,Oh! Shop,True,https://www.oechsle.pe/apple-ipad-pro-11--chip-m4-wifi-2024-512gb---silver-1000925018/p
Oechsle,Tablets,APPLE,"Apple iPad Pro 13"" Chip M4 Wifi 2024 256GB - Silver + Apple Pencil Pro",9999.0,9999.0,Oh! Shop,True,https://www.oechsle.pe/apple-ipad-pro-13--chip-m4-wifi-2024-256gb---silver---apple-pencil-pro-1000924592/p
Oechsle,Tablets,APPLE,"Apple iPad Air 13"" Chip M2 Wifi 2024 128GB - Blue + Apple Pencil USB-C",6699.0,6699.0,Oh! Shop,True,https://www.oechsle.pe/apple-ipad-air-13--chip-m2-wifi-2024-128gb---blue---apple-pencil-usb-c-1000924559/p
Oechsle,Tablets,APPLE,"Apple iPad Pro 11"" Chip M4 Wifi 2024 512GB - Silver + Apple Pencil Pro",9299.0,9299.0,Oh! Shop,True,https://www.oechsle.pe/apple-ipad-pro-11--chip-m4-wifi-2024-512gb---silver---apple-pencil-pro-1000924249/p
Oechsle,Tablets,APPLE,"Apple iPad Air 13"" Chip M2 Wifi 2024 256GB - Blue + Apple Pencil USB-C",8699.0,8699.0,Oh! Shop,True,https://www.oechsle.pe/apple-ipad-air-13--chip-m2-wifi-2024-256gb---blue---apple-pencil-usb-c-1000924077/p
Oechsle,Tablets,APPLE,"Apple iPad Pro 11"" Chip M4 Wifi 2024 512GB - Silver + Apple Pencil USB-C",9699.0,9699.0,Oh! Shop,True,https://www.oechsle.pe/apple-ipad-pro-11--chip-m4-wifi-2024-512gb---silver---apple-pencil-usb-c-1000924022/p
Oechsle,Tablets,APPLE,"Apple iPad Air 13"" Chip M2 Wifi 2024 128GB - Purple",6499.0,6499.0,Oh! Shop,True,https://www.oechsle.pe/apple-ipad-air-13--chip-m2-wifi-2024-128gb---purple-1000923972/p
Oechsle,Tablets,APPLE,"Apple iPad Air 13"" Chip M2 Wifi 2024 256GB - Blue",8499.0,8499.0,Oh! Shop,True,https://www.oechsle.pe/apple-ipad-air-13--chip-m2-wifi-2024-256gb---blue-1000923908/p
Oechsle,Tablets,APPLE,"Apple iPad Pro 13"" Chip M4 Wifi 2024 512GB - Space Black + Apple Pencil USB-C",11999.0,11999.0,Oh! Shop,True,https://www.oechsle.pe/apple-ipad-pro-13--chip-m4-wifi-2024-512gb---space-black---apple-pencil-usb-c-1000923871/p
Oechsle,Tablets,APPLE,"Apple iPad Air 13"" Chip M2 Wifi 2024 256GB - Purple + Apple Pencil USB-C",8699.0,8699.0,Oh! Shop,True,https://www.oechsle.pe/apple-ipad-air-13--chip-m2-wifi-2024-256gb---purple---apple-pencil-usb-c-1000923791/p
Oechsle,Tablets,APPLE,"Apple iPad Air 13"" Chip M2 Wifi 2024 128GB - Space Gray",6499.0,6499.0,Oh! Shop,True,https://www.oechsle.pe/apple-ipad-air-13--chip-m2-wifi-2024-128gb---space-gray-1000923748/p
Oechsle,Tablets,APPLE,"Apple iPad Pro 13"" Chip M4 Wifi 2024 256GB - Silver",8999.0,8999.0,Oh! Shop,True,https://www.oechsle.pe/apple-ipad-pro-13--chip-m4-wifi-2024-256gb---silver-1000923624/p
Oechsle,Tablets,APPLE,"Apple iPad Pro 11"" Chip M4 Wifi 2024 256GB - Space Black + Apple Pencil Pro",5999.0,5999.0,Oh! Shop,True,https://www.oechsle.pe/apple-ipad-pro-11--chip-m4-wifi-2024-256gb---space-black---apple-pencil-pro-1000923577/p
Oechsle,Tablets,APPLE,"Apple iPad Pro 13"" Chip M4 Wifi 2024 256GB - Space Black",8999.0,8999.0,Oh! Shop,True,https://www.oechsle.pe/apple-ipad-pro-13--chip-m4-wifi-2024-256gb---space-black-1000923354/p
Oechsle,Tablets,APPLE,"Apple iPad Air 13"" Chip M2 Wifi 2024 256GB - Starlight + Apple Pencil Pro",8699.0,8699.0,Oh! Shop,True,https://www.oechsle.pe/apple-ipad-air-13--chip-m2-wifi-2024-256gb---starlight---apple-pencil-pro-1000923158/p
Oechsle,Tablets,APPLE,"Apple iPad Air 11"" Chip M2 Wifi 2024 128GB - Purple + Apple Pencil USB-C",3899.0,3899.0,Oh! Shop,True,https://www.oechsle.pe/apple-ipad-air-11--chip-m2-wifi-2024-128gb---purple---apple-pencil-usb-c-1000923110/p
Oechsle,Tablets,APPLE,"Apple iPad Pro 11"" Chip M4 Wifi 2024 512GB - Space Black",8299.0,8299.0,Oh! Shop,True,https://www.oechsle.pe/apple-ipad-pro-11--chip-m4-wifi-2024-512gb---space-black-1000923085/p
Oechsle,Tablets,APPLE,"Apple iPad Pro 11"" Chip M4 Wifi 2024 512GB - Space Black + Apple Pencil Pro",9299.0,9299.0,Oh! Shop,True,https://www.oechsle.pe/apple-ipad-pro-11--chip-m4-wifi-2024-512gb---space-black---apple-pencil-pro-1000922718/p
Oechsle,Tablets,APPLE,"Apple iPad Air 13"" Chip M2 Wifi 2024 128GB - Purple + Apple Pencil USB-C",6899.0,6899.0,Oh! Shop,True,https://www.oechsle.pe/apple-ipad-air-13--chip-m2-wifi-2024-128gb---purple---apple-pencil-usb-c-1000922712/p
Oechsle,Tablets,APPLE,"Apple iPad Air 13"" Chip M2 Wifi 2024 128GB - Starlight + Apple Pencil USB-C",7899.0,7899.0,Oh! Shop,True,https://www.oechsle.pe/apple-ipad-air-13--chip-m2-wifi-2024-128gb---starlight---apple-pencil-usb-c-1000922630/p
Oechsle,Tablets,APPLE,"Apple iPad Air 13"" Chip M2 Wifi 2024 128GB - Blue + Apple Pencil Pro",7099.0,7099.0,Oh! Shop,True,https://www.oechsle.pe/apple-ipad-air-13--chip-m2-wifi-2024-128gb---blue---apple-pencil-pro-1000922065/p
Oechsle,Tablets,APPLE,"Apple iPad Air 13"" Chip M2 Wifi 2024 256GB - Space Gray + Apple Pencil USB-C",8699.0,8699.0,Oh! Shop,True,https://www.oechsle.pe/apple-ipad-air-13--chip-m2-wifi-2024-256gb---space-gray---apple-pencil-usb-c-1000921934/p
Oechsle,Tablets,APPLE,"Apple iPad Air 13"" Chip M2 Wifi 2024 256GB - Space Gray + Apple Pencil Pro",8699.0,8699.0,Oh! Shop,True,https://www.oechsle.pe/apple-ipad-air-13--chip-m2-wifi-2024-256gb---space-gray---apple-pencil-pro-1000921933/p
Oechsle,Tablets,APPLE,"Apple iPad Pro 13"" Chip M4 Wifi 2024 256GB - Space Black + Apple Pencil Pro",6999.0,6999.0,Oh! Shop,True,https://www.oechsle.pe/apple-ipad-pro-13--chip-m4-wifi-2024-256gb---space-black---apple-pencil-pro-1000921776/p
Oechsle,Tablets,APPLE,"Apple iPad Pro 13"" Chip M4 Wifi 2024 512GB - Silver + Apple Pencil Pro",11999.0,11999.0,Oh! Shop,True,https://www.oechsle.pe/apple-ipad-pro-13--chip-m4-wifi-2024-512gb---silver---apple-pencil-pro-1000921748/p
Oechsle,Tablets,APPLE,"Apple iPad Pro 13"" Chip M4 Wifi 2024 512GB - Space Black + Apple Pencil Pro",11999.0,11999.0,Oh! Shop,True,https://www.oechsle.pe/apple-ipad-pro-13--chip-m4-wifi-2024-512gb---space-black---apple-pencil-pro-1000921681/p
Oechsle,Tablets,APPLE,"Apple iPad Pro 11"" Chip M4 Wifi 2024 256GB - Silver",5499.0,5499.0,Oh! Shop,True,https://www.oechsle.pe/apple-ipad-pro-11--chip-m4-wifi-2024-256gb---silver-1000921636/p
Oechsle,Tablets,APPLE,"Apple iPad Air 13"" Chip M2 Wifi 2024 128GB - Purple + Apple Pencil Pro",7799.0,7799.0,Oh! Shop,True,https://www.oechsle.pe/apple-ipad-air-13--chip-m2-wifi-2024-128gb---purple---apple-pencil-pro-1000921635/p
Oechsle,Tablets,SAMSUNG,"Tablet SAMSUNG S6 LITE 2024 10.4"" 4GB 128GB Negro",1299.0,1299.0,Plaza Vea,True,https://www.oechsle.pe/tablet-samsung-s6-lite-2024-10-4--4gb-128gb-negro-1000838258/p
Oechsle,Tablets,APPLE,iPad Air 11 WiFi 128GB Blue,3499.0,3299.0,oechsle,True,https://www.oechsle.pe/ipad-air-11-wifi-128gb-blue-3157998/p
Oechsle,Tablets,APPLE,"Ipad Air 11"" WIFI 8GB RAM 128GB Space Gray",3499.0,3299.0,oechsle,True,https://www.oechsle.pe/ipad-air-11--wifi-8gb-ram-128gb-space-gray-3115840/p
Oechsle,Tablets,XIAOMI,"Tablet Redmi Pad 2 9.7"" Grap Gray 4GB RAM 128GB ROM",799.0,499.0,oechsle,True,https://www.oechsle.pe/redmi-pad-2-9-7--grap-gray-4gb-ram-128gb-rom-3115839/p
Oechsle,Tablets,HONOR,Tablet Honor Pad X8B 4Gb + 128Gb Grey,799.0,729.0,oechsle,True,https://www.oechsle.pe/tablet-honor-pad-x8b-4gb---128gb-grey-3083795/p
Oechsle,Tablets,HONOR,Tablet Honor PAD X7 128GB,499.0,469.0,oechsle,True,https://www.oechsle.pe/tablet-honor-pad-x7-128gb-3034690/p
Oechsle,Tablets,HONOR,Tablet Honor PAD 10 256GB,1699.0,1699.0,oechsle,True,https://www.oechsle.pe/tablet-honor-pad-10-256gb-3034689/p
Oechsle,Tablets,XIAOMI,Tablet Redmi Pad 2 Pro 6GB+128GB Graphite Gray + Smart Pen,1399.0,1399.0,oechsle,True,https://www.oechsle.pe/tablet-redmi-pad-2-pro-6gb-128gb-graphite-gray---smart-pen-3034679/p
Oechsle,Tablets,SAMSUNG,"Tablet Samsung Galaxy Tab A11 11"" 6Gb + 128Gb Gris",1099.0,899.0,oechsle,True,https://www.oechsle.pe/tablet-samsung-galaxy-tab-a11-11--6gb---128gb-gris-3016768/p
Oechsle,Tablets,SAMSUNG,"Tablet Samsung Galaxy Tab A11 8.7"" 4GB + 64GB Gris",499.0,459.0,oechsle,True,https://www.oechsle.pe/tablet-samsung-galaxy-tab-a11-8-7--4gb---64gb-gris-2985849/p
Oechsle,Tablets,XIAOMI,Redmi Pad 2 Mint Green 4GB RAM 128GB ROM,699.0,699.0,oechsle,True,https://www.oechsle.pe/redmi-pad-2-mint-green-4gb-ram-128gb-rom-2975601/p
Oechsle,Tablets,SAMSUNG,"Tablet Samsung Galaxy Tab S11 11"" 128GB Gris + S Pen",3799.0,3099.0,oechsle,True,https://www.oechsle.pe/tablet-samsung-galaxy-tab-s11-11--128gb-gris---s-pen-2974959/p
Oechsle,Tablets,SAMSUNG,"Galaxy Tab S10 FE Plus 128GB 8GB 13""",2899.0,2699.0,oechsle,True,https://www.oechsle.pe/galaxy-tab-s10-fe-plus-sm-x620nlbapeo-128gb-8gb-13--2870859/p
Oechsle,Accesorios,APPLE,Cargador Apple iPhone 20W USB-C Power Adapter-AME,109.0,89.0,oechsle,True,https://www.oechsle.pe/cargador-apple-iphone-20w-usb-c-power-adapter-ame-2800271/p
Oechsle,Accesorios,XIAOMI,Kit Fotográfico For Xiaomi 17 Ultra Original 2026,899.0,519.0,M&M CELULARES,True,https://www.oechsle.pe/kit-fotografico-for-xiaomi-17-ultra-original-2026-1001968640/p
Oechsle,Accesorios,APPLE,Apple Pencil Pro – Lápiz Digital Profesional,737.0,614.0,Celulares Peru Smart,True,https://www.oechsle.pe/apple-pencil-pro-–-lapiz-digital-profesional-1001393888/p
Oechsle,Accesorios,MOTOROLA,Audífono Bluetooth Motorola Moto XT500 Plus Siri Google Assistant,299.0,159.0,ImportacionesCoelva,True,https://www.oechsle.pe/audifono-bluetooth-motorola-moto-xt500-plus-siri-google-assistant-1001341813/p
Oechsle,Accesorios,SAMSUNG,Samsung S Pen Galaxy Note 20 / Note 20 Ultra,239.0,199.0,VASIL TECHNOLOGY’S,True,https://www.oechsle.pe/samsung-s-pen-galaxy-note-20---note-20-ultra-1001280326/p
Oechsle,Accesorios,XIAOMI,Audifonos Xiaomi Air 4 Se Enjoy A Gift Box - Blanco,199.0,149.0,SMART PRODUCTS,True,https://www.oechsle.pe/audifonos-xiaomi-air-4-se-enjoy-a-gift-box---blanco-1001269258/p
Oechsle,Accesorios,XIAOMI,Audífonos Inalámbricos Xiaomi Redmi Buds 6 Play Bluetooth 5.4 - Negro,99.0,55.0,SMART PRODUCTS,True,https://www.oechsle.pe/audifonos-inalambricos-xiaomi-redmi-buds-6-play-bluetooth-5-4---negro-1001269183/p
Oechsle,Accesorios,SAMSUNG,Cargador Carga Rapida SAMSUNG De 45W CON CABLE TIPO C A C,259.0,159.0,EXCLUSIVA OFICIAL,True,https://www.oechsle.pe/cargador-carga-rapida-samsung-de-45w-con-cable-tipo-c-a-c-1001169228/p
Oechsle,Accesorios,SAMSUNG,Samsung S-pen lápiz stylus compatible con Galaxy Z Fold 3,169.0,169.0,PRODELCOM,True,https://www.oechsle.pe/samsung-s-pen-lapiz-stylus-compatible-con-galaxy-z-fold-3-1000962466/p
Oechsle,Accesorios,XIAOMI,Correa de Silicona Para Xiaomi Mi Band 6 - Negro,50.0,33.0,IMPORTACIONESFAYAD,True,https://www.oechsle.pe/correa-de-silicona-para-xiaomi-mi-band-6-negro-1000221520/p
Oechsle,Accesorios,APPLE,Apple Airpods Pro 3ra Generación,1199.0,1099.0,oechsle,True,https://www.oechsle.pe/apple-airpods-pro-3ra-generacion-3056487/p
Oechsle,Accesorios,SAMSUNG,Adaptador De Carga Rápida USB-C (25W) Con Cable,139.0,139.0,oechsle,True,https://www.oechsle.pe/adaptador-de-carga-rapida-usb-c--25w--con-cable-2997628/p
Oechsle,Accesorios,SAMSUNG,Case A36 Negro,89.0,89.0,oechsle,True,https://www.oechsle.pe/case-a36-negro-2925428/p
Oechsle,Accesorios,APPLE,AirPods 4ta Generación,699.0,599.0,oechsle,True,https://www.oechsle.pe/airpods-apple-4-ame-2870499/p
Oechsle,Accesorios,APPLE,Cable cargador 60W USB-C (1M)-AME,99.0,89.0,oechsle,True,https://www.oechsle.pe/cable-cargador-60w-usb-c-1m-ame-2870498/p
Oechsle,Accesorios,APPLE,AirPods 4ta Generación (Con cancelación de ruido),999.0,799.0,oechsle,True,https://www.oechsle.pe/airpods-apple-4-anc-ame-2870497/p
Oechsle,Accesorios,XIAOMI,Audífonos Redmi Buds 4 Active Blanco,99.0,69.0,oechsle,True,https://www.oechsle.pe/audifonos-redmi-buds-4-active-blanco-2540326/p
Oechsle,Accesorios,APPLE,Apple Cable Lightning USB (2 m) Blanco,149.0,149.0,oechsle,True,https://www.oechsle.pe/apple-cable-lightning-usb-2-m-blanco-2526282/p
Oechsle,Accesorios,APPLE,Apple Cable Lightning USB (1 m) Blanco,99.0,89.0,oechsle,True,https://www.oechsle.pe/apple-cable-lightning-usb-1-m-blanco-2526275/p
Falabella,Smartphones,SAMSUNG,Celular Galaxy A37 5G,1799.0,1449.0,Falabella,False,https://www.falabella.com.pe/falabella-pe/product/80007793/celular-samsung-galaxy-a37-5g
Falabella,Smartphones,SAMSUNG,Celular Galaxy A57 5G,1999.0,1799.0,Falabella,False,https://www.falabella.com.pe/falabella-pe/product/80007794/celular-samsung-galaxy-a57-5g
Falabella,Smartphones,HONOR,H600Smart 6+256GB Silvr+X7Lite,1899.0,1449.0,Falabella,False,https://www.falabella.com.pe/falabella-pe/product/80124013/h600smart-6256gb-silvrx7lite
Falabella,Smartphones,MOTOROLA,Moto G Max 8+256 Gris,1599.0,1199.0,Falabella,False,https://www.falabella.com.pe/falabella-pe/product/80102147/moto-g-max-8256-gris
Falabella,Smartphones,SAMSUNG,Celular Galaxy S24 Fe 128gb Graphite,2599.0,1999.0,Falabella,False,https://www.falabella.com.pe/falabella-pe/product/20885293/celular-galaxy-s24-fe-128gb-graphite
Falabella,Smartphones,SAMSUNG,Celular Galaxy S26 Ultra 512GB,6899.0,5499.0,Falabella,False,https://www.falabella.com.pe/falabella-pe/product/21398141/celular-samsung-galaxy-s26-ultra-512gb-black
Falabella,Smartphones,APPLE,IPhone 16e 128GB,4099.0,2499.0,Falabella,False,https://www.falabella.com.pe/falabella-pe/product/prod18410446/iPhone-16e-128GB
Falabella,Smartphones,APPLE,IPhone 17 Pro Max 256GB,6599.0,5599.0,Falabella,False,https://www.falabella.com.pe/falabella-pe/product/prod18580273/iPhone-17-Pro-Max-256GB
Falabella,Smartphones,SAMSUNG,Galaxy A17 8gb 256gb Black,1299.0,899.0,Falabella,False,https://www.falabella.com.pe/falabella-pe/product/21280852/galaxy-a17-8gb-256gb-black
Falabella,Smartphones,APPLE,IPhone 17 Pro 256GB,5999.0,4899.0,Falabella,False,https://www.falabella.com.pe/falabella-pe/product/prod18580271/iphone-17-pro-256gb
Falabella,Smartphones,SAMSUNG,Celular Galaxy A16 128gb Black,699.0,599.0,Falabella,False,https://www.falabella.com.pe/falabella-pe/product/20885287/celular-galaxy-a16-128gb-black
Falabella,Smartphones,APPLE,IPhone 17 256GB,4399.0,3999.0,Falabella,False,https://www.falabella.com.pe/falabella-pe/product/prod18580269/iPhone-17-256GB
Falabella,Smartphones,SAMSUNG,Celular Galaxy S25 Ultra 256GB,5699.0,3799.0,Falabella,False,https://www.falabella.com.pe/falabella-pe/product/prod18290416/Celular-Galaxy-S25-Ultra-256GB
Falabella,Smartphones,APPLE,Iphone 15 128Gb,4999.0,2599.0,Falabella,False,https://www.falabella.com.pe/falabella-pe/product/prod17580066/Iphone-15-128Gb
Falabella,Smartphones,XIAOMI,Celular Redmi Note 15 6GB +128GB,999.0,679.0,Falabella,False,https://www.falabella.com.pe/falabella-pe/product/80063618/redmi-note-15-6gb-ram-128gb-xiaomi
Falabella,Smartphones,APPLE,IPhone 16 128GB,4799.0,3599.0,Falabella,False,https://www.falabella.com.pe/falabella-pe/product/prod18120095/iPhone-16-128GB
Falabella,Smartphones,MOTOROLA,Celular Moto G06 4GB + 128GB,599.0,399.0,Falabella,False,https://www.falabella.com.pe/falabella-pe/product/21291868/celular-moto-g06-4gb-128gb-azul
Falabella,Smartphones,MOTOROLA,Celular G77 8GB + 256GB,999.0,849.0,Falabella,False,https://www.falabella.com.pe/falabella-pe/product/21436258/celular-motorola-g77-8gb-256gb-negro
Falabella,Smartphones,MOTOROLA,Moto G17 4+128,649.0,439.0,Falabella,False,https://www.falabella.com.pe/falabella-pe/product/21436255/celular-motorola-g17-4gb-128gb-rosa
Falabella,Smartphones,SAMSUNG,Galaxy S23 128GB Morado SM-S911U,2499.0,1469.0,Tamia Digital Store Pe,True,https://www.falabella.com.pe/falabella-pe/product/148189357/Samsung-Galaxy-S23-128GB-Morado-SM-S911U
Falabella,Smartphones,MOTOROLA,Celular Moto G17 4GB 128GB Arándano,649.0,439.0,Tottus,True,https://www.falabella.com.pe/falabella-pe/product/151475932/celular-moto-g17-4gb-128gb-arandano
Falabella,Smartphones,MOTOROLA,Celular Moto G06 4GB 128GB Azul,499.0,399.0,Tottus,True,https://www.falabella.com.pe/falabella-pe/product/149796603/celular-moto-g06-4gb-128gb-azul
Falabella,Smartphones,MOTOROLA,EDGE 70 FUSION 8+256,1599.0,1399.0,Falabella,False,https://www.falabella.com.pe/falabella-pe/product/80007939/moto-edge-70-fusion-8256-azul
Falabella,Smartphones,MOTOROLA,Celular Edge 70 Pro 12GB + 512GB,2899.0,2099.0,Falabella,False,https://www.falabella.com.pe/falabella-pe/product/80055223/edge-70-pro-12512-blanco
Falabella,Smartphones,MOTOROLA,Celular Moto G77 8GB 256GB Negro,999.0,929.0,Tottus,True,https://www.falabella.com.pe/falabella-pe/product/151476127/celular-moto-g77-8gb-256gb-negro
Falabella,Smartphones,HONOR,Celular Magic 8 Lite 8GB + 512GB,2099.0,1699.0,Falabella,False,https://www.falabella.com.pe/falabella-pe/product/21374569/celular-honor-magic-8-lite-8gb-512gb-sunrise-gold
Falabella,Smartphones,XIAOMI,Celular 17T 12GB 512GB + Tag,2799.0,2699.0,Falabella,False,https://www.falabella.com.pe/falabella-pe/product/80045844/xiaomi17t-tag-12gb-512gb-vio-xiaomi
Falabella,Smartphones,APPLE,IPhone 17 Pro Max 256GB (eSIM) - SILVER,7999.0,4829.0,Miami Import,True,https://www.falabella.com.pe/falabella-pe/product/148291766/Apple-iPhone-17-Pro-Max-256GB-(eSIM)-SILVER
Falabella,Smartphones,SAMSUNG,Galaxy A07 4GB 128GB,499.0,479.0,Falabella,False,https://www.falabella.com.pe/falabella-pe/product/21180305/Celular-Galaxy-A07-4gb-128gb-Light-Violet
Falabella,Smartphones,SAMSUNG,Celular Galaxy S25 Fe 256gb,3249.0,2699.0,Falabella,False,https://www.falabella.com.pe/falabella-pe/product/prod18580750/Celular-Galaxy-S25-Fe-256gb-White
Falabella,Smartphones,MOTOROLA,Moto SIGNATURE 16GB + 1TB,4999.0,3899.0,Falabella,False,https://www.falabella.com.pe/falabella-pe/product/80007937/moto-signature-16gb-1tb-olivo
Falabella,Smartphones,XIAOMI,POCO X8 Pro Negro 8GB + 512GB,1849.0,1499.0,Xiaomi Tienda Oficial,True,https://www.falabella.com.pe/falabella-pe/product/154797921/poco-x8-pro-negro-8gb-512gb
Falabella,Smartphones,SAMSUNG,Galaxy S24 Ultra 256GB Dual Sim Titanio Violeta SM-928U,3999.0,2789.0,Zoombigdeal Pe,True,https://www.falabella.com.pe/falabella-pe/product/152913136/samsung-galaxy-s24-ultra-256gb12gb-dual-sim-titanium-violet-sm-928u
Falabella,Smartphones,SAMSUNG,Galaxy A57 5G 256GB Dark Blue,1999.9,1679.9,Sodimac,True,https://www.falabella.com.pe/falabella-pe/product/152747544/galaxy-a57-5g-256gb-dark-blue
Falabella,Smartphones,XIAOMI,Celular POCO C71 4GB + 64GB,449.0,349.0,Xiaomi Tienda Oficial,True,https://www.falabella.com.pe/falabella-pe/product/154711355/celular-poco-c71-4gb-64gb
Falabella,Smartphones,XIAOMI,POCO X8 Pro Max Negro 12 GB + 512 GB,2499.0,2299.0,Xiaomi Tienda Oficial,True,https://www.falabella.com.pe/falabella-pe/product/153550184/poco-x8-pro-max-negro-12-gb-512-gb
Falabella,Smartphones,SAMSUNG,Galaxy S23 Ultra 512GB Negro SM-S918U,3399.0,2429.0,Tamia Digital Store Pe,True,https://www.falabella.com.pe/falabella-pe/product/148189466/Samsung-Galaxy-S23-Ultra-512GB-Negro-SM-S918U
Falabella,Smartphones,SAMSUNG,GALAXY S26 ULTRA 256GB -12GB RAM - BLACK + CASE + MICA + CARGADOR DE 45W,6299.0,3639.0,Miami Import,True,https://www.falabella.com.pe/falabella-pe/product/154507635/galaxy-s26-ultra-256gb-12gb-ram-black-case-mica-cargador-de-45w
Falabella,Smartphones,APPLE,IPhone 17 Pro Max 512GB,7699.0,7399.0,Falabella,False,https://www.falabella.com.pe/falabella-pe/product/prod18580274/iPhone-17-Pro-Max-512GB
Falabella,Smartphones,XIAOMI,REDMI 17 256GB Negro,949.0,749.0,Falabella,False,https://www.falabella.com.pe/falabella-pe/product/80159968/redmi-17-256gb-negro
Falabella,Smartphones,HONOR,X7d 8+256 Meteor Silver,949.0,799.0,Falabella,False,https://www.falabella.com.pe/falabella-pe/product/21374575/celular-honor-x7d-8gb-256gb-meteor-silver
Falabella,Smartphones,XIAOMI,Celular Redmi Note 14 5G 8+256GB 24094RAD4G,880.0,649.0,Tentenger Gt Shop Pe,True,https://www.falabella.com.pe/falabella-pe/product/155491984/celular-redmi-note-14-5g-version-global-con-nfc-carga-rapida-de-45-w-8256gb-24094rad4g
Falabella,Smartphones,APPLE,IPHONE 17 256GB ESIM- LAVANDA + CARGADOR + CASE,4799.0,3399.0,Miami Import,True,https://www.falabella.com.pe/falabella-pe/product/150543340/iphone-17-256gb-esim-lavanda-cargador-case
Falabella,Smartphones,SAMSUNG,GALAXY S25 ULTRA 512GB - WHITE TITANIUM,7000.0,3279.0,Miami Import,True,https://www.falabella.com.pe/falabella-pe/product/143493466/SAMSUNG-GALAXY-S25-ULTRA-512GB-WHITE-TITANIUM
Falabella,Smartphones,HONOR,Celular X5c Plus 4gb + 256gb Meteor Silver,569.0,459.0,Falabella,False,https://www.falabella.com.pe/falabella-pe/product/21436329/x5c-plus-4256gb-meteorsilver
Falabella,Smartphones,MOTOROLA,Celular Moto G17 4GB 128GB Rosa,649.0,439.0,Tottus,True,https://www.falabella.com.pe/falabella-pe/product/151475492/celular-moto-g17-4gb-128gb-rosa
Falabella,Smartphones,SAMSUNG,S25 ULTRA 256GB -12GB RAM TITANIUM BLACK,5699.0,3029.0,Miami Import,True,https://www.falabella.com.pe/falabella-pe/product/154345980/samsung-s25-ultra-256gb-12gb-ram-titanium-black
Falabella,Smartphones,XIAOMI,POCO X8 Pro Blanco 8GB + 256GB,1699.0,1399.0,Xiaomi Tienda Oficial,True,https://www.falabella.com.pe/falabella-pe/product/154797997/poco-x8-pro-blanco-8gb-256gb
Falabella,Smartphones,SAMSUNG,Galaxy A17 8gb 256gb Light Blu,1299.0,899.0,Falabella,False,https://www.falabella.com.pe/falabella-pe/product/21280853/galaxy-a17-8gb-256gb-light-blu
Falabella,Smartphones,APPLE,IPHONE 17 256GB ESIM- BLANCO + CARGADOR + CASE,4799.0,3399.0,Miami Import,True,https://www.falabella.com.pe/falabella-pe/product/150543228/iphone-17-256gb-esim-blanco-cargador-case
Falabella,Smartphones,MOTOROLA,Celular Moto Edge 70 12GB + 512GB,2299.0,1849.0,Falabella,False,https://www.falabella.com.pe/falabella-pe/product/21436260/celular-motorola-moto-edge-70-12gb-512gb-gris
Falabella,Smartphones,APPLE,IPhone 13 Pro Max 128GB Reacondicionado,2499.0,1829.0,Electronic Deals Pe,True,https://www.falabella.com.pe/falabella-pe/product/148191986/iPhone-13-Pro-Max-128GB-Grafito-Reacondicionado-A2484
Falabella,Smartphones,APPLE,IPhone 15 Pro Max 256GB Negro Titanio Reacondicionado A2849,3399.0,2849.0,Electronic Deals Pe,True,https://www.falabella.com.pe/falabella-pe/product/149378326/apple-iphone-15-pro-max-256gb-negro-titanio-reacondicionado-a2849
Falabella,Smartphones,APPLE,IPHONE 17 256GB ESIM- AZUL + CARGADOR + CASE,4799.0,3399.0,Miami Import,True,https://www.falabella.com.pe/falabella-pe/product/150543200/iphone-17-256gb-esim-azul-cargador-case
Falabella,Smartphones,SAMSUNG,Galaxy S24 Ultra 5G 512GB 12GB RAM Negro,3899.0,3038.9,Estrategika,True,https://www.falabella.com.pe/falabella-pe/product/155039506/samsung-galaxy-s24-ultra-5g-512gb-12gb-ram-negro
Falabella,Smartphones,SAMSUNG,GALAXY S26 ULTRA 256GB -12GB RAM - WHITE + CASE + MICA + CARGADOR DE 45W,6299.0,3639.0,Miami Import,True,https://www.falabella.com.pe/falabella-pe/product/154508365/galaxy-s26-ultra-256gb-12gb-ram-white-case-mica-cargador-de-45w
Falabella,Smartphones,XIAOMI,POCO X8 Pro Negro 8GB + 256GB,1699.0,1399.0,Xiaomi Tienda Oficial,True,https://www.falabella.com.pe/falabella-pe/product/152322317/poco-x8-pro-negro-8gb-256gb
Falabella,Smartphones,APPLE,IPhone 17 Pro Max 256GB (eSIM) - Silver + Combo de Regalo,6699.0,4769.0,Bako,True,https://www.falabella.com.pe/falabella-pe/product/141360757/Apple-iPhone-17-Pro-Max-256GB-(eSIM)-Silver-+-Combo-de-Regalo
Falabella,Smartphones,HONOR,Honor600 Pro 12+512GB Negro,3599.0,3499.0,Falabella,False,https://www.falabella.com.pe/falabella-pe/product/80053286/honor600-pro-12512gb-negro
Falabella,Smartphones,APPLE,IPhone 17 Pro (eSim) 256GB + Combo de Regalo,5499.0,4399.0,Io Store,True,https://www.falabella.com.pe/falabella-pe/product/154021554/iphone-17-pro-esim-256gb-combo-de-regalo
Falabella,Smartphones,SAMSUNG,Celular Galaxy A57 5G 8GB 256GB Violeta,2249.0,1799.0,Tottus,True,https://www.falabella.com.pe/falabella-pe/product/151775363/celular-galaxy-a57-5g-8gb-256gb-violeta
Falabella,Smartphones,SAMSUNG,Galaxy-A27 5G 256GB Pink,1699.0,1399.0,Falabella,False,https://www.falabella.com.pe/falabella-pe/product/80101540/galaxy-a27-5g-256gb-pink
Falabella,Smartphones,SAMSUNG,GALAXY S25 ULTRA 256GB - BLANCO TITANIO,6000.0,3029.0,Miami Import,True,https://www.falabella.com.pe/falabella-pe/product/143494719/SAMSUNG-GALAXY-S25-ULTRA-256GB-BLANCO-TITANIO
Falabella,Smartphones,MOTOROLA,Moto Edge 70 Pro 12GB512GB Azul,2899.0,1949.0,Ix Comercio,True,https://www.falabella.com.pe/falabella-pe/product/155426577/moto-edge-70-pro-12gb512gb-azul
Falabella,Smartphones,XIAOMI,POCO M8s 5G Negro 8GB + 256GB,1049.0,829.0,Xiaomi Tienda Oficial,True,https://www.falabella.com.pe/falabella-pe/product/155213768/poco-m8s-5g-negro-8gb-256gb
Falabella,Smartphones,MOTOROLA,RAZR 70 12+512 Blanco,3699.0,2999.0,Falabella,False,https://www.falabella.com.pe/falabella-pe/product/80055218/razr-70-12512-blanco
Falabella,Smartphones,MOTOROLA,Celular Moto G17 4+128 GB Arándano,699.9,419.9,Sodimac,True,https://www.falabella.com.pe/falabella-pe/product/155071527/g17-5g-128-gb-arandano
Falabella,Smartphones,HONOR,Honor600 8+512GB Naranja,2499.0,2399.0,Falabella,False,https://www.falabella.com.pe/falabella-pe/product/80053283/honor600-8512gb-naranja
Falabella,Smartphones,APPLE,IPhone 15 Pro Max 256GB Reacondicionado ESIM A2849,3199.0,2879.0,Talktek Pe,True,https://www.falabella.com.pe/falabella-pe/product/156466430/iphone-15-pro-max-256gb-reacondicionado-esim-a2849
Falabella,Smartphones,MOTOROLA,Moto Edge 70 Pro 12GB512GB Blanco,2899.0,1949.0,Ix Comercio,True,https://www.falabella.com.pe/falabella-pe/product/155426579/moto-edge-70-pro-12gb512gb-blanco
Falabella,Smartphones,SAMSUNG,Galaxy S23 Ultra 512GB Morado SM-S918U,3399.0,2429.0,Tamia Digital Store Pe,True,https://www.falabella.com.pe/falabella-pe/product/148189476/Samsung-Galaxy-S23-Ultra-512GB-Morado-SM-S918U
Falabella,Smartphones,SAMSUNG,Celular Galaxy A57 5G 8GB 256GB Azul,2249.0,1799.0,Tottus,True,https://www.falabella.com.pe/falabella-pe/product/151775537/celular-galaxy-a57-5g-8gb-256gb-azul
Falabella,Smartphones,APPLE,Iphone 16 128GB Blanco,3799.0,3399.0,Tottus,True,https://www.falabella.com.pe/falabella-pe/product/149214979/iphone-16-128gb-blanco
Falabella,Smartphones,SAMSUNG,Celular Galaxy A16 128gb Negro,899.0,489.0,Millennials,True,https://www.falabella.com.pe/falabella-pe/product/148228021/Celular-Galaxy-A16-128gb-Negro
Falabella,Smartphones,APPLE,Iphone 16 128GB Negro,3799.0,3199.0,Tottus,True,https://www.falabella.com.pe/falabella-pe/product/149214502/iphone-16-128gb-negro
Falabella,Smartphones,SAMSUNG,Galaxy-A27 5G 256GB Black,1699.0,1399.0,Falabella,False,https://www.falabella.com.pe/falabella-pe/product/80057675/galaxy-a27-5g-256gb-black
Falabella,Smartphones,SAMSUNG,GALAXY S26 ULTRA 512GB -12GB RAM - BLACK,6299.0,4089.0,Miami Import,True,https://www.falabella.com.pe/falabella-pe/product/152312122/galaxy-s26-ultra-512gb-12gb-ram-black
Falabella,Smartphones,SAMSUNG,Galaxy S23 128GB Blanco SM-S911U,2499.0,1469.0,Tamia Digital Store Pe,True,https://www.falabella.com.pe/falabella-pe/product/148189343/Samsung-Galaxy-S23-128GB-Blanco-SM-S911U
Falabella,Smartphones,XIAOMI,POCO X8 Pro Negro 12GB + 512GB,1999.0,1799.0,Xiaomi Tienda Oficial,True,https://www.falabella.com.pe/falabella-pe/product/152322333/poco-x8-pro-negro-12gb-512gb
Falabella,Smartphones,HONOR,Magic 8 Lite 8GB+512GB - Midnight Black,1899.0,1449.0,Sany Distribuidor Autorizado,True,https://www.falabella.com.pe/falabella-pe/product/151405017/honor-magic-8-lite-8gb512gb-midnight-black
Falabella,Smartphones,XIAOMI,Celular POCO F6 5G 12+512GB con NFC 24069PC21G,2299.0,1269.0,Tentenger Gt Shop Pe,True,https://www.falabella.com.pe/falabella-pe/product/155560613/celular-poco-f6-5g-12512gb-con-nfc
Falabella,Smartphones,SAMSUNG,Celular Galaxy A07 4GB 64GB Negro,599.0,419.0,Tottus,True,https://www.falabella.com.pe/falabella-pe/product/146624322/celular-galaxy-a07-4gb-64gb-negro
Falabella,Smartphones,APPLE,IPhone 17 Pro (eSIM) + Regalo,5999.0,4399.0,Oh Play,True,https://www.falabella.com.pe/falabella-pe/product/151501953/iphone-17-pro-esim
Falabella,Smartphones,MOTOROLA,Moto G67 4+256,899.0,779.0,Falabella,False,https://www.falabella.com.pe/falabella-pe/product/21436257/celular-motorola-g67-4gb-256gb-lima
Falabella,Smartphones,XIAOMI,Celular Redmi Note 15 128GB ROM - 6GB RAM -Batería 6000mAh - Dual SIM,1195.0,759.9,Mia Phone,True,https://www.falabella.com.pe/falabella-pe/product/154058846/celular-xiaomi-redmi-note-15-128gb-rom-6gb-ram-bateria-6000mah-dual-sim
Falabella,Smartphones,SAMSUNG,Celular Galaxy A07 4GB ram 128GB negro,799.0,409.0,Millennials,True,https://www.falabella.com.pe/falabella-pe/product/150132528/celular-galaxy-a07-4gb-128gb
Falabella,Smartphones,SAMSUNG,Celular Galaxy S23 Ultra 256GB 8GB Morado,3999.0,2129.0,Zoombigdeal Pe,True,https://www.falabella.com.pe/falabella-pe/product/143787857/Celular-Samsung-Galaxy-S23-Ultra-256GB-8GB-Morado
Falabella,Smartphones,MOTOROLA,G17 4GB+128GB Arandano,699.0,399.0,Ix Comercio,True,https://www.falabella.com.pe/falabella-pe/product/152735877/motorola-g17-xt2623-1-pe-eb-4128-ss-gen-4gb-128gb-arandano
Falabella,Smartphones,XIAOMI,Celular 17 Ultra 16GB + 512GB,5999.0,5299.0,Falabella,False,https://www.falabella.com.pe/falabella-pe/product/80020326/xiaomi-17-ultra-16gb-512gb
Falabella,Smartphones,XIAOMI,POCO C81 Pro Negro 4GB + 128GB,549.0,399.0,Xiaomi Tienda Oficial,True,https://www.falabella.com.pe/falabella-pe/product/154363861/poco-c81-pro-negro-4gb-128gb
Falabella,Smartphones,APPLE,IPHONE 17 256GB ESIM- NEGRO + CARGADOR + CASE,4799.0,3399.0,Miami Import,True,https://www.falabella.com.pe/falabella-pe/product/150543174/iphone-17-256gb-esim-negro-cargador-case
Falabella,Smartphones,SAMSUNG,Galaxy S23 128GB Negro SM-S911U,2499.0,1469.0,Tamia Digital Store Pe,True,https://www.falabella.com.pe/falabella-pe/product/148189361/Samsung-Galaxy-S23-128GB-Negro-SM-S911U
Falabella,Smartphones,MOTOROLA,MOTO G17 4 256,699.0,669.0,Falabella,False,https://www.falabella.com.pe/falabella-pe/product/80007938/moto-g17-4256-rojo
Falabella,Smartphones,APPLE,IPhone 17 Pro Max eSim 512GB + Combo de Regalo,7999.0,5829.0,Io Store,True,https://www.falabella.com.pe/falabella-pe/product/153897150/iphone-17-pro-max-esim-512gb-combo-de-regalo
Falabella,Smartphones,SAMSUNG,GALAXY S25 ULTRA 512GB - BLACK TITANIUM,5699.0,3279.0,Miami Import,True,https://www.falabella.com.pe/falabella-pe/product/143491974/SAMSUNG-GALAXY-S25-ULTRA-512GB-BLACK-TITANIUM
Falabella,Smartphones,HONOR,Honor600 8+512GB Negro,2499.0,2399.0,Falabella,False,https://www.falabella.com.pe/falabella-pe/product/80053288/honor600-8512gb-negro
Falabella,Smartphones,MOTOROLA,Celular Moto G06 4gb Ram + 64gb,679.0,349.0,Millennials,True,https://www.falabella.com.pe/falabella-pe/product/153041534/celular-moto-g06-4gb-ram-64gb
Falabella,Smartphones,APPLE,Iphone 16E 128Gb Negro,2799.0,2399.0,Tottus,True,https://www.falabella.com.pe/falabella-pe/product/151085622/iphone-16e-128gb-negro
Falabella,Smartphones,MOTOROLA,Celular Moto Edge 70 12GB 512GB Gris,2299.0,1819.0,Tottus,True,https://www.falabella.com.pe/falabella-pe/product/151475459/celular-moto-edge-70-12gb-512gb-gris
Falabella,Smartphones,APPLE,Iphone 17 256GB Blanco,4399.0,3799.0,Tottus,True,https://www.falabella.com.pe/falabella-pe/product/149214489/iphone-17-256gb-blanco
Falabella,Smartphones,XIAOMI,Redmi A7 Pro 4GB + 128GB,549.0,429.0,Falabella,False,https://www.falabella.com.pe/falabella-pe/product/80017602/celular-redmi-a7-pro-4gb-128
Falabella,Smartphones,MOTOROLA,Celular Moto Edge 70 Fusion 8GB 256GB Azul,1599.0,1419.0,Tottus,True,https://www.falabella.com.pe/falabella-pe/product/152362525/celular-moto-edge-70-fusion-8gb-256gb-azul
Falabella,Smartphones,APPLE,IPHONE 17 PRO MAX 256GB Esim - WHITE,8999.0,4829.0,Miami Import,True,https://www.falabella.com.pe/falabella-pe/product/154319013/iphone-17-pro-max-256gb-esim-white
Falabella,Smartphones,SAMSUNG,Galaxy S24 Ultra 512GB Dual Sim Negro SM-928U,3999.0,2949.0,Zoombigdeal Pe,True,https://www.falabella.com.pe/falabella-pe/product/152974300/samsung-galaxy-s24-ultra-512gb12gb-dual-sim-negrosm-928u
Falabella,Smartphones,XIAOMI,Celular Redmi A7 Pro 4GB/128GB,549.9,419.9,Sodimac,True,https://www.falabella.com.pe/falabella-pe/product/152659027/celular-xiaomi-redmi-a7-pro-black-4g-128gb-negro
Falabella,Smartphones,HONOR,Honor600 8+512GB Dorado,2499.0,2399.0,Falabella,False,https://www.falabella.com.pe/falabella-pe/product/80053282/honor600-8512gb-dorado
Falabella,Smartphones,MOTOROLA,RAZR FOLD 16+1TB Negro,9499.0,7299.0,Falabella,False,https://www.falabella.com.pe/falabella-pe/product/80055221/razr-fold-161tb-negro
Falabella,Smartphones,HONOR,600e 8GB+512GB Velvet Gr,2499.0,1899.0,Falabella,False,https://www.falabella.com.pe/falabella-pe/product/80041592/honor-600e-8gb512gb-velvet-gr
Falabella,Smartphones,XIAOMI,15T Gris 12 GB + 512 GB,2199.0,2199.0,Xiaomi Tienda Oficial,True,https://www.falabella.com.pe/falabella-pe/product/153853187/xiaomi-15t-gris-12-gb-512-gb
Falabella,Smartphones,APPLE,IPhone 17 Pro Max 256GB (eSIM) - Deep Blue + Regalo,6099.0,4769.0,Bako,True,https://www.falabella.com.pe/falabella-pe/product/141186152/Apple-iPhone-17-Pro-Max-256GB-(eSIM)-Deep-Blue-+-Regalo
Falabella,Smartphones,SAMSUNG,GALAXY S26 ULTRA 256GB -12GB RAM - SKY BLUE + CASE + MICA + CARGADOR DE 45W,6299.0,3639.0,Miami Import,True,https://www.falabella.com.pe/falabella-pe/product/154503873/galaxy-s26-ultra-256gb-12gb-ram-sky-blue-case-mica-cargador-de-45w
Falabella,Smartphones,APPLE,IPhone 15 Pro Max 256GB Azul Titanio Reacondicionado A2849,3399.0,2849.0,Electronic Deals Pe,True,https://www.falabella.com.pe/falabella-pe/product/149378272/Apple-iPhone-15-Pro-Max-256GB-Azul-Titanio-Reacondicionado-A2849
Falabella,Smartphones,XIAOMI,Celular Redmi Note 15 Pro 8GB 256GB Negro,1299.0,1229.0,Tottus,True,https://www.falabella.com.pe/falabella-pe/product/150748364/celular-redmi-note-15-pro-8gb-256gb-negro
Falabella,Smartphones,APPLE,IPhone 17 Pro Max 256GB (eSIM) - Silver + Regalo,6799.0,4769.0,Bako,True,https://www.falabella.com.pe/falabella-pe/product/141382365/Apple-iPhone-17-Pro-Max-256GB-(eSIM)-Silver
Falabella,Smartphones,SAMSUNG,Galaxy A07 4G 64 GB BLACK,499.9,419.9,Sodimac,True,https://www.falabella.com.pe/falabella-pe/product/146985241/galaxy-a07-4g-64-gb-black
Falabella,Smartphones,REDMI,CELULAR NOTE 15 8GB RAM 256GB ROM COLOR VERDE,1099.0,759.0,Rodalexia,True,https://www.falabella.com.pe/falabella-pe/product/154499110/celular-xiaomi-redmi-note-15-8gb-ram-256gb-rom-color-verde
Falabella,Smartphones,HONOR,MAGIC8 LITE 8GB+256GB REDDISH BROWN,1899.0,1329.0,Millennials,True,https://www.falabella.com.pe/falabella-pe/product/154551215/honor-magic8-lite-8gb256gb-reddish-brown
Falabella,Smartphones,SAMSUNG,GALAXY S26 ULTRA 512GB -12GB RAM - Cobalt Violet,6299.0,4089.0,Miami Import,True,https://www.falabella.com.pe/falabella-pe/product/152312266/galaxy-s26-ultra-512gb-12gb-ram-cobalt-violet
Falabella,Smartphones,APPLE,IPhone 17 Pro (eSIM) + Regalo,5899.0,4399.0,Bako,True,https://www.falabella.com.pe/falabella-pe/product/151501364/iphone-17-pro-esim
Falabella,Smartphones,XIAOMI,POCO F9 Ultra 512 GB Cereza oscuro + REDMI Buds 8 Pro+Power Bank,4299.0,3999.0,Xiaomi Tienda Oficial,True,https://www.falabella.com.pe/falabella-pe/product/157246688/poco-f9-ultra-512-gb-cereza-oscuro-redmi-buds-8-propower-bank
Falabella,Smartphones,MOTOROLA,Smartphone Moto G77 8GB 256GB Esmeralda,999.0,929.0,Tottus,True,https://www.falabella.com.pe/falabella-pe/product/151475906/moto-g77-8256-esmeralda
Falabella,Smartphones,HONOR,600e 8GB+512GB Desert Go,2499.0,1899.0,Falabella,False,https://www.falabella.com.pe/falabella-pe/product/80041591/honor-600e-8gb512gb-desert-go
Falabella,Smartphones,XIAOMI,Celular Redmi Note 15 6GB 128GB AZUL,999.0,699.0,Tottus,True,https://www.falabella.com.pe/falabella-pe/product/154994999/celular-redmi-note-15-6gb-128gb-azul
Falabella,Smartphones,HONOR,Magic 8 Lite 8GB+512GB - Forest Green,1899.0,1449.0,Sany Distribuidor Autorizado,True,https://www.falabella.com.pe/falabella-pe/product/151405058/honor-magic-8-lite-8gb512gb-forest-green
Falabella,Smartphones,XIAOMI,POCO C81 Pro Negro 4GB + 64GB,499.0,379.0,Xiaomi Tienda Oficial,True,https://www.falabella.com.pe/falabella-pe/product/154363831/poco-c81-pro-negro-4gb-64gb
Falabella,Smartphones,HONOR,Celular X8d 8gb + 256gb Light Blue,1149.0,959.0,Falabella,False,https://www.falabella.com.pe/falabella-pe/product/21436323/x8d-8gb256gb-light-blue
Falabella,Smartphones,APPLE,IPhone 17 Pro Max 256GB (eSIM) - Deep Blue,7999.0,4829.0,Miami Import,True,https://www.falabella.com.pe/falabella-pe/product/148000628/Apple-iPhone-17-Pro-Max-256GB-(eSIM)-Deep-Blue
Falabella,Smartphones,SAMSUNG,Galaxy S24 Ultra 512GB Dual Sim Gris SM-928U,3999.0,2949.0,Zoombigdeal Pe,True,https://www.falabella.com.pe/falabella-pe/product/152974151/samsung-galaxy-s24-ultra-512gb12gb-dual-sim-greysm-928u
Falabella,Smartphones,APPLE,Iphone 15 128GB Negro,3299.0,2899.0,Tottus,True,https://www.falabella.com.pe/falabella-pe/product/149215025/iphone-15-128gb-negro
Falabella,Smartphones,XIAOMI,Celular Redmi Note 15 Pro 8GB 256GB Azul,1299.0,1229.0,Tottus,True,https://www.falabella.com.pe/falabella-pe/product/150748379/celular-redmi-note-15-pro-8gb-256gb-azul
Falabella,Smartphones,MOTOROLA,Celular G06 4GB/128GB Tapestry Azul,549.9,409.9,Sodimac,True,https://www.falabella.com.pe/falabella-pe/product/150189255/celular-motorola-g06-4gb128gb-tapestry-azul
Falabella,Smartphones,HONOR,X7c 8GB+256GB - Forest Green,999.0,999.0,Sany Distribuidor Autorizado,True,https://www.falabella.com.pe/falabella-pe/product/139967880/honor-x7c-8gb256gb-forest-green
Falabella,Smartphones,SAMSUNG,Celular Galaxy A17 8GB 256GB Light Blue,1299.0,899.0,Tottus,True,https://www.falabella.com.pe/falabella-pe/product/148209236/celular-galaxy-a17-8gb-256gb-light-blue
Falabella,Smartphones,SAMSUNG,Celular Galaxy A17 8GB 256GB Negro,1299.0,899.0,Tottus,True,https://www.falabella.com.pe/falabella-pe/product/148209238/celular-galaxy-a17-8gb-256gb-negro
Falabella,Smartphones,APPLE,IPhone 17 Pro Max Intelligence 1TB (eSIM) - Cosmic Orange + Combo Regalo,8999.0,8999.0,Oh Shop,True,https://www.falabella.com.pe/falabella-pe/product/147342391/Apple-iPhone-17-Pro-Max-Apple-Intelligence-1TB-(eSIM)-Cosmic-Orange-+-Combo-Regalo
Falabella,Smartphones,APPLE,IPhone 12 Pro 128GB Grafito Reacondicionado A2341,1699.0,1699.0,Electronic Deals Pe,True,https://www.falabella.com.pe/falabella-pe/product/149787278/iPhone-12-Pro-128GB-Grafito-Reacondicionado-A2341
Falabella,Smartphones,APPLE,Nuevo iPhone 17 (eSIM) 256GB 2026,4499.0,3299.0,Io Store,True,https://www.falabella.com.pe/falabella-pe/product/151502514/iphone-17-chip-esim
Falabella,Smartphones,APPLE,IPhone 15 Pro 128GB Titanio Negro eSIM Reacondicionado Grado A,5650.0,3038.9,Kpdm,True,https://www.falabella.com.pe/falabella-pe/product/150586164/iphone-15-pro-128gb-titanio-oscuro-esim-seminuevo-grado-a
Falabella,Smartphones,APPLE,IPhone 12 Pro 128GB Azul Reacondicionado A2341,1699.0,1699.0,Electronic Deals Pe,True,https://www.falabella.com.pe/falabella-pe/product/149687150/iphone-12-pro-128gb-azul-reacondicionado-a2341
Falabella,Smartphones,MOTOROLA,Moto Razr 60 Ultra 16GB+1TB Café,5999.0,3769.0,Ix Comercio,True,https://www.falabella.com.pe/falabella-pe/product/144620365/Moto-Razr-60-Ultra-16GB+1TB-Cafe
Falabella,Smartphones,XIAOMI,REDMI NOTE 15 PRO 8GB 256GB - NUEVO AZUL,1999.0,1999.0,Newphone,True,https://www.falabella.com.pe/falabella-pe/product/118527259/xiaomi-redmi-note-14-pro-plus-5g-8gb-256gb-purpura
Falabella,Smartphones,APPLE,IPhone 14 Pro Max 256GB Negro Espacial eSIM Reacondicionado Grado A,5500.0,3133.9,Kpdm,True,https://www.falabella.com.pe/falabella-pe/product/151362190/iphone-14-pro-max-256gb-negro-espacial-esim-reacondicionado-grado-a
Falabella,Smartphones,APPLE,IPhone 12 Pro 512GB Grafito Reacondicionado A2341,1799.0,1799.0,Electronic Deals Pe,True,https://www.falabella.com.pe/falabella-pe/product/151603438/iphone-12-pro-512gb-grafito-reacondicionado-a2341
Falabella,Smartphones,HONOR,Celular X5C Plus 4gb + 256gb,795.0,795.0,Millennials,True,https://www.falabella.com.pe/falabella-pe/product/151754029/celular-honor-x5c-plus-4gb-256gb
Falabella,Smartphones,APPLE,IPhone 12 Pro 256GB Reacondicionado,1799.0,1799.0,Electronic Deals Pe,True,https://www.falabella.com.pe/falabella-pe/product/149687343/iPhone-12-Pro-256GB-Grafito-Reacondicionado-A2341
Falabella,Smartphones,MOTOROLA,Moto Edge 60 Fusion 8+256GB Azul,1499.0,1499.0,Ix Comercio,True,https://www.falabella.com.pe/falabella-pe/product/144620375/Moto-Edge-60-Fusion-8+256GB-Azul
Falabella,Smartphones,XIAOMI,17T PRO 5G 12GBRAM 512GBROM NUEVO REGISTRADO - NEGRO,3139.0,3139.0,Newphone,True,https://www.falabella.com.pe/falabella-pe/product/147197778/xiaomi-15t-5g-12gbram-512gbrom-nuevo-libre-gris
Falabella,Smartphones,XIAOMI,XIOAMI NOTE 14 128GB 6GBRAM LIBRE NUEVO - NEGRO,799.0,799.0,Phone Pro,True,https://www.falabella.com.pe/falabella-pe/product/121247556/xioami-note-14-128gb-6gbram-libre-nuevo-negro
Falabella,Smartphones,APPLE,IPhone 13 Pro 256GB Verde Reacondicionado A2483,2369.0,2369.0,Electronic Deals Pe,True,https://www.falabella.com.pe/falabella-pe/product/148191719/iPhone-13-Pro-256GB-Verde-Reacondicionado-A2483
Falabella,Smartphones,HONOR,Magic 7 Lite 5G 8GB -256GB NUEVO VERDE ESMERALDA,1599.0,1599.0,Phone Pro,True,https://www.falabella.com.pe/falabella-pe/product/121284842/HONOR-Magic-7-Lite-5G-8GB-256GB-NUEVO-VERDE-ESMERALDA
Falabella,Smartphones,MOTOROLA,Moto Signature 12GB512GB Morado,4799.0,3699.0,Ix Comercio,True,https://www.falabella.com.pe/falabella-pe/product/155427146/moto-signature-12gb512gb-morado
Falabella,Smartphones,MOTOROLA,Moto G Max 8GB/256GB Gris,1599.0,1179.0,Ix Comercio,True,https://www.falabella.com.pe/falabella-pe/product/155427148/moto-g-max-8gb-256gb-gris
Falabella,Smartphones,MOTOROLA,Moto Razr 70 12GB512GB Rosa,3999.0,2949.0,Ix Comercio,True,https://www.falabella.com.pe/falabella-pe/product/155427079/moto-razr-70-12gb512gb-rosa
Falabella,Smartphones,MOTOROLA,Moto Razr 70 12GB512GB Gris,3999.0,2949.0,Ix Comercio,True,https://www.falabella.com.pe/falabella-pe/product/155427075/moto-razr-70-12gb512gb-gris
Falabella,Accesorios,APPLE,AirTag 4 Unidades – Localizador Inteligente de Objetos con Find My,469.0,349.0,Discount Tech Pe,True,https://www.falabella.com.pe/falabella-pe/product/138097745/Apple-Airtag-4-Pack.
Falabella,Accesorios,XIAOMI,Batería externa 67W Power Bank 20000 (Integrated Cable) Tan,159.0,129.0,Xiaomi Tienda Oficial,True,https://www.falabella.com.pe/falabella-pe/product/152160946/xiaomi-67w-power-bank-20000-integrated-cable-tan
Falabella,Accesorios,SAMSUNG,Powerbank 20000mah,199.0,149.0,Falabella,False,https://www.falabella.com.pe/falabella-pe/product/21425601/20000mah-battery-pack-beige
Falabella,Accesorios,APPLE,Cargador Cubo 20W USB-C,99.0,89.0,Falabella,False,https://www.falabella.com.pe/falabella-pe/product/20866384/cargador-apple-cubo-20w-usb-c
Falabella,Accesorios,XIAOMI,Batería externa Redmi 20000mAh 18W Fast Charge Power Bank Black,69.0,69.0,Xiaomi Tienda Oficial,True,https://www.falabella.com.pe/falabella-pe/product/152122239/20000mah-redmi-18w-fast-charge-power-bank-black
Falabella,Accesorios,APPLE,Cable Tipo C a Lightning 1M Original para iPhone + Protectores Regalo,169.0,93.9,Tiendanexus,True,https://www.falabella.com.pe/falabella-pe/product/117552704/Cable-Tipo-C-a-Lightning-1M-Original-para-iPhone-+-Protectores-Regalo
Falabella,Accesorios,APPLE,Power Adapter 40w Dynamic W/ 60w Max-ame,189.0,189.0,Falabella,False,https://www.falabella.com.pe/falabella-pe/product/21377045/power-adapter-40w-dynamic-w-60w-max-ame
Falabella,Accesorios,XIAOMI,Batería externa Power Bank 10000mAh 22.5W Lite,59.0,39.0,Xiaomi Tienda Oficial,True,https://www.falabella.com.pe/falabella-pe/product/152160768/xiaomi-power-bank-10000mah-22-5w-lite-gl
Falabella,Accesorios,APPLE,AirPods Pro 3 Con Cancelación de Ruido,1300.0,809.0,Maxicompra,True,https://www.falabella.com.pe/falabella-pe/product/155262148/apple-airpods-pro-3-color-blanco
Falabella,Accesorios,XIAOMI,Batería externa Power Bank 20000mAh Integrated Cable Gris oscuro,89.0,89.0,Xiaomi Tienda Oficial,True,https://www.falabella.com.pe/falabella-pe/product/152160874/xiaomi-power-bank-20000mah-integrated-cable-gl-dark-gray
Falabella,Accesorios,APPLE,Cargador 40w Dinamico 60w original para iPhone 17 series,369.0,164.9,Tiendanexus,True,https://www.falabella.com.pe/falabella-pe/product/151389987/cargador-40w-dinamico-60w-original-para-iphone-17-series
Falabella,Accesorios,SAMSUNG,Cargador compatible 45w color negro tipo c,99.9,46.9,Infinitix Store,True,https://www.falabella.com.pe/falabella-pe/product/143965796/Cargador-compatible-Samsung-45w-color-negro-tipo-c
Falabella,Accesorios,SAMSUNG,Cargador 15W USB-C,59.0,49.0,Falabella,False,https://www.falabella.com.pe/falabella-pe/product/20469621/cargador-samsung-15w-usb-c
Falabella,Accesorios,SAMSUNG,Adapter_25W_T2510,99.0,79.0,Falabella,False,https://www.falabella.com.pe/falabella-pe/product/80020316/adapter25wt2510
Falabella,Accesorios,XIAOMI,Powerbank 20kmah Redmi 18w Fastcharge Pb,119.0,69.0,Falabella,False,https://www.falabella.com.pe/falabella-pe/product/21283787/powerbank-20kmah-redmi-18w-fastcharge-pb
Falabella,Accesorios,APPLE,Cargador De 20w + Cable USB-C a Lightning,199.0,129.0,Techhome Pe,True,"https://www.falabella.com.pe/falabella-pe/product/127908665/Cargador-Apple-De-20w-+-cable-USB-C-Para-iPhone-14-13,-11-y-12"
Falabella,Accesorios,XIAOMI,Batería externa 165W Power Bank 10000mAh Integrated Cable,169.0,139.0,Xiaomi Tienda Oficial,True,https://www.falabella.com.pe/falabella-pe/product/150889609/xiaomi-165w-power-bank-10000mah-integrated-cable-gl
Falabella,Accesorios,APPLE,Cargador 20W Original + Cable C - C 1mt iPhone 15 16 pro max,189.0,129.0,Techhome Pe,True,https://www.falabella.com.pe/falabella-pe/product/143694768/Cargador-Apple-20W-Original-+-Cable-C-C-1mt-iPhone-15-16-pro-max
Falabella,Accesorios,SAMSUNG,Cargador de 45w USB C Carga Rápida Negro,99.0,46.9,Livortec,True,https://www.falabella.com.pe/falabella-pe/product/154321597/cargador-de-45w-samsung-usb-c-carga-rapida-negro
Falabella,Accesorios,XIAOMI,Batería Portátil 10000mAh Cable Integrado Carga Rápida 22.5W Beige,79.0,79.0,Xiaomi Tienda Oficial,True,https://www.falabella.com.pe/falabella-pe/product/152277341/xiaomi-power-bank-10000mah-integrated-cable-tan-gl
Falabella,Accesorios,APPLE,Cable 240w Usb-c Charge (2m)-ame,139.0,129.0,Falabella,False,https://www.falabella.com.pe/falabella-pe/product/21377044/cable-240w-usb-c-charge-2m-ame
Falabella,Accesorios,APPLE,Cable de carga USB-C 1M 60w Original para iPhone 15 + Protectores,199.0,93.9,Tiendanexus,True,https://www.falabella.com.pe/falabella-pe/product/133008247/cable-de-carga-usb-c-1m-60w-original-para-iphone-15-protectores
Falabella,Accesorios,APPLE,Cargador 40w Dinamico 60w original para iPhone 17 series,309.0,150.9,Itouchexpress,True,https://www.falabella.com.pe/falabella-pe/product/156496066/cargador-40w-dinamico-60w-original-para-iphone-17-series
Falabella,Accesorios,APPLE,Cable Lightning a USB 1M para iPhone Original + 2 Protectores Gratis,179.99,74.9,Tiendanexus,True,https://www.falabella.com.pe/falabella-pe/product/115804864/cable-lightning-a-usb-1m-para-iphone-original-2-protectores-gratis
Falabella,Accesorios,SAMSUNG,CARGADOR PARA SMSUNG DE 45W,119.9,41.9,Infinitix Store,True,https://www.falabella.com.pe/falabella-pe/product/145301644/CARGADOR-PARA-SMSUNG-DE-45W
Falabella,Accesorios,XIAOMI,165w Power Bank 10000mah (integrated Cable),159.0,149.0,Falabella,False,https://www.falabella.com.pe/falabella-pe/product/21211657/xiaomi-165w-power-bank-10000mah-integrated-cable
Falabella,Accesorios,MOTOROLA,Cargador ORIGINAL TurboPower 20W QC3.0 Chip Quacomm INCLUYE CABLE 1mt Tipo C,149.0,59.9,Tu Disti,True,https://www.falabella.com.pe/falabella-pe/product/153952600/motorola-cargador-original-turbopower-20w-qc3-0-chip-quacomm-incluye-cable-1mt-tipo-c
Falabella,Accesorios,XIAOMI,Cargador 67w,109.98,51.9,Maryuvis Tendencias,True,https://www.falabella.com.pe/falabella-pe/product/144979771/cargador-xiaomi-67w
Falabella,Accesorios,APPLE,Cable C a Lightning 1m Original,129.0,74.9,Itouchexpress,True,https://www.falabella.com.pe/falabella-pe/product/156496023/cable-apple-c-a-lightning-1m-original
Falabella,Accesorios,APPLE,Earpods Usb C,109.0,99.9,Tottus,True,https://www.falabella.com.pe/falabella-pe/product/154994834/earpods-usb-c-apple
Falabella,Accesorios,MOTOROLA,Cargador Para 68W con Cable Carga Rápida,99.9,41.9,Infinitix Store,True,https://www.falabella.com.pe/falabella-pe/product/145055847/Cargador-Para-Motorola-68W-con-Cable-Carga-Rapida
Falabella,Accesorios,SAMSUNG,Cargador de 25W,99.9,36.9,Infinitix Store,True,https://www.falabella.com.pe/falabella-pe/product/143961013/cargador-de-25W
Falabella,Accesorios,SAMSUNG,CARGADOR PARA 45W CARGA RAPIDA,198.0,93.9,Monadas Store,True,https://www.falabella.com.pe/falabella-pe/product/147274023/CARGADOR-PARA-SAMSUNG-45W-CARGA-RAPIDA
Falabella,Accesorios,XIAOMI,Batería externa magnética 33W Magnetic Power Bank 10000mAh Integrated Cable Gray,129.0,99.0,Xiaomi Tienda Oficial,True,https://www.falabella.com.pe/falabella-pe/product/152160916/xiaomi-33w-magnetic-power-bank-10000mah-integrated-cable-gray
Falabella,Accesorios,APPLE,Cargador 20w USB-C para iPhone original,259.0,100.9,Tiendanexus,True,https://www.falabella.com.pe/falabella-pe/product/151390047/cargador-20w-usb-c-para-iphone-original
Falabella,Accesorios,APPLE,Cargador de Carga Rapida Cubo 20W USB-C Para IPhone,199.0,85.9,Import Shop B & C,True,https://www.falabella.com.pe/falabella-pe/product/153434859/cargador-cubo-20w-usb-c
Falabella,Accesorios,MOTOROLA,Audífonos Moto Buds 2 Carbon ANC,149.0,79.0,Tottus,True,https://www.falabella.com.pe/falabella-pe/product/153301453/audifonos-moto-buds-2-carbon-anc
Falabella,Accesorios,APPLE,Audífonos AirPods 4 con Cancelación Activa de Ruido,1500.0,629.0,Maxicompra,True,https://www.falabella.com.pe/falabella-pe/product/148152930/Audifonos-Apple-AirPods-4-sin-ANC-Inalambricos-Blanco
Falabella,Accesorios,XIAOMI,Locator Tag 4 Pack,169.0,149.0,Xiaomi Tienda Oficial,True,https://www.falabella.com.pe/falabella-pe/product/152431181/locator-xiaomi-tag-4-pack
Falabella,Accesorios,XIAOMI,Batería externa Power Bank 10000mAh Integrated Cable,79.0,79.0,Xiaomi Tienda Oficial,True,https://www.falabella.com.pe/falabella-pe/product/152430993/xiaomi-power-bank-10000mah-integrated-cable-ice-blue-gl
Falabella,Accesorios,SAMSUNG,Cargador Compatible Para  65w Super Rápido,110.0,51.9,Monadas Store,True,https://www.falabella.com.pe/falabella-pe/product/147273753/Cargador-Compatible-Para-Samsung-65w-Super-Rapido
Falabella,Accesorios,APPLE,COMBO CARGADOR 20W y CABLE USB-C a LIGHTNING. ORIGINALES. VIENEN SUELTOS,139.0,139.0,Solooriginales,True,https://www.falabella.com.pe/falabella-pe/product/155948608/combo-cargador-apple-20w-y-cable-apple-usb-c-a-lightning-originales-vienen-sueltos
Falabella,Accesorios,XIAOMI,Audífonos Buds 8 Active Black,99.0,69.9,Tottus,True,https://www.falabella.com.pe/falabella-pe/product/152362553/audifonos-buds-8-active-black-xiaomi
Falabella,Accesorios,XIAOMI,Cargador de 120w para tipo C,119.9,51.9,Monadas Store,True,https://www.falabella.com.pe/falabella-pe/product/155487090/cargador-de-120w-para-xiaomi-tipo-c
Falabella,Accesorios,APPLE,Earpods Lightning Connector,109.0,99.9,Tottus,True,https://www.falabella.com.pe/falabella-pe/product/154995072/earpods-lightning-connector
Falabella,Accesorios,APPLE,Cargador Magsafe 15w Original para iPhone Cargador inalámbrico,229.0,150.9,Tiendanexus,True,https://www.falabella.com.pe/falabella-pe/product/129718209/Cargador-Magsafe-15w-Original-para-iPhone-Cargador-inalambrico-Apple
Falabella,Accesorios,SAMSUNG,Cargador para 45w negro tipo c,99.9,46.9,Infinitix Store,True,https://www.falabella.com.pe/falabella-pe/product/144068768/Cargador-para-Samsung-45w-negro-tipo-c
Falabella,Accesorios,APPLE,Airpods 4,599.0,579.0,Tottus,True,https://www.falabella.com.pe/falabella-pe/product/149215023/AIRPODS-4
Falabella,Accesorios,SAMSUNG,Cargador para 25w color negro,99.9,36.9,Infinitix Store,True,https://www.falabella.com.pe/falabella-pe/product/143981306/Cargador-para-Samsung-25w-color-negro
Falabella,Accesorios,APPLE,ADAPTADOR DE CARGA RAPIDA 35W USB-C PARA IPHONE,199.9,103.9,Import Shop B & C,True,https://www.falabella.com.pe/falabella-pe/product/151478382/cargador-35w-usb-c-para-iphone-ipad
Falabella,Accesorios,XIAOMI,Locator Tag 1 Pack,49.0,49.0,Xiaomi Tienda Oficial,True,https://www.falabella.com.pe/falabella-pe/product/152431145/locator-xiaomi-tag-1-pack
Falabella,Accesorios,MOTOROLA,Radio Doble Vía T470,449.9,449.9,Sodimac,True,https://www.falabella.com.pe/falabella-pe/product/127212340/Radio-Doble-Via-T470
Falabella,Accesorios,APPLE,"Cable USB-C 2 metros 240W de iPhone, Macbook, iPad",219.0,112.9,Tiendanexus,True,https://www.falabella.com.pe/falabella-pe/product/133008221/cable-usb-c-2-metros-240w-apple-de-iphone-macbook-ipad
Falabella,Accesorios,SAMSUNG,CARGADOR PARA DE 45W,119.9,45.9,Maryuvis Tendencias,True,https://www.falabella.com.pe/falabella-pe/product/146544411/CARGADOR-PARA-SAMSUNG-DE-45W
Falabella,Accesorios,SAMSUNG,Cargador para 65W,119.98,55.9,Infinitix Store,True,https://www.falabella.com.pe/falabella-pe/product/144383807/cargador-para-samsung-65W
Falabella,Accesorios,APPLE,Cable Lightning a USB-C de 2 metros Original iPhone,259.0,112.9,Tiendanexus,True,https://www.falabella.com.pe/falabella-pe/product/115804911/Cable-Lightning-a-USB-C-de-2-metros-Apple-Original-iPhone
Falabella,Accesorios,APPLE,Cargador USB 5W Original para + 02 Regalos,159.0,74.9,Tiendanexus,True,https://www.falabella.com.pe/falabella-pe/product/132101054/cargador-usb-5w-original-para-apple-02-regalos
Falabella,Accesorios,APPLE,Cable Lightning a USB de 2M Original + Regalo para iPhone,219.99,93.9,Tiendanexus,True,https://www.falabella.com.pe/falabella-pe/product/115804901/Cable-Lightning-a-USB-de-2M-Original-+-Regalo-para-iPhone-Apple
Falabella,Accesorios,SAMSUNG,CARGADOR PREMIUM DE 45W BLANCO,119.9,46.9,Infinitix Store,True,https://www.falabella.com.pe/falabella-pe/product/155423634/cargador-premium-de-45w-blanco
Falabella,Accesorios,APPLE,Cargador 40w Dinamico 60w original para iPhone 17 series - Blanco,299.0,299.0,Newphone,True,https://www.falabella.com.pe/falabella-pe/product/155744256/cargador-40w-dinamico-60w-original-para-iphone-17-series-blanco
Falabella,Accesorios,MOTOROLA,Audífonos Moto Buds 2 Violet Ice ANC,149.0,79.0,Tottus,True,https://www.falabella.com.pe/falabella-pe/product/153301480/audifonos-moto-buds-2-violet-ice-anc
Falabella,Accesorios,XIAOMI,Audífonos Buds 6 Play Pink,79.0,49.9,Tottus,True,https://www.falabella.com.pe/falabella-pe/product/154657799/audifonos-buds-6-play-pink-xiaomi
Falabella,Accesorios,HONOR,CHOICE EARBUDS X7E ACTIVE WHITE,49.0,49.0,Intx Store,True,https://www.falabella.com.pe/falabella-pe/product/154975208/honor-choice-earbuds-x7e-active-white
Falabella,Accesorios,HONOR,CARGADOR PARA 120W TIPO C,119.9,51.9,Maryuvis Tendencias,True,https://www.falabella.com.pe/falabella-pe/product/145275799/CARGADOR-PARA-HONOR-120W-TIPO-C
Falabella,Accesorios,APPLE,Cable De Carga Usbc 60W 1M,89.9,89.9,Tottus,True,https://www.falabella.com.pe/falabella-pe/product/149214997/CABLE-DE-CARGA-USBC-60W-1M
Falabella,Accesorios,APPLE,Kit Cargador 40W y Cable 1M trenzado USB-C para iPhone 17 series,459.0,254.9,Tiendanexus,True,https://www.falabella.com.pe/falabella-pe/product/155145983/kit-cargador-40w-y-cable-1m-trenzado-usb-c-para-iphone-17-series
Falabella,Accesorios,APPLE,Cargador Magnético MagSafe 25W USB-C (1 m) – Carga Inalámbrica Rápida iPhone 17,299.0,169.9,Tiendanexus,True,https://www.falabella.com.pe/falabella-pe/product/151390983/cargador-magnetico-magsafe-25w-usb-c-1-m-carga-inalambrica-rapida-iphone-17
Falabella,Accesorios,XIAOMI,Batería externa 33W Power Bank 10000mAh Integrated Cable Ice Blue,99.0,99.0,Xiaomi Tienda Oficial,True,https://www.falabella.com.pe/falabella-pe/product/152160704/xiaomi-33w-power-bank-10000mah-integrated-cable-ice-blue-gl
Falabella,Accesorios,XIAOMI,Cargador 67W con entrada Tipo C,99.0,51.9,Livortec,True,https://www.falabella.com.pe/falabella-pe/product/150590255/cargador-67w-xiaomi-con-carga-rapida
Falabella,Accesorios,APPLE,Cable Usb-C a Usb-c 1m 60W Original,129.0,74.9,Itouchexpress,True,https://www.falabella.com.pe/falabella-pe/product/156496098/cable-usb-c-a-usb-c-1m-60w-original
Falabella,Accesorios,APPLE,Cargador 20W Usbc,99.9,99.9,Tottus,True,https://www.falabella.com.pe/falabella-pe/product/149214481/CARGADOR-20W-USBC-APPLE
Falabella,Accesorios,APPLE,Earpods tipoC. Open BOX,79.0,79.0,Solooriginales,True,https://www.falabella.com.pe/falabella-pe/product/154616551/earpods-apple-tipoc-open-box
Falabella,Accesorios,XIAOMI,Audífonos Redmi Buds 8 Active White,99.0,69.9,Tottus,True,https://www.falabella.com.pe/falabella-pe/product/152362490/audifonos-redmi-buds-8-active-white
Falabella,Accesorios,HONOR,Cargador 66w color blanco,119.98,55.9,Maryuvis Tendencias,True,https://www.falabella.com.pe/falabella-pe/product/146336357/cargador-honor-66w-color-blanco
Falabella,Accesorios,HONOR,CHOICE EARBUDS X7 LITE WHITE,59.0,59.0,Intx Store,True,https://www.falabella.com.pe/falabella-pe/product/154975457/honor-choice-earbuds-x7-lite-white
Falabella,Accesorios,MOTOROLA,Cargador 125 W Salida Tipo C,99.98,46.9,Monadas Store,True,https://www.falabella.com.pe/falabella-pe/product/144575789/Cargador-Motorola-125-W-Salida-Tipo-C
Falabella,Accesorios,APPLE,Cargador 40w Dinamico 60w original para iPhone 17 series + Cable 60W Carga Ultra Rápida,399.0,399.0,Newphone,True,https://www.falabella.com.pe/falabella-pe/product/156527744/cargador-40w-dinamico-60w-original-para-iphone-17-series-cable-60w-carga-ultra-rapida
Falabella,Accesorios,SAMSUNG,Cargador carga rapida 45w,199.98,93.9,Maryuvis Tendencias,True,https://www.falabella.com.pe/falabella-pe/product/146543100/cargador-samsung-carga-rapida-45w
Falabella,Accesorios,SAMSUNG,Case Galaxy Z Flip 4 Silicone wthit strap,119.99,74.9,Zealott Importaciones,True,https://www.falabella.com.pe/falabella-pe/product/124058715/case-samsung-galaxy-z-flip-4-silicone-wthit-strap
Falabella,Accesorios,HONOR,Cargador Para 66W,119.98,55.9,Monadas Store,True,https://www.falabella.com.pe/falabella-pe/product/145090935/Cargador-Para-Honor-66W
Falabella,Smartphones (vendedor),HONOR,Audifonos Choice Earbuds X7E Active,89.0,89.0,Millennials,True,https://www.falabella.com.pe/falabella-pe/product/152608556/audifonos-honor-choice-earbuds-x7e-active
Falabella,Smartphones (vendedor),XIAOMI,Celular Redmi A7 3gb ram 64gb,629.0,329.0,Millennials,True,https://www.falabella.com.pe/falabella-pe/product/154855370/celular-redmi-a7-3gb-ram-64gb
Sodimac,Smartphones,XIAOMI,Celular Xiaomi Redmi A7 Pro 4GB/128GB,549.9,419.9,Sodimac,False,https://www.sodimac.com.pe/sodimac-pe/articulo/152659027/celular-xiaomi-redmi-a7-pro-black-4g-128gb-negro?exp=so_com
Sodimac,Smartphones,SAMSUNG,Galaxy A07 4G 64 GB BLACK,499.9,419.9,Sodimac,False,https://www.sodimac.com.pe/sodimac-pe/articulo/146985241/galaxy-a07-4g-64-gb-black?exp=so_com
Sodimac,Smartphones,MOTOROLA,"MOTOROLA G15  256GBROM 12GB RAM/ 4GB +8GB EXT/50MP AI/  6.7"" G/ 5200 mAH + FUJITA JAPAN BUDS+ SELFIE",1299.0,599.9,Tu Disti,True,https://www.sodimac.com.pe/sodimac-pe/articulo/156836508/motorola-g15-256gbrom-12gb-ram-4gb-8gb-upboost-50mp-ai-fhd-6-7-gorilla-glas-3-5200-mah-ip52?exp=so_com
Sodimac,Smartphones,SAMSUNG,Galaxy A37 5G 256GB Gray,1799.9,1459.9,Sodimac,False,https://www.sodimac.com.pe/sodimac-pe/articulo/152747540/sm-a376bzafltp-5g-256-gb-gray?exp=so_com
Sodimac,Smartphones,SAMSUNG,Galaxy A57 5G 256GB Dark Blue,1999.9,1679.9,Sodimac,False,https://www.sodimac.com.pe/sodimac-pe/articulo/152747544/galaxy-a57-5g-256gb-dark-blue?exp=so_com
Sodimac,Smartphones,MOTOROLA,Celular Motorola G47 5G/128GB Azul,999.9,699.9,Sodimac,False,https://www.sodimac.com.pe/sodimac-pe/articulo/155132204/moto-g47-5g-128-gb-azul?exp=so_com
Sodimac,Smartphones,MOTOROLA,Celular Motorola Edge 70 Pro 12+512GB Blanco,2899.9,2099.9,Sodimac,False,https://www.sodimac.com.pe/sodimac-pe/articulo/155132467/moto-edge-70-pro-5g-512-gb-blanco?exp=so_com
Sodimac,Smartphones,MOTOROLA,Celular Motorola G06 4GB/128GB Tapestry Azul,549.9,409.9,Sodimac,False,https://www.sodimac.com.pe/sodimac-pe/articulo/150189255/celular-motorola-g06-4gb128gb-tapestry-azul?exp=so_com
Sodimac,Smartphones,MOTOROLA,Celular Moto G17 4+128 GB Arándano,699.9,419.9,Sodimac,False,https://www.sodimac.com.pe/sodimac-pe/articulo/155071527/g17-5g-128-gb-arandano?exp=so_com
Sodimac,Smartphones,SAMSUNG,Celular samsung Galaxy A07 4GB ram 128GB negro,799.0,409.0,Millennials,True,https://www.sodimac.com.pe/sodimac-pe/articulo/150132528/celular-galaxy-a07-4gb-128gb?exp=so_com
Sodimac,Smartphones,MOTOROLA,Celular Moto G77 5G 8GB/256GB Negro,1299.9,899.9,Sodimac,False,https://www.sodimac.com.pe/sodimac-pe/articulo/152677120/celular-moto-g77-5g-256gb-negro?exp=so_com
Sodimac,Smartphones,MOTOROLA,Celular Moto G06 4gb Ram  + 64gb,679.0,349.0,Millennials,True,https://www.sodimac.com.pe/sodimac-pe/articulo/153041534/celular-moto-g06-4gb-ram-64gb?exp=so_com
Sodimac,Smartphones,MOTOROLA,Motorola G17 4GB+128GB Arandano,699.0,399.0,Ix Comercio,True,https://www.sodimac.com.pe/sodimac-pe/articulo/152735877/motorola-g17-xt2623-1-pe-eb-4128-ss-gen-4gb-128gb-arandano?exp=so_com
Sodimac,Smartphones,XIAOMI,Celular Redmi A7 3gb ram 64gb,629.0,329.0,Millennials,True,https://www.sodimac.com.pe/sodimac-pe/articulo/154855370/celular-redmi-a7-3gb-ram-64gb?exp=so_com
Sodimac,Smartphones,XIAOMI,Celular POCO C71 4GB + 64GB,449.0,349.0,Xiaomi Tienda Oficial,True,https://www.sodimac.com.pe/sodimac-pe/articulo/154711355/celular-poco-c71-4gb-64gb?exp=so_com
Sodimac,Smartphones,XIAOMI,Celular Redmi Note 11S 6GB 128GB Graphite Gray,1399.0,1399.0,Sodimac,False,https://www.sodimac.com.pe/sodimac-pe/articulo/113523745/Celular-Redmi-Note-11S-6GB-128GB-Graphite-Gray?exp=so_com
Sodimac,Smartphones,MOTOROLA,Celular Moto G77 5G 8GB/256GB Esmeralda,1299.9,899.9,Sodimac,False,https://www.sodimac.com.pe/sodimac-pe/articulo/152677118/celular-moto-g77-5g-256gb-esmeralda?exp=so_com
Sodimac,Smartphones,MOTOROLA,G67 5G 256 GB GRIS,1099.9,619.9,Sodimac,False,https://www.sodimac.com.pe/sodimac-pe/articulo/155071530/g67-5g-256-gb-gris?exp=so_com
Sodimac,Smartphones,XIAOMI,REDMI Note15Pro 4G 256 GB Negro,1299.9,1149.9,Sodimac,False,https://www.sodimac.com.pe/sodimac-pe/articulo/150851353/redmi-note15pro-4g-256-gb-negro?exp=so_com
Sodimac,Smartphones,APPLE,IPhone 14 Pro Max 128GB Negro Espacial eSIM Reacondicionado Grado A,5150.0,2943.9,Kpdm,True,https://www.sodimac.com.pe/sodimac-pe/articulo/154146588/iphone-14-pro-max-128gb-negro-espacial-esim-reacondicionado-grado-a?exp=so_com
Sodimac,Smartphones,XIAOMI,Celular Xiaomi Redmi Note 15 128GB ROM - 6GB RAM -Batería 6000mAh - Dual SIM,1195.0,759.9,Mia Phone,True,https://www.sodimac.com.pe/sodimac-pe/articulo/154058846/celular-xiaomi-redmi-note-15-128gb-rom-6gb-ram-bateria-6000mah-dual-sim?exp=so_com
Sodimac,Smartphones,SAMSUNG,CELULAR S23 ULTRA 256GB ROM 12GB RAM VERDE S23ULTRA,7999.0,7999.0,Cadez Technology,True,https://www.sodimac.com.pe/sodimac-pe/articulo/127852661/CELULAR-S23-ULTRA-256GB-ROM-12GB-RAM-VERDE-S23ULTRA?exp=so_com
Sodimac,Smartphones,APPLE,Apple iPhone 17 Pro Max 256GB (eSIM) - Silver + Combo de Regalo,6699.0,4769.0,Bako,True,https://www.sodimac.com.pe/sodimac-pe/articulo/141360757/Apple-iPhone-17-Pro-Max-256GB-(eSIM)-Silver-+-Combo-de-Regalo?exp=so_com
Sodimac,Smartphones,HONOR,HONOR Magic 8 Lite 8GB+512GB  - Forest Green,1899.0,1449.0,Sany Distribuidor Autorizado,True,https://www.sodimac.com.pe/sodimac-pe/articulo/151405058/honor-magic-8-lite-8gb512gb-forest-green?exp=so_com
Sodimac,Smartphones,APPLE,IPhone 15 Pro 128GB Titanio Negro eSIM Reacondicionado Grado A,5650.0,3038.9,Kpdm,True,https://www.sodimac.com.pe/sodimac-pe/articulo/150586164/iphone-15-pro-128gb-titanio-oscuro-esim-seminuevo-grado-a?exp=so_com
Sodimac,Smartphones,HONOR,HONOR Magic 8 Lite 8GB+512GB  - Midnight Black,1899.0,1449.0,Sany Distribuidor Autorizado,True,https://www.sodimac.com.pe/sodimac-pe/articulo/151405017/honor-magic-8-lite-8gb512gb-midnight-black?exp=so_com
Sodimac,Smartphones,XIAOMI,Xiaomi 14 Smartphone 12GB RAM+512GB ROM/ Snapdragon® 8/ AMOLED 1.5K / Lente óptico profesional Leica,5999.0,2799.9,Tu Disti,True,https://www.sodimac.com.pe/sodimac-pe/articulo/155463963/xiaomi-14-smartphone-12gb-ram512gb-rom-snapdragon-8-amoled-1-5k-lente-optico-profesional-leica?exp=so_com
Sodimac,Smartphones,MOTOROLA,Motorola G17 XT2623-1 PE EB 4+256 SS GEN 4GB/256GB Arandano,899.0,569.0,Ix Comercio,True,https://www.sodimac.com.pe/sodimac-pe/articulo/152735879/motorola-g17-xt2623-1-pe-eb-4256-ss-gen-4gb-256gb-arandano?exp=so_com
Sodimac,Smartphones,MOTOROLA,Celular Motorola G17 4+256GB,569.0,569.0,Intx Store,True,https://www.sodimac.com.pe/sodimac-pe/articulo/154924702/motorola-g17-4256gb-rosa?exp=so_com
Sodimac,Smartphones,MOTOROLA,Moto Edge 70 Pro 12GB512GB Blanco,2899.0,1949.0,Ix Comercio,True,https://www.sodimac.com.pe/sodimac-pe/articulo/155426579/moto-edge-70-pro-12gb512gb-blanco?exp=so_com
Sodimac,Smartphones,SAMSUNG,Celular Galaxy A16 128gb Negro,899.0,489.0,Millennials,True,https://www.sodimac.com.pe/sodimac-pe/articulo/148228021/Celular-Galaxy-A16-128gb-Negro?exp=so_com
Sodimac,Smartphones,HONOR,HONOR X7c 8GB+256GB - Forest Green,999.0,999.0,Sany Distribuidor Autorizado,True,https://www.sodimac.com.pe/sodimac-pe/articulo/139967880/honor-x7c-8gb256gb-forest-green?exp=so_com
Sodimac,Smartphones,MOTOROLA,Moto Razr 60 Ultra 16GB+1TB Café,5999.0,3769.0,Ix Comercio,True,https://www.sodimac.com.pe/sodimac-pe/articulo/144620365/Moto-Razr-60-Ultra-16GB+1TB-Cafe?exp=so_com
Sodimac,Smartphones,XIAOMI,XIOAMI NOTE 14 128GB 6GBRAM LIBRE NUEVO - NEGRO,799.0,799.0,Phone Pro,True,https://www.sodimac.com.pe/sodimac-pe/articulo/121247556/xioami-note-14-128gb-6gbram-libre-nuevo-negro?exp=so_com
Sodimac,Smartphones,MOTOROLA,Moto G Max 8GB/256GB Gris,1599.0,1179.0,Ix Comercio,True,https://www.sodimac.com.pe/sodimac-pe/articulo/155427148/moto-g-max-8gb-256gb-gris?exp=so_com
Sodimac,Smartphones,XIAOMI,XIAOMI  REDMI NOTE 15 PRO  8GBROM 256 GB LIBRE -TITANIUM COLOR,1899.0,1899.0,Newphone,True,https://www.sodimac.com.pe/sodimac-pe/articulo/120384483/XIAOMI-REDMI-NOTE-14-PRO-PLUS-5G-12GBROM-512GB-LIBRE-NUEVO-AZUL?exp=so_com
Sodimac,Smartphones,APPLE,IPhone 13 128GB Medianoche Reacondicionado Grado A,3000.0,1803.9,Kpdm,True,https://www.sodimac.com.pe/sodimac-pe/articulo/155185456/iphone-13-128gb-medianoche-reacondicionado-grado-a?exp=so_com
Sodimac,Smartphones,APPLE,IPHONE 17 256GB ESIM- LAVANDA + CARGADOR + CASE,4799.0,3399.0,Miami Import,True,https://www.sodimac.com.pe/sodimac-pe/articulo/150543340/iphone-17-256gb-esim-lavanda-cargador-case?exp=so_com
Sodimac,Smartphones,APPLE,Apple iPhone 17 Pro Max 256GB (eSIM) - Silver + Regalo,6799.0,4769.0,Bako,True,https://www.sodimac.com.pe/sodimac-pe/articulo/141382365/Apple-iPhone-17-Pro-Max-256GB-(eSIM)-Silver?exp=so_com
Sodimac,Smartphones,APPLE,Apple iPhone 17 Pro Max 256GB (eSIM) - Deep Blue + Regalo,6099.0,4769.0,Bako,True,https://www.sodimac.com.pe/sodimac-pe/articulo/141186152/Apple-iPhone-17-Pro-Max-256GB-(eSIM)-Deep-Blue-+-Regalo?exp=so_com
Sodimac,Smartphones,APPLE,Apple iPhone 17 Pro Max Apple Intelligence 1TB (eSIM) - Cosmic Orange + Combo Regalo,8999.0,8999.0,Oh Shop,True,https://www.sodimac.com.pe/sodimac-pe/articulo/147342391/Apple-iPhone-17-Pro-Max-Apple-Intelligence-1TB-(eSIM)-Cosmic-Orange-+-Combo-Regalo?exp=so_com
Sodimac,Smartphones,APPLE,Nuevo iPhone 17 (eSIM) 256GB 2026,4499.0,3299.0,Io Store,True,https://www.sodimac.com.pe/sodimac-pe/articulo/151502514/iphone-17-chip-esim?exp=so_com
Sodimac,Smartphones,XIAOMI,XIAOMI REDMI NOTE 15 PRO 8GB 256GB - NUEVO AZUL,1999.0,1999.0,Newphone,True,https://www.sodimac.com.pe/sodimac-pe/articulo/118527259/xiaomi-redmi-note-14-pro-plus-5g-8gb-256gb-purpura?exp=so_com
Sodimac,Smartphones,APPLE,IPhone 14 Pro Max 256GB Negro Espacial eSIM Reacondicionado Grado A,5500.0,3133.9,Kpdm,True,https://www.sodimac.com.pe/sodimac-pe/articulo/151362190/iphone-14-pro-max-256gb-negro-espacial-esim-reacondicionado-grado-a?exp=so_com
Sodimac,Smartphones,HONOR,Celular Honor  X5C Plus 4gb + 256gb,795.0,795.0,Millennials,True,https://www.sodimac.com.pe/sodimac-pe/articulo/151754029/celular-honor-x5c-plus-4gb-256gb?exp=so_com
Sodimac,Smartphones,MOTOROLA,Moto Edge 60 Fusion 8+256GB Azul,1499.0,1499.0,Ix Comercio,True,https://www.sodimac.com.pe/sodimac-pe/articulo/144620375/Moto-Edge-60-Fusion-8+256GB-Azul?exp=so_com
Sodimac,Smartphones,XIAOMI,XIAOMI 17T PRO 5G 12GBRAM  512GBROM  NUEVO REGISTRADO - NEGRO,3139.0,3139.0,Newphone,True,https://www.sodimac.com.pe/sodimac-pe/articulo/147197778/xiaomi-15t-5g-12gbram-512gbrom-nuevo-libre-gris?exp=so_com
Sodimac,Smartphones,HONOR,HONOR Magic 7 Lite 5G 8GB -256GB  NUEVO VERDE ESMERALDA,1599.0,1599.0,Phone Pro,True,https://www.sodimac.com.pe/sodimac-pe/articulo/121284842/HONOR-Magic-7-Lite-5G-8GB-256GB-NUEVO-VERDE-ESMERALDA?exp=so_com
Sodimac,Smartphones,APPLE,Apple iPhone 17 Pro Apple Intelligence 512GB (eSIM) - Deep Blue + Combo de Regalo,8999.0,8999.0,Bako,True,https://www.sodimac.com.pe/sodimac-pe/articulo/147448562/Apple-iPhone-17-Pro-Apple-Intelligence-512GB-(eSIM)-Deep-Blue-+-Combo-de-Regalo?exp=so_com
Sodimac,Smartphones,HONOR,CELULAR HONOR PLAY 10 4RAM 128GB MORADO,799.0,799.0,Rrj Electronics Sac,True,https://www.sodimac.com.pe/sodimac-pe/articulo/153500029/celular-honor-play-10-3ram-128gb-morado?exp=so_com
Sodimac,Smartphones,HONOR,HONOR X5C PLUS 256GB 4GB OCEAN CYAN,520.0,520.0,Servicomp Solution,True,https://www.sodimac.com.pe/sodimac-pe/articulo/153037562/honor-x5c-plus-256gb-4gb-ocean-cyan?exp=so_com
Sodimac,Smartphones,XIAOMI,Xiaomi 17 Negro 12 GB + 512 GB,3999.0,3699.0,Xiaomi Tienda Oficial,True,https://www.sodimac.com.pe/sodimac-pe/articulo/152980525/xiaomi-17-negro-12-gb-512-gb?exp=so_com
Sodimac,Smartphones,SAMSUNG,GALAXY S26 ULTRA 256GB -12GB RAM - WHITE + CASE + MICA + CARGADOR DE 45W,6299.0,3639.0,Miami Import,True,https://www.sodimac.com.pe/sodimac-pe/articulo/154508365/galaxy-s26-ultra-256gb-12gb-ram-white-case-mica-cargador-de-45w?exp=so_com
Sodimac,Smartphones,REDMI,Redmi Note 14 - Negro - 256 GB Almacenamiento - 8 GB RAM,1999.0,1999.0,Oh Shop,True,https://www.sodimac.com.pe/sodimac-pe/articulo/140007718/Redmi-Note-14-Negro-256-GB-Almacenamiento-8-GB-RAM?exp=so_com
Sodimac,Smartphones,APPLE,IPhone 15 Pro 128GB Titanio Azul eSIM Reacondicionado Grado A,6000.0,3038.9,Kpdm,True,https://www.sodimac.com.pe/sodimac-pe/articulo/152458342/iphone-15-pro-128gb-titanio-azul-esim-reacondicionado-grado-a?exp=so_com
Sodimac,Smartphones,XIAOMI,POCO C81 Pro Negro 4GB + 128GB,549.0,399.0,Xiaomi Tienda Oficial,True,https://www.sodimac.com.pe/sodimac-pe/articulo/154363861/poco-c81-pro-negro-4gb-128gb?exp=so_com
Sodimac,Smartphones,XIAOMI,POCO C81 Pro Negro 4GB + 64GB,499.0,379.0,Xiaomi Tienda Oficial,True,https://www.sodimac.com.pe/sodimac-pe/articulo/154363831/poco-c81-pro-negro-4gb-64gb?exp=so_com
Sodimac,Smartphones,SAMSUNG,SAMSUNG A14 4G  6GBRAM 128GB LIBRE NUEVO  NEGRO,1099.0,1099.0,Global Cel,True,https://www.sodimac.com.pe/sodimac-pe/articulo/120418890/SAMSUNG-A14-4G-6GBRAM-128GB-LIBRE-NUEVO-NEGRO?exp=so_com
Sodimac,Smartphones,XIAOMI,Xiaomi Redmi 15C 4GB RAM 256GB ROM Pantalla 674” HD+ Smartphone,799.0,799.0,Que Tal Compra Del Peru,True,https://www.sodimac.com.pe/sodimac-pe/articulo/155448297/xiaomi-redmi-15c-4gb-ram-256gb-rom-pantalla-674-hd-smartphone?exp=so_com
Sodimac,Smartphones,XIAOMI,Xiaomi 14T Pro 5G 12GB+512GB Negro,3299.0,3299.0,Ix Comercio,True,https://www.sodimac.com.pe/sodimac-pe/articulo/138142114/Xiaomi-14T-Pro-5G-12GB+512GB-Negro?exp=so_com
Sodimac,Smartphones,APPLE,Iphone 15 Pro 128GB Chip Físico - Natural Titanium (Reacondicionado),3999.0,2943.9,Comercio Tech Usa,True,https://www.sodimac.com.pe/sodimac-pe/articulo/156898113/iphone-15-pro-128gb-chip-fisico-natural-titanium-reacondicionado?exp=so_com
Sodimac,Tablets,XIAOMI,Tablet Xiaomi Pad 7 Gris 8GB + 256GB,1699.0,1399.0,Xiaomi Tienda Oficial,True,https://www.sodimac.com.pe/sodimac-pe/articulo/152431842/tablet-xiaomi-pad-7-gris-8gb-256gb?exp=so_com
Sodimac,Tablets,APPLE,Nuevo iPad Air 11''  Chip M4 Wifi 128GB - Starligth (2026) + Pencil Pro + Regalo,4099.0,3399.0,Oh Shop,True,https://www.sodimac.com.pe/sodimac-pe/articulo/142627278/Nuevo-iPad-Air-11''-Chip-M3-Wifi-128GB-Starligth(2025)-+-Pencil-Pro-+-Regalo?exp=so_com
Sodimac,Tablets,HONOR,Tablet Honor Pad X9a LTE 11.5” 8GB RAM 128GB + Case,1179.0,1179.0,Que Tal Compra Del Peru,True,https://www.sodimac.com.pe/sodimac-pe/articulo/152211896/tablet-honor-pad-x9a-lte-11-5-8gb-ram-128gb-2-5k-120hz-snapdragon-space-gray-case?exp=so_com
Sodimac,Tablets,APPLE,Nuevo iPad Air 11 Chip M4 Wifi (2026)  128GB - Blue + Regalo,4199.0,2799.0,Oh Shop,True,https://www.sodimac.com.pe/sodimac-pe/articulo/131954337/Nuevo-iPad-Air-11-Chip-M3-Wifi-(2025)-128GB-Blue-+-Regalo?exp=so_com
Sodimac,Tablets,APPLE,Nuevo iPad Pro 11″ M5 256Gb Wi-Fi  (2025) - Space Black,5999.0,4699.0,Oh Shop,True,https://www.sodimac.com.pe/sodimac-pe/articulo/148358581/nuevo-ipad-pro-11-m5-256gb-wi-fi-2025-space-black?exp=so_com
Sodimac,Tablets,APPLE,Apple iPad Pro 13″ M5 256Gb Wi-Fi  (2025) - Space Black,6999.0,4899.0,Bako,True,https://www.sodimac.com.pe/sodimac-pe/articulo/148378923/Apple-iPad-Pro-13%E2%80%B3-M5-256Gb-Wi-Fi-(2025)-Space-Black?exp=so_com
Sodimac,Tablets,APPLE,Nuevo iPad Air 11″ Chip M4 Wifi 128GB - Space Gray ( 2026 ) + Regalo,3999.0,2799.0,Oh Shop,True,https://www.sodimac.com.pe/sodimac-pe/articulo/130691429/Nuevo-iPad-Air-11''-Chip-M3-Wifi-(2025)-128GB-Space-Gray-+-Regalo?exp=so_com
Sodimac,Tablets,APPLE,Apple iPad Air 11 Chip M4 Wifi 128GB - Starlight (2026) + Regalo,3999.0,2799.0,Oh Shop,True,https://www.sodimac.com.pe/sodimac-pe/articulo/131975187/Apple-iPad-Air-11-Chip-M3-Wifi-128GB-Starlight-2025-+-Regalo?exp=so_com
Sodimac,Tablets,XIAOMI,"Tablet Xiaomi Redmi Pad 2 - 11""  Pulg. 4GB RAM 128GB - Gris",1299.0,1299.0,Nessoul E.i.r.l.,True,https://www.sodimac.com.pe/sodimac-pe/articulo/151152357/tablet-xiaomi-redmi-pad-2-11-pulg-4gb-ram-128gb-gris?exp=so_com
Sodimac,Tablets,APPLE,Apple iPad Pro 11″ M5 256Gb Wi-Fi  (2025) - Space Black + Pencil Pro,5499.0,5199.0,Bako,True,https://www.sodimac.com.pe/sodimac-pe/articulo/148378174/Apple-iPad-Pro-11%E2%80%B3-M5-256Gb-Wi-Fi-(2025)-Space-Black?exp=so_com
Sodimac,Tablets,XIAOMI,Tablet Xiaomi Pad 8 Pro Gris 8GB + 256GB,2499.0,2499.0,Xiaomi Tienda Oficial,True,https://www.sodimac.com.pe/sodimac-pe/articulo/152980563/xiaomi-pad-8-pro-gris-8gb-256gb?exp=so_com
Sodimac,Tablets,APPLE,"Apple iPad Air 11"" M4 Wi-Fi 256GB  ( 2026 )  - Blue + Regalo + Pencil USB-C",4399.0,3799.0,Bea Balance Y Body,True,https://www.sodimac.com.pe/sodimac-pe/articulo/155208328/apple-ipad-air-11-m4-wi-fi-256gb-2026-blue-regalo-pencil-usb-c?exp=so_com
Sodimac,Tablets,APPLE,Apple iPad Pro 13″ M5 512Gb Wi-Fi - Space Black,7999.0,5899.0,Io Store,True,https://www.sodimac.com.pe/sodimac-pe/articulo/156036172/apple-ipad-pro-13-m5-512gb-wi-fi-space-black?exp=so_com
Sodimac,Tablets,SAMSUNG,Samsung Galaxy Tab S6 Lite Negro 64GB Reacondicionado,999.0,999.0,Reuse Peru,True,https://www.sodimac.com.pe/sodimac-pe/articulo/156733099/samsung-galaxy-tab-s6-lite-negro-64gb-reacondicionado?exp=so_com
Sodimac,Tablets,APPLE,Apple iPad Air 11 Chip M4 256GB Wi-Fi - Blue + Regalo + Pencil Pro,4499.0,3899.0,Bako,True,https://www.sodimac.com.pe/sodimac-pe/articulo/155221708/apple-ipad-air-11-chip-m4-256gb-wi-fi-blue-regalo-pencil-pro?exp=so_com
Sodimac,Tablets,SAMSUNG,Tablet Samsung Galaxy Tab S10 Lite 6GB 128GB 10.9 - GREY,1499.0,1499.0,Newphone,True,https://www.sodimac.com.pe/sodimac-pe/articulo/150516170/tablet-samsung-galaxy-tab-s10-lite-6gb-128gb-10-9-grey?exp=so_com
Sodimac,Tablets,XIAOMI,REDMI Pad 2 Gris Grafito 4GB + 128GB,949.0,949.0,Xiaomi Tienda Oficial,True,https://www.sodimac.com.pe/sodimac-pe/articulo/151255949/redmi-pad-2-gris-grafito-4gb-128gb?exp=so_com
Sodimac,Tablets,APPLE,Nuevo iPad Pro 13″ M5 256Gb Wi-Fi  (2025) - Space Black,6999.0,4899.0,Oh Shop,True,https://www.sodimac.com.pe/sodimac-pe/articulo/148363786/Nuevo-iPad-Pro-13%E2%80%B3-M5-256Gb-Wi-Fi-(2025)-Space-Black?exp=so_com
Sodimac,Tablets,XIAOMI,REDMI Pad 2 9.7 4G Gris Grafito 4GB+128GB,899.0,569.0,Xiaomi Tienda Oficial,True,https://www.sodimac.com.pe/sodimac-pe/articulo/154526335/redmi-pad-2-9-7-4g-gris-grafito-4gb128gb?exp=so_com
Sodimac,Tablets,XIAOMI,Tablet REDMI Pad 2 Pro Plata 8GB + 256GB,1549.0,1549.0,Xiaomi Tienda Oficial,True,https://www.sodimac.com.pe/sodimac-pe/articulo/154432441/tablet-redmi-pad-2-pro-plata-8gb-256gb?exp=so_com
Sodimac,Tablets,XIAOMI,Redmi Pad 2 Verde Menta 4GB+256GB,1299.0,1299.0,Xiaomi Tienda Oficial,True,https://www.sodimac.com.pe/sodimac-pe/articulo/155403007/redmi-pad-2-verde-menta-4gb256gb?exp=so_com
Sodimac,Tablets,XIAOMI,REDMI Pad 2 9.7 Plata 4GB+128GB,799.0,479.0,Xiaomi Tienda Oficial,True,https://www.sodimac.com.pe/sodimac-pe/articulo/154526255/redmi-pad-2-9-7-plata-4gb128gb?exp=so_com
Sodimac,Tablets,SAMSUNG,Samsung Galaxy Tab S9 FE 256GB 8GB RAM + S Pencil Samsung,2999.0,2999.0,Technogeek,True,https://www.sodimac.com.pe/sodimac-pe/articulo/141674369/Samsung-Galaxy-Tab-S9-FE-256GB-8GB-RAM-+-S-Pencil-Samsung?exp=so_com
Sodimac,Tablets,XIAOMI,Tablet Xiaomi Pad 8 Verde 8GB + 256GB,1899.0,1899.0,Xiaomi Tienda Oficial,True,https://www.sodimac.com.pe/sodimac-pe/articulo/152980569/xiaomi-pad-8-verde-8gb-256gb?exp=so_com
Sodimac,Tablets,XIAOMI,Tablet Xiaomi Pad 8 Gris 8GB + 256GB,1899.0,1899.0,Xiaomi Tienda Oficial,True,https://www.sodimac.com.pe/sodimac-pe/articulo/152980571/tablet-xiaomi-pad-8-gris-8gb-256gb?exp=so_com
Claro,Smartphones,SAMSUNG,Galaxy A17 5G Black + Liberado +  P(0c),909.0,909.0,Tienda Claro,True,https://tienda.claro.com.pe/samsung-galaxy-a17-5g-128gb-black-liberado-p/p
Claro,Smartphones,SAMSUNG,Galaxy A16 Black + Liberado +  P(0c),699.0,699.0,Tienda Claro,True,https://tienda.claro.com.pe/samsung-galaxy-a16-4g-128gb-black-liberado-p/p
Claro,Smartphones,XIAOMI,Redmi Note 15 5G Negro + Headphones + Liberado +  P(0c),1179.0,1179.0,Tienda Claro,True,https://tienda.claro.com.pe/xiaomi-redmi-note-15-256gb-5g-negro-headphones-liberado-p/p
Claro,Smartphones,SAMSUNG,Galaxy S26FE 5G Graphite + Liberado +  P(0c),3499.0,3499.0,Tienda Claro,True,https://tienda.claro.com.pe/samsung-galaxy-s26fe-5g-graphite-liberado-p/p
Claro,Smartphones,HONOR,600 Pro 5G Negro + Liberado +  P(0c),4139.0,4139.0,Tienda Claro,True,https://tienda.claro.com.pe/honor-600-pro-5g-negro-liberado-p/p
Claro,Smartphones,HONOR,600 Pro 5G Dorado Platino + Liberado +  P(0c),4139.0,4139.0,Tienda Claro,True,https://tienda.claro.com.pe/honor-600-pro-5g-dorado-platino-liberado-p/p
Claro,Smartphones,XIAOMI,Redmi A7 Pro Negro + Headphones + Liberado +  P(0c),459.0,459.0,Tienda Claro,True,https://tienda.claro.com.pe/xiaomi-redmi-a7-pro-negro-headphones-liberado-p/p
Claro,Smartphones,XIAOMI,17T 5G Negro + Liberado +  P(0c),3279.0,3279.0,Tienda Claro,True,https://tienda.claro.com.pe/xiaomi-17t-5g-negro-liberado-p/p
Claro,Smartphones,APPLE,iPhone 17e 5G White + Liberado +  P(0c),3999.0,3999.0,Tienda Claro,True,https://tienda.claro.com.pe/apple-256gb-5g-white-liberado-p/p
Claro,Smartphones,HONOR,X7E Plus 5G Dorado Desierto + Earbuds X7L + Liberado +  P(0c),1189.0,1189.0,Tienda Claro,True,https://tienda.claro.com.pe/honor-x7e-plus-5g-dorado-desierto-earbuds-x7l-liberado-p/p
Claro,Smartphones,HONOR,X6D 5G Cian Oceano + Liberado +  P(0c),879.0,879.0,Tienda Claro,True,https://tienda.claro.com.pe/honor-x6d-5g-cian-oceano-liberado-p/p
Claro,Smartphones,HONOR,600 Smart 5G Plata Meteoro + Earbuds X7L + Liberado +  P(0c),1759.0,1759.0,Tienda Claro,True,https://tienda.claro.com.pe/honor-600-smart-5g-plata-meteoro-earbuds-x7l-liberado-p/p
Claro,Smartphones,HONOR,X6D 5G Negro Medianoche + Liberado +  P(0c),879.0,879.0,Tienda Claro,True,https://tienda.claro.com.pe/honor-x6d-5g-negro-medianoche-liberado-p/p
Claro,Smartphones,HONOR,600 Smart 5G Plata Meteroro + Liberado +  P(0c),1759.0,1759.0,Tienda Claro,True,https://tienda.claro.com.pe/honor-600-smart-5g-plata-meteroro-liberado-p/p
Claro,Smartphones,HONOR,600 Smart 5G Morado Niebla + Earbuds X7L + Liberado +  P(0c),1759.0,1759.0,Tienda Claro,True,https://tienda.claro.com.pe/honor-600-smart-5g-morado-niebla-earbuds-x7l-liberado-p/p
Claro,Smartphones,SAMSUNG,Galaxy A57 5G Awesome Navy + Liberado +  P(0c),3139.0,3139.0,Tienda Claro,True,https://tienda.claro.com.pe/samsung-galaxy-a57-5g-awesome-navy-liberado-p/p
Claro,Smartphones,HONOR,X7E Plus 5G Dorado Desierto + Liberado +  P(0c),1189.0,1189.0,Tienda Claro,True,https://tienda.claro.com.pe/honor-x7e-plus-5g-dorado-desierto-liberado-p/p
Claro,Smartphones,HONOR,X7E Plus 5G Plata Meteoro + Liberado +  P(0c),1189.0,1189.0,Tienda Claro,True,https://tienda.claro.com.pe/honor-x7e-plus-5g-plata-meteoro-liberado-p/p
Claro,Smartphones,SAMSUNG,Galaxy A27 5G Black + Liberado +  P(0c),1869.0,1869.0,Tienda Claro,True,https://tienda.claro.com.pe/samsung-galaxy-a27-5g-black-liberado-p/p
Claro,Smartphones,MOTOROLA,Moto G47 5G Gris + Liberado +  P(0c),809.0,809.0,Tienda Claro,True,https://tienda.claro.com.pe/motorola-moto-g47-5g-gris-liberado-p/p
Claro,Smartphones,MOTOROLA,Moto G47 5G Azul + Liberado +  P(0c),809.0,809.0,Tienda Claro,True,https://tienda.claro.com.pe/motorola-moto-g47-5g-azul-liberado-p/p
Claro,Smartphones,MOTOROLA,Moto Edge 70 Pro 5G Azul + Liberado +  P(0c),3839.0,3839.0,Tienda Claro,True,https://tienda.claro.com.pe/motorola-moto-edge-70-pro-5g-azul-liberado-p/p
Claro,Smartphones,MOTOROLA,Moto Razr 70 5G Blanco + Liberado +  P(0c),4339.0,4339.0,Tienda Claro,True,https://tienda.claro.com.pe/motorola-moto-razr-70-5g-blanco-liberado-p/p
Claro,Smartphones,MOTOROLA,Moto Razr 70 5G Gris + Liberado +  P(0c),4339.0,4339.0,Tienda Claro,True,https://tienda.claro.com.pe/motorola-moto-razr-70-5g-gris-liberado-p/p
Claro,Smartphones,HONOR,X5D Negro Medianoche + Weird Earb + Liberado +  P(0c),619.0,619.0,Tienda Claro,True,https://tienda.claro.com.pe/honor-x5d-256gb-negro-medianoche-weird-earb-liberado-p/p
Claro,Smartphones,XIAOMI,17 Ultra 512GB 5G Negro + Liberado +  P(0c),6539.0,6539.0,Tienda Claro,True,https://tienda.claro.com.pe/xiaomi-17-ultra-512gb-5g-negro-liberado-p/p
Claro,Smartphones,XIAOMI,17T Pro 5G Violeta + Liberado +  P(0c),4159.0,4159.0,Tienda Claro,True,https://tienda.claro.com.pe/xiaomi-17t-pro-512gb-5g-violeta-liberado-p/p
Claro,Smartphones,XIAOMI,17T Pro 5G Negro + Watch + Liberado +  P(0c),4159.0,4159.0,Tienda Claro,True,https://tienda.claro.com.pe/xiaomi-17t-pro-512gb-5g-negro-watch-liberado-p/p
Claro,Smartphones,XIAOMI,17T 512GB 5G Negro + Liberado +  P(0c),3329.0,3329.0,Tienda Claro,True,https://tienda.claro.com.pe/xiaomi-17t-512gb-5g-negro-liberado-p/p
Claro,Smartphones,XIAOMI,17T 5G Negro + Watch + Liberado +  P(0c),3279.0,3279.0,Tienda Claro,True,https://tienda.claro.com.pe/xiaomi-17t-512gb-5g-negro-watch-liberado-p/p
Claro,Smartphones,HONOR,600 Pro 512GB 5G Negro + Watch 2I + Liberado +  P(0c),4139.0,4139.0,Tienda Claro,True,https://tienda.claro.com.pe/honor-600-pro-512gb-5g-negro-watch-2i-liberado-p/p
Claro,Smartphones,HONOR,600 5G Negro + Liberado +  P(0c),3139.0,3139.0,Tienda Claro,True,https://tienda.claro.com.pe/honor-600-512gb-5g-negro-liberado-p/p
Claro,Smartphones,HONOR,600 5G Dorado Platino + Liberado +  P(0c),3139.0,3139.0,Tienda Claro,True,https://tienda.claro.com.pe/honor-600-512gb-5g-dorado-platino-liberado-p/p
Claro,Smartphones,HONOR,600 5G Naranja + Liberado +  P(0c),3139.0,3139.0,Tienda Claro,True,https://tienda.claro.com.pe/honor-600-512gb-5g-naranja-liberado-p/p
Claro,Smartphones,HONOR,600 5G Dorado Platino + Watch 2I + Liberado +  P(0c),3139.0,3139.0,Tienda Claro,True,https://tienda.claro.com.pe/honor-600-512gb-5g-dorado-platino-watch-2i-liberado-p/p
Claro,Smartphones,HONOR,Magic 8 Lite 5G Verde Foresta + Liberado +  P(0c),1889.0,1889.0,Tienda Claro,True,https://tienda.claro.com.pe/honor-magic-8-lite-5g-512gb-verde-foresta-liberado-p/p
Claro,Smartphones,HONOR,600E 512GB 5G Dorado Desierto + Liberado +  P(0c),2149.0,2149.0,Tienda Claro,True,https://tienda.claro.com.pe/honor-600e-512gb-5g-dorado-desierto-liberado-p/p
Claro,Smartphones,APPLE,iPhone 17e 5G Black + Liberado +  P(0c),3999.0,3999.0,Tienda Claro,True,https://tienda.claro.com.pe/apple-iphone-17e-256gb-5g-black-liberado-p/p
Claro,Smartphones,XIAOMI,17 Ultra 512GB 5G Blanco + Liberado +  P(0c),6539.0,6539.0,Tienda Claro,True,https://tienda.claro.com.pe/xiaomi-17-ultra-512gb-5g-blanco-liberado-p/p
Claro,Smartphones,HONOR,X5D Negro Medianoche + Weird Earb + Liberado +  P(0c),479.0,479.0,Tienda Claro,True,https://tienda.claro.com.pe/honor-x5d-128gb-negro-medianoche-liberado-p/p
Claro,Smartphones,XIAOMI,Redmi A7 Pro Negro + Liberado +  P(0c),459.0,459.0,Tienda Claro,True,https://tienda.claro.com.pe/xiaomi-redmi-a7--pro-128gb-negro-liberado-p/p
Claro,Smartphones,SAMSUNG,Galaxy A37 5G Light Violet + Liberado +  P(0c),1679.0,1679.0,Tienda Claro,True,https://tienda.claro.com.pe/samsung-galaxy-a37-5g-256gb-light-violet-liberado-p/p
Claro,Smartphones,MOTOROLA,Moto G67 256GB 5G Gris + Liberado +  P(0c),1349.0,1349.0,Tienda Claro,True,https://tienda.claro.com.pe/motorola-moto-g67-256gb-5g-gris-liberado-p/p
Claro,Smartphones,MOTOROLA,Moto Edge 70 Fusion 5G Celeste + Liberado +  P(0c),1789.0,1789.0,Tienda Claro,True,https://tienda.claro.com.pe/motorola-moto-edge-70-fusion-5g-256gb-celeste-liberado-p/p
Claro,Smartphones,MOTOROLA,Moto Edge 70 Fusion 5G Azul + Liberado +  P(0c),1789.0,1789.0,Tienda Claro,True,https://tienda.claro.com.pe/motorola-moto-edge-70-fusion-5g-256gb-azul-liberado-p/p
Claro,Smartphones,MOTOROLA,Moto G77 5G Café + Liberado +  P(0c),1609.0,1609.0,Tienda Claro,True,https://tienda.claro.com.pe/motorola-moto-g77-5g-256gb-cafe-liberado-p/p
Claro,Smartphones,MOTOROLA,Moto Edge 70 512GB 5G Verde + Liberado +  P(0c),2699.0,2699.0,Tienda Claro,True,https://tienda.claro.com.pe/motorola-moto-edge-70-512gb-5g-verde-liberado-p/p
Claro,Smartphones,MOTOROLA,Moto Edge 70 512GB 5G Gris + Liberado +  P(0c),2699.0,2699.0,Tienda Claro,True,https://tienda.claro.com.pe/motorola-moto-edge-70-512gb-5g-gris-liberado-p/p
Claro,Smartphones,MOTOROLA,Moto G77 5G Esmeralda + Liberado +  P(0c),1609.0,1609.0,Tienda Claro,True,https://tienda.claro.com.pe/motorola-moto-g77-5g-256gb-esmeralda-liberado-p/p
Claro,Smartphones,SAMSUNG,Galaxy A57 5G Dark Blue + Liberado +  P(0c),2269.0,2269.0,Tienda Claro,True,https://tienda.claro.com.pe/samsung-galaxy-a57-5g-256gb-dark-blue-liberado-p/p
Claro,Smartphones,SAMSUNG,Galaxy A37 5G Gray + Liberado +  P(0c),1999.0,1999.0,Tienda Claro,True,https://tienda.claro.com.pe/samsung-galaxy-a37-5g-256gb-gray-liberado-p/p
Claro,Smartphones,MOTOROLA,Moto G17 256GB Rosa + Liberado +  P(0c),779.0,779.0,Tienda Claro,True,https://tienda.claro.com.pe/motorola-moto-g17-256gb-rosa-liberado-p/p
Claro,Smartphones,MOTOROLA,Moto G17 256GB Arándano + Liberado +  P(0c),779.0,779.0,Tienda Claro,True,https://tienda.claro.com.pe/motorola-moto-g17-256gb-arandano-liberado-p/p
Claro,Smartphones,SAMSUNG,Galaxy S26 Ultra 5G Black + Liberado +  P(0c),5959.0,5959.0,Tienda Claro,True,https://tienda.claro.com.pe/samsung-galaxy-s26-ultra-256gb-5g-black-liberado-p/p
Claro,Smartphones,SAMSUNG,Galaxy S26 5G Black + Liberado +  P(0c),3969.0,3969.0,Tienda Claro,True,https://tienda.claro.com.pe/samsung-galaxy-s26-256gb-5g-black-liberado-p/p
Claro,Smartphones,HONOR,Honor Magic 8 Pro 5G Negro + Earbuds + Liberado +  P(0c),6139.0,6139.0,Tienda Claro,True,https://tienda.claro.com.pe/honor-magic-8-pro-512gb-5g-negro-earbuds-liberado-p/p
Claro,Smartphones,XIAOMI,Redmi Note 15 Pro Plus 5G Negro + Buds + Liberado +  P(0c),1969.0,1969.0,Tienda Claro,True,https://tienda.claro.com.pe/xiaomi-redmi-note-15-pro-plus-512gb-5g-negro-buds-liberado-p/p
Claro,Smartphones,XIAOMI,Redmi Note 15 5G Azul + Headphones + Liberado +  P(0c),1179.0,1179.0,Tienda Claro,True,https://tienda.claro.com.pe/xiaomi-redmi-note-15-256gb-5g-azul-headphones-liberado-p/p
Claro,Smartphones,XIAOMI,Redmi Note 15 Pro Plus 5G Moca + Buds + Liberado +  P(0c),1969.0,1969.0,Tienda Claro,True,https://tienda.claro.com.pe/xiaomi-redmi-note-15-pro-plus-512gb-5g-moca-buds-liberado-p/p
Claro,Smartphones,XIAOMI,Redmi Note 15 Pro 5G Titanio + Speaker + Liberado +  P(0c),1669.0,1669.0,Tienda Claro,True,https://tienda.claro.com.pe/xiaomi-redmi-note-15-pro-512gb-5g-titanio-speaker-liberado-p/p
Claro,Smartphones,XIAOMI,Redmi Note 15 Pro 5G Negro + Speaker + Liberado +  P(0c),1669.0,1669.0,Tienda Claro,True,https://tienda.claro.com.pe/xiaomi-redmi-note-15-pro-512gb-5g-negro-speaker-liberado-p/p
Claro,Smartphones,HONOR,Magic 8 Lite 5G Verde Amanecer + Headphones Pro + Liberado +  P(0c),1889.0,1889.0,Tienda Claro,True,https://tienda.claro.com.pe/honor-magic-8-lite-512gb-5g-verde-amanecer-headphones-pro-liberado-p/p
Claro,Smartphones,HONOR,Magic 8 Lite 5G Dorado Amanecer + Headphones Pro + Liberado +  P(0c),1889.0,1889.0,Tienda Claro,True,https://tienda.claro.com.pe/honor-magic-8-lite-512gb-5g-dorado-amanecer-headphones-pro-liberado-p/p
Claro,Smartphones,XIAOMI,Redmi Note 15 Pro 5G Titanio + Liberado +  P(0c),1669.0,1669.0,Tienda Claro,True,https://tienda.claro.com.pe/xiaomi-redmi-note-15-pro-512gb-5g-titanio-liberado-p/p
Claro,Smartphones,XIAOMI,Redmi Note 15 Pro 5G Negro + Liberado +  P(0c),1669.0,1669.0,Tienda Claro,True,https://tienda.claro.com.pe/xiaomi-redmi-note-15-pro-512gb-5g-negro-liberado-p/p
Claro,Smartphones,XIAOMI,Redmi Note 15 Pro Plus 5G Moca + Liberado +  P(0c),1969.0,1969.0,Tienda Claro,True,https://tienda.claro.com.pe/xiaomi-redmi-note-15-pro-plus-512gb-5g-moca-liberado-p/p
Claro,Smartphones,XIAOMI,Redmi Note 15 Pro Plus 5G Negro + Liberado +  P(0c),1969.0,1969.0,Tienda Claro,True,https://tienda.claro.com.pe/xiaomi-redmi-note-15-pro-plus-512gb-5g-negro-liberado-p/p
Claro,Smartphones,XIAOMI,Redmi Note 15 5G Negro + Liberado +  P(0c),1179.0,1179.0,Tienda Claro,True,https://tienda.claro.com.pe/xiaomi-redmi-note-15-256gb-5g-negro-liberado-p/p
Claro,Smartphones,MOTOROLA,Moto G06 256GB Café + Liberado +  P(0c),689.0,689.0,Tienda Claro,True,https://tienda.claro.com.pe/motorola-moto-g06-256gb-cafe-liberado-p/p
Claro,Smartphones,HONOR,Magic 8 Lite 5G Negro + Liberado +  P(0c),1889.0,1889.0,Tienda Claro,True,https://tienda.claro.com.pe/honor-magic-8-lite-512gb-5g-negro-liberado-p/p
Claro,Smartphones,MOTOROLA,Moto G06 128GB Verde + Liberado +  P(0c),479.0,479.0,Tienda Claro,True,https://tienda.claro.com.pe/motorola-moto-g06-128gb-verde-liberado-p/p
Claro,Smartphones,MOTOROLA,Moto G06 128GB Azul + Liberado +  P(0c),479.0,479.0,Tienda Claro,True,https://tienda.claro.com.pe/motorola-moto-g06-128gb-azul-liberado-p/p
Claro,Smartphones,APPLE,iPhone 17 Lavander + Liberado +  P(0c),5329.0,5329.0,Tienda Claro,True,https://tienda.claro.com.pe/apple-iphone-17-256gb-lavander-liberado-p/p
Claro,Smartphones,XIAOMI,Redmi 15C Negro + Liberado +  P(0c),749.0,749.0,Tienda Claro,True,https://tienda.claro.com.pe/xiaomi-redmi-15c-256gb-negro-liberado-p/p
Claro,Smartphones,XIAOMI,Redmi 15C Verde + Liberado +  P(0c),749.0,749.0,Tienda Claro,True,https://tienda.claro.com.pe/xiaomi-redmi-15c-256gb-verde-liberado-p/p
Claro,Smartphones,APPLE,iPhone 17 Black + Liberado +  P(0c),5329.0,5329.0,Tienda Claro,True,https://tienda.claro.com.pe/apple-iphone-17-256gb-black-liberado-p/p
Claro,Smartphones,APPLE,iPhone 17 Pro 256GB Deep Blue + Liberado +  P(0c),7329.0,7329.0,Tienda Claro,True,https://tienda.claro.com.pe/apple-iphone-17-pro-256gb-deep-blue-liberado-p/p
Claro,Smartphones,APPLE,iPhone 17 Pro 256GB Cosmic Orange + Liberado +  P(0c),7329.0,7329.0,Tienda Claro,True,https://tienda.claro.com.pe/apple-iphone-17-pro-256gb-cosmic-orange-liberado-p/p
Claro,Smartphones,APPLE,iPhone 17 Pro 256GB Silver + Liberado +  P(0c),7329.0,7329.0,Tienda Claro,True,https://tienda.claro.com.pe/apple-iphone-17-pro-256gb-silver-liberado-p/p
Claro,Smartphones,APPLE,iPhone 17 White + Liberado +  P(0c),5329.0,5329.0,Tienda Claro,True,https://tienda.claro.com.pe/apple-iphone-17-256gb-white-liberado-p/p
Claro,Smartphones,APPLE,iPhone 17 Pro Max Deep Blue + Liberado +  P(0c),7999.0,7999.0,Tienda Claro,True,https://tienda.claro.com.pe/apple-iphone-17-pro-max-256gb-deep-blue-liberado-p/p
Claro,Smartphones,APPLE,iPhone 17 Pro Max Cosmic Orange + Liberado +  P(0c),7999.0,7999.0,Tienda Claro,True,https://tienda.claro.com.pe/apple-iphone-17-pro-max-256gb-cosmic-orange-liberado-p/p
Claro,Smartphones,APPLE,iPhone 17 Pro Max Silver + Liberado +  P(0c),7999.0,7999.0,Tienda Claro,True,https://tienda.claro.com.pe/apple-iphone-17-pro-max-256gb-silver-liberado-p/p
Claro,Smartphones,SAMSUNG,Galaxy S25FE 5G Jet Black + Liberado +  P(0c),2929.0,2929.0,Tienda Claro,True,https://tienda.claro.com.pe/samsung-galaxy-s25fe-5g-256gb-jet-black-liberado-p/p
Claro,Smartphones,SAMSUNG,Galaxy A07 Black + Liberado +  P(0c),599.0,599.0,Tienda Claro,True,https://tienda.claro.com.pe/samsung-galaxy-a07-black-128gb-liberado-p/p
Claro,Smartphones,XIAOMI,Redmi 15C Negro + Headphones + Liberado +  P(0c),749.0,749.0,Tienda Claro,True,https://tienda.claro.com.pe/xiaomi-redmi-15c-256gb-negro-headphones-liberado-p/p
Claro,Smartphones,SAMSUNG,GALAXY Z FLIP 7 FE 5G 128GB Black + Liberado +  P(0c),2999.0,2999.0,Tienda Claro,True,https://tienda.claro.com.pe/samsung-galaxy-z-flip-7-fe-5g-128gb-black-liberado-p/p
Claro,Smartphones,HONOR,Honor 400 Lite 256GB Negro Nocturno + Liberado +  P(0c),1609.0,1609.0,Tienda Claro,True,https://tienda.claro.com.pe/honor-400-lite-256gb-negro-nocturno-liberado-p/p
Claro,Smartphones,APPLE,iPhone 16e Black + Liberado +  P(0c),3309.0,3309.0,Tienda Claro,True,https://tienda.claro.com.pe/apple-iphone-16e-128gb-black-liberado-p/p
Claro,Smartphones,SAMSUNG,Galaxy S25 Ultra Titanium Black + Liberado +  P(0c),4999.0,4999.0,Tienda Claro,True,https://tienda.claro.com.pe/samsung-galaxy-s25-ultra-256gb-titanium-black-liberado-p/p
Claro,Smartphones,APPLE,iPhone 16 Black + Liberado +  P(0c),4659.0,4659.0,Tienda Claro,True,https://tienda.claro.com.pe/apple-iphone-16-128gb-black-liberado-p/p
Claro,Smartphones,APPLE,iPhone 15 Black + Liberado +  P(0c),3999.0,3999.0,Tienda Claro,True,https://tienda.claro.com.pe/apple-iphone-15-128gb-black--liberado--p/p
Entel,Smartphones,MOTOROLA,Moto G17 256GB 4G,729.0,620.0,Entel,False,https://miportal.entel.pe/personas/producto/equipos/prod1090052
Entel,Smartphones,XIAOMI,17T 512GB 5G + Watch 5 Active,2939.0,2590.0,Entel,False,https://miportal.entel.pe/personas/producto/equipos/prod1090053
Entel,Smartphones,XIAOMI,17T Pro 512GB 5G + Watch 5 Active,3699.0,3300.0,Entel,False,https://miportal.entel.pe/personas/producto/equipos/prod1090054
Entel,Smartphones,MOTOROLA,Moto Signature 1TB 5G + Moto Buds Bass,4699.0,4000.0,Entel,False,https://miportal.entel.pe/personas/producto/equipos/prod1100053
Entel,Smartphones,APPLE,iPhone 17 512GB 5G,5479.0,4419.0,Entel,False,https://miportal.entel.pe/personas/producto/equipos/prod970042
Entel,Smartphones,SAMSUNG,Galaxy S24 Fe 128GB 5G,2069.0,1750.0,Entel,False,https://miportal.entel.pe/personas/producto/equipos/prod810040
Entel,Smartphones,SAMSUNG,Galaxy A56 256GB 5G,1759.0,1460.0,Entel,False,https://miportal.entel.pe/personas/producto/equipos/prod900044
Entel,Smartphones,XIAOMI,Redmi A7 Pro 128GB 4G,559.0,420.0,Entel,False,https://miportal.entel.pe/personas/producto/equipos/prod1090043
Entel,Smartphones,APPLE,iPhone 17 Pro Max 256GB 5G,6299.0,5369.0,Entel,False,https://miportal.entel.pe/personas/producto/equipos/prod970037
Entel,Smartphones,SAMSUNG,Galaxy A56 256GB 5G + Parlante Trek,1759.0,1460.0,Entel,False,https://miportal.entel.pe/personas/producto/equipos/prod1100039
Entel,Smartphones,APPLE,iPhone 16e 128GB 5G,3299.0,2000.0,Entel,False,https://miportal.entel.pe/personas/producto/equipos/prod910037
Entel,Smartphones,HONOR,600 Smart 256GB 5G,1599.0,1430.0,Entel,False,https://miportal.entel.pe/personas/producto/equipos/prod1110049
Entel,Smartphones,APPLE,iPhone 17 Pro 256GB 5G,5799.0,4949.0,Entel,False,https://miportal.entel.pe/personas/producto/equipos/prod970038
Entel,Smartphones,HONOR,600e 512GB 5G + Audífono Over Ear,1999.0,1750.0,Entel,False,https://miportal.entel.pe/personas/producto/equipos/prod1100046
Entel,Smartphones,HONOR,600 Smart 256GB 5G + Earbuds X7 Lite,1599.0,1430.0,Entel,False,https://miportal.entel.pe/personas/producto/equipos/prod1110050
Entel,Smartphones,MOTOROLA,Moto Edge 70 512GB 5G,2109.0,1809.0,Entel,False,https://miportal.entel.pe/personas/producto/equipos/prod1070061
Entel,Smartphones,HONOR,600e 512GB 5G + Choice Watch 2I,1999.0,1750.0,Entel,False,https://miportal.entel.pe/personas/producto/equipos/prod1080044
Entel,Smartphones,SAMSUNG,Galaxy A27 128GB 5G + Parlante Trek,1299.0,1110.0,Entel,False,https://miportal.entel.pe/personas/producto/equipos/prod1110060
Entel,Smartphones,MOTOROLA,Moto Edge 70 Fusion 256GB 5G + Audífono OE,1499.0,1330.0,Entel,False,https://miportal.entel.pe/personas/producto/equipos/prod1110041
Entel,Smartphones,XIAOMI,Redmi 15 256GB 4G,829.0,700.0,Entel,False,https://miportal.entel.pe/personas/producto/equipos/prod950065
Entel,Smartphones,SAMSUNG,Galaxy S26 Ultra 256GB 5G,5999.0,5200.0,Entel,False,https://miportal.entel.pe/personas/producto/equipos/prod1070039
Entel,Smartphones,HONOR,Magic 8 Lite 512GB 5G,1789.0,1550.0,Entel,False,https://miportal.entel.pe/personas/producto/equipos/prod1040038
Entel,Smartphones,MOTOROLA,Moto G06 256GB 4G,589.0,500.0,Entel,False,https://miportal.entel.pe/personas/producto/equipos/prod1070049
Entel,Smartphones,SAMSUNG,Galaxy A27 128GB 5G,1299.0,1110.0,Entel,False,https://miportal.entel.pe/personas/producto/equipos/prod1100047
Entel,Smartphones,MOTOROLA,Moto Edge 70 Fusion 256GB 12 GB 5G,1829.0,1400.0,Entel,False,https://miportal.entel.pe/personas/producto/equipos/prod1110051
Entel,Smartphones,XIAOMI,17 Ultra 512GB 5G + Sound Outdoor 30W,6599.0,5700.0,Entel,False,https://miportal.entel.pe/personas/producto/equipos/prod1070062
Entel,Smartphones,HONOR,600 512GB 5G,2759.0,2310.0,Entel,False,https://miportal.entel.pe/personas/producto/equipos/prod1090041
Entel,Smartphones,XIAOMI,Redmi Note 15 256GB 5G + Parlante Trek,1099.0,980.0,Entel,False,https://miportal.entel.pe/personas/producto/equipos/prod1100044
Entel,Smartphones,HONOR,X8D 256GB 4G,1079.0,899.0,Entel,False,https://miportal.entel.pe/personas/producto/equipos/prod1080042
Entel,Smartphones,MOTOROLA,Moto G67 256GB 5G,1069.0,909.0,Entel,False,https://miportal.entel.pe/personas/producto/equipos/prod1070083
Entel,Smartphones,HONOR,X6d 256GB 5G + Choice Mili Litag,699.0,620.0,Entel,False,https://miportal.entel.pe/personas/producto/equipos/prod1070044
Entel,Smartphones,SAMSUNG,Galaxy S26 256GB 5G,4299.0,3699.0,Entel,False,https://miportal.entel.pe/personas/producto/equipos/prod1070037
Entel,Smartphones,SAMSUNG,Galaxy A27 128GB 5G + Audífono OE,1299.0,1110.0,Entel,False,https://miportal.entel.pe/personas/producto/equipos/prod1110061
Entel,Smartphones,MOTOROLA,Moto Edge 70 Fusion 256GB 5G + Parlante Trek,1499.0,1330.0,Entel,False,https://miportal.entel.pe/personas/producto/equipos/prod1110042
Entel,Smartphones,XIAOMI,Redmi Note 15 Pro 512GB 5G,1579.0,1370.0,Entel,False,https://miportal.entel.pe/personas/producto/equipos/prod1050039
Entel,Smartphones,SAMSUNG,Galaxy A17 128GB 5G,799.0,690.0,Entel,False,https://miportal.entel.pe/personas/producto/equipos/prod960051
Entel,Smartphones,SAMSUNG,Galaxy A57 256GB 5G,2199.0,1899.0,Entel,False,https://miportal.entel.pe/personas/producto/equipos/prod1070053
Entel,Smartphones,APPLE,iPhone 16 128GB 5G,4139.0,3150.0,Entel,False,https://miportal.entel.pe/personas/producto/equipos/prod800037
Entel,Smartphones,APPLE,iPhone 16 Plus 128GB 5G,3299.0,2760.0,Entel,False,https://miportal.entel.pe/personas/producto/equipos/prod790049
Entel,Smartphones,APPLE,iPhone 16 Plus 256GB 5G,4999.0,3900.0,Entel,False,https://miportal.entel.pe/personas/producto/equipos/prod790050
Entel,Smartphones,APPLE,iPhone 16 Pro 128GB 5G,5239.0,2230.0,Entel,False,https://miportal.entel.pe/personas/producto/equipos/prod800039
Entel,Smartphones,APPLE,iPhone 16 Pro Max 256GB 5G,4199.0,3600.0,Entel,False,https://miportal.entel.pe/personas/producto/equipos/prod800042
